hop,username,account_type,community,root
1,4320ab3e1c,grassroot,3.0,752b42cc35
1,f5a86410b5,grassroot,2.0,752b42cc35
1,179ccc45e5,grassroot,2.0,752b42cc35
1,843ce0d8f4,grassroot,2.0,752b42cc35
1,9b4fda52f9,grassroot,9.0,752b42cc35
1,1a0f90ac27,grassroot,7.0,752b42cc35
1,8c8ef2caf8,grassroot,13.0,752b42cc35
1,5556339e01,grassroot,2.0,752b42cc35
1,99a1c4cbc0,grassroot,2.0,752b42cc35
1,19586f3712,grassroot,16.0,752b42cc35
1,c31882c304,grassroot,58.0,752b42cc35
1,2d4e0d9cbb,grassroot,2.0,752b42cc35
1,34705a46ad,grassroot,2.0,752b42cc35
1,e33233e9d1,grassroot,69.0,752b42cc35
1,1696b07101,grassroot,24.0,752b42cc35
1,6e3a8b6f21,grassroot,70.0,752b42cc35
1,e0cc55af58,grassroot,2.0,752b42cc35
1,9e6f4b6332,grassroot,2.0,752b42cc35
1,a95ab4b4aa,grassroot,1.0,752b42cc35
1,db6030b12d,grassroot,2.0,752b42cc35
1,0fe3df5a59,grassroot,6.0,752b42cc35
1,7c87362f20,grassroot,11.0,752b42cc35
1,b9522776f7,grassroot,2.0,752b42cc35
1,9d1f9e7a5f,grassroot,2.0,752b42cc35
1,fa35d830e9,grassroot,2.0,752b42cc35
1,f0613e4b31,grassroot,9.0,752b42cc35
1,44b2316d0a,grassroot,6.0,752b42cc35
1,028b638216,grassroot,2.0,752b42cc35
1,2ee2d05d6d,grassroot,2.0,752b42cc35
1,6668c1954d,grassroot,2.0,752b42cc35
1,ae5df75ceb,grassroot,2.0,752b42cc35
1,686a42fb52,grassroot,2.0,752b42cc35
1,dd97865917,grassroot,2.0,752b42cc35
1,c5f60233c4,grassroot,69.0,752b42cc35
1,374a76acd4,grassroot,2.0,752b42cc35
1,b72a6e8c64,grassroot,104.0,752b42cc35
1,d31ffb4953,grassroot,2.0,752b42cc35
1,92dff56857,grassroot,2.0,752b42cc35
1,344d511033,grassroot,7.0,752b42cc35
1,37830871d4,grassroot,9.0,752b42cc35
1,a6ed448af7,grassroot,2.0,752b42cc35
1,9d3d570dad,grassroot,2.0,752b42cc35
1,f1ae356f9f,grassroot,69.0,752b42cc35
1,05985abe31,grassroot,1.0,752b42cc35
1,534194e490,grassroot,2.0,752b42cc35
1,1969d3e42d,grassroot,2.0,752b42cc35
1,c014dd4912,grassroot,43.0,752b42cc35
1,4b884ce9c5,grassroot,2.0,752b42cc35
1,f0a4d87584,grassroot,11.0,752b42cc35
1,f8e0e119e2,grassroot,2.0,752b42cc35
1,fca6722ba8,grassroot,70.0,752b42cc35
1,c5e3f867b5,grassroot,2.0,752b42cc35
1,380e8d89d1,grassroot,2.0,752b42cc35
1,26eb46e0dd,grassroot,2.0,752b42cc35
1,46fa83bb96,grassroot,2.0,752b42cc35
1,b702365a70,grassroot,11.0,752b42cc35
1,922cd41e95,grassroot,2.0,752b42cc35
1,8af063bed3,grassroot,2.0,752b42cc35
1,a4a1bc28e5,grassroot,2.0,752b42cc35
1,9b597ad838,grassroot,12.0,752b42cc35
1,a28738ee2d,grassroot,2.0,752b42cc35
1,7624b38bad,grassroot,70.0,752b42cc35
1,039656a4d0,grassroot,2.0,752b42cc35
1,3fed9ceea0,grassroot,9.0,752b42cc35
1,d280ea0540,grassroot,577.0,752b42cc35
1,30077f77de,grassroot,2.0,752b42cc35
1,4d3978ff37,grassroot,10.0,752b42cc35
1,e0dfd8c449,grassroot,2.0,752b42cc35
1,32e4a15b00,grassroot,2.0,752b42cc35
1,8639eb03d1,grassroot,2.0,752b42cc35
1,38df9a1e91,grassroot,2.0,752b42cc35
1,2fbfd1057a,grassroot,2.0,752b42cc35
1,98e313c3d2,grassroot,35.0,752b42cc35
1,75c9e97b3d,grassroot,35.0,752b42cc35
1,6e7b17bf6f,grassroot,2.0,752b42cc35
1,3ef6eb8069,grassroot,2.0,752b42cc35
1,d7b68e734a,grassroot,70.0,752b42cc35
1,6115bbe8b3,grassroot,10.0,752b42cc35
1,722b4be29b,grassroot,2.0,752b42cc35
1,1c61c5f6d2,grassroot,2.0,752b42cc35
1,99917b3ad2,grassroot,2.0,752b42cc35
1,8fd195c7be,grassroot,2.0,752b42cc35
1,8efd659194,grassroot,2.0,752b42cc35
1,cf8831b565,grassroot,1.0,752b42cc35
1,2fc96ad357,grassroot,58.0,752b42cc35
1,109f2a9c51,grassroot,42.0,752b42cc35
1,1f7f6c48a7,grassroot,11.0,752b42cc35
1,ff291d4f9b,grassroot,2.0,752b42cc35
1,85c042e7e8,grassroot,2.0,752b42cc35
1,a550bf3de2,grassroot,2.0,752b42cc35
1,57af5af0ec,grassroot,43.0,752b42cc35
1,7bbfcd8153,grassroot,2.0,752b42cc35
1,1496972379,grassroot,10.0,752b42cc35
1,e5dfd5f8f3,grassroot,49.0,752b42cc35
1,907312b4b1,grassroot,2.0,752b42cc35
1,7db323988a,grassroot,2.0,752b42cc35
1,913f831f47,grassroot,2.0,752b42cc35
1,806d9a14ba,grassroot,43.0,752b42cc35
1,da8725afe1,grassroot,2.0,752b42cc35
1,005400a8a8,grassroot,2.0,752b42cc35
1,1583f7bb08,grassroot,2.0,752b42cc35
1,3b0945860e,grassroot,2.0,752b42cc35
1,3f3a7513ac,grassroot,12.0,752b42cc35
1,1e622b3689,grassroot,2.0,752b42cc35
1,de29752baa,grassroot,70.0,752b42cc35
1,758696aa92,grassroot,43.0,752b42cc35
1,c39c0b4dda,grassroot,2.0,752b42cc35
1,dfb248b780,grassroot,2.0,752b42cc35
1,6270d6c950,grassroot,2.0,752b42cc35
1,2087a5c4e3,grassroot,2.0,752b42cc35
1,50f5142ef2,grassroot,10.0,752b42cc35
1,17afe02b03,grassroot,2.0,752b42cc35
1,c4d3bfc928,grassroot,2.0,752b42cc35
1,90e0c75aea,grassroot,2.0,752b42cc35
1,681e0554a5,grassroot,7.0,752b42cc35
1,6db00af751,grassroot,2.0,752b42cc35
1,312792f986,grassroot,11.0,752b42cc35
1,5d7243214e,grassroot,2.0,752b42cc35
1,8e290f6e3b,grassroot,2.0,752b42cc35
1,9c5d2a9d20,grassroot,12.0,752b42cc35
1,61429a6f22,grassroot,2.0,752b42cc35
1,e2349ee7b6,grassroot,11.0,752b42cc35
1,7d3f99c3eb,grassroot,3.0,752b42cc35
1,b4e0d2c0fc,grassroot,2.0,752b42cc35
1,952440be4e,grassroot,2.0,752b42cc35
1,68e8301185,grassroot,2.0,752b42cc35
1,ccb956dfb1,grassroot,2.0,752b42cc35
1,f5804847cd,grassroot,12.0,752b42cc35
1,0518e9e59d,grassroot,89.0,752b42cc35
1,d500454e60,grassroot,16.0,752b42cc35
1,bf51d5cd21,grassroot,2.0,752b42cc35
1,5dd92f329e,grassroot,24.0,752b42cc35
1,a0b8e59397,grassroot,2.0,752b42cc35
1,d22c19d20b,grassroot,2.0,752b42cc35
1,37f4a1c82e,grassroot,70.0,752b42cc35
1,85ecb1aba3,grassroot,3.0,752b42cc35
1,e45994bacf,grassroot,2.0,752b42cc35
1,55f5d44c4e,grassroot,2.0,752b42cc35
1,b0b3e7a863,grassroot,2.0,752b42cc35
1,d93509da5f,grassroot,2.0,752b42cc35
1,96ee756884,grassroot,2.0,752b42cc35
1,dd09fa3045,grassroot,2.0,752b42cc35
1,977b813bf9,grassroot,2.0,752b42cc35
1,795103f6d6,grassroot,6.0,752b42cc35
1,6be348a2ce,grassroot,24.0,752b42cc35
1,8fb9c1ba33,grassroot,42.0,752b42cc35
1,7f1430f4a9,grassroot,24.0,752b42cc35
1,fa46f43d38,grassroot,2.0,752b42cc35
1,1a582db865,grassroot,74.0,752b42cc35
1,c2c77f4ebd,grassroot,2.0,752b42cc35
1,d1030416b4,grassroot,10.0,752b42cc35
1,23688f0971,grassroot,69.0,752b42cc35
1,7bb17e31ec,grassroot,42.0,752b42cc35
1,e0e5b693bf,grassroot,2.0,752b42cc35
1,b7e8f2ccd6,grassroot,2.0,752b42cc35
1,99943833e1,grassroot,3.0,752b42cc35
1,dce5053182,grassroot,11.0,752b42cc35
1,25b068560c,grassroot,2.0,752b42cc35
1,87cb767844,grassroot,2.0,752b42cc35
1,dad195f51d,elite/political,152.0,752b42cc35
1,f681c0972a,grassroot,2.0,752b42cc35
1,78a5d7fbc8,grassroot,2.0,752b42cc35
1,7cc0c445a9,grassroot,24.0,752b42cc35
1,735b5ce52f,grassroot,2.0,752b42cc35
1,3b1fff1bb6,grassroot,2.0,752b42cc35
1,9550bae5a8,grassroot,2.0,752b42cc35
1,157e35b8e3,grassroot,42.0,752b42cc35
1,13af8290c0,grassroot,35.0,752b42cc35
1,2700ca42b2,grassroot,2.0,752b42cc35
1,62b12de4a2,grassroot,74.0,752b42cc35
1,043143ea9f,grassroot,2.0,752b42cc35
1,e37e394a45,grassroot,2.0,752b42cc35
1,84a0adca1e,grassroot,2.0,752b42cc35
1,bc8f7f4673,grassroot,2.0,752b42cc35
1,e2e0c12638,grassroot,2.0,752b42cc35
1,03710d2328,grassroot,2.0,752b42cc35
1,e1fc19890a,grassroot,2.0,752b42cc35
1,539e2884a4,grassroot,2.0,752b42cc35
1,cbc7788407,grassroot,3.0,752b42cc35
1,c2d8f68929,grassroot,70.0,752b42cc35
1,139284a52e,grassroot,51.0,752b42cc35
1,ca233ff170,grassroot,51.0,752b42cc35
1,bd203b2921,grassroot,3.0,752b42cc35
1,bda020849c,grassroot,2.0,752b42cc35
1,bfb6841749,grassroot,2.0,752b42cc35
1,f7bd6e8fa8,grassroot,9.0,752b42cc35
1,ebcaca1b31,grassroot,69.0,752b42cc35
1,11eff6b6e9,grassroot,2.0,752b42cc35
1,ff78204d3f,grassroot,2.0,752b42cc35
1,38fa9971bc,grassroot,2.0,752b42cc35
1,c214e56623,grassroot,2.0,752b42cc35
1,7a2ff70e85,grassroot,2.0,752b42cc35
1,a1fba94742,grassroot,2.0,752b42cc35
1,d48b5d78ab,grassroot,2.0,752b42cc35
1,57b2e88423,grassroot,2.0,752b42cc35
1,ea31c2eb07,grassroot,12.0,752b42cc35
1,c7c7ebd780,grassroot,2.0,752b42cc35
1,2b334c668a,grassroot,10.0,752b42cc35
1,23139c750c,grassroot,2.0,752b42cc35
1,ca8fe90a58,grassroot,2.0,752b42cc35
1,f1c16965ce,grassroot,9.0,752b42cc35
1,07f988a63e,grassroot,69.0,752b42cc35
1,e748fe9216,grassroot,14.0,752b42cc35
1,2b9a028101,grassroot,7.0,752b42cc35
1,74ab6df634,grassroot,2.0,752b42cc35
1,7d8368a288,grassroot,11.0,752b42cc35
1,6ca30dfd26,grassroot,2.0,752b42cc35
1,2a38694d23,grassroot,69.0,752b42cc35
1,2694a26811,grassroot,7.0,752b42cc35
1,a8c4416f94,grassroot,3.0,752b42cc35
1,83cece919b,grassroot,2.0,752b42cc35
1,a32d81442d,grassroot,2.0,752b42cc35
1,bd4791799d,grassroot,42.0,752b42cc35
1,28ff83e661,grassroot,42.0,752b42cc35
1,1fc136a038,grassroot,2.0,752b42cc35
1,1eb2b59aca,grassroot,58.0,752b42cc35
1,43d124b801,grassroot,2.0,752b42cc35
1,a71704afea,grassroot,2.0,752b42cc35
1,fc0a92e348,grassroot,2.0,752b42cc35
1,effd7b1a20,grassroot,2.0,752b42cc35
1,16a6fdc58f,grassroot,2.0,752b42cc35
1,1c96735bbc,grassroot,2.0,752b42cc35
1,fb3260356b,grassroot,2.0,752b42cc35
1,6aecff1bc2,grassroot,2.0,752b42cc35
1,0f882a71f4,grassroot,32.0,752b42cc35
1,f50ffa2f4a,grassroot,4.0,752b42cc35
1,09af0d1ecf,grassroot,2.0,752b42cc35
1,929beae40c,grassroot,9.0,752b42cc35
1,1b1de784c6,grassroot,2.0,752b42cc35
1,b91e4a96dc,grassroot,3.0,752b42cc35
1,1f0c5c1a27,grassroot,9.0,752b42cc35
1,cebc0151cc,grassroot,2.0,752b42cc35
1,ff3b70e2b3,grassroot,69.0,752b42cc35
1,64c676a676,grassroot,2.0,752b42cc35
1,40a2d24ada,grassroot,9.0,752b42cc35
1,555225f75a,grassroot,2.0,752b42cc35
1,7a54842ddd,grassroot,43.0,752b42cc35
1,a8bf87d5d5,grassroot,2.0,752b42cc35
1,24700dfd3a,grassroot,2.0,752b42cc35
1,a508239ac9,grassroot,9.0,752b42cc35
1,a72fcd1968,grassroot,69.0,752b42cc35
1,e34895073a,grassroot,2.0,752b42cc35
1,c3d76c52a3,grassroot,11.0,752b42cc35
1,6bd59f1c02,grassroot,2.0,752b42cc35
1,f987e4544a,grassroot,69.0,752b42cc35
1,9a58cf2943,grassroot,10.0,752b42cc35
1,e0de7f0d08,grassroot,1.0,752b42cc35
1,05341b31ea,grassroot,3.0,752b42cc35
1,9168de469a,grassroot,2.0,752b42cc35
1,61adf5047e,grassroot,2.0,752b42cc35
1,6d4806414e,grassroot,11.0,752b42cc35
1,211be42f86,grassroot,2.0,752b42cc35
1,24058b9d7f,grassroot,2.0,752b42cc35
1,21277fbf83,grassroot,4.0,752b42cc35
1,8f66a6f918,grassroot,2.0,752b42cc35
1,f880709d0f,grassroot,2.0,752b42cc35
1,a26a93a5fc,grassroot,2.0,752b42cc35
1,50e36e7947,grassroot,2.0,752b42cc35
1,2ad2e8e4e8,grassroot,2.0,752b42cc35
1,1f29a6b9ae,grassroot,2.0,752b42cc35
1,50d911206f,grassroot,2.0,752b42cc35
1,b51f5232d1,grassroot,10.0,752b42cc35
1,31e066558a,grassroot,2.0,752b42cc35
1,5082bc7b6e,grassroot,2.0,752b42cc35
1,052e91b5c7,grassroot,12.0,752b42cc35
1,5ed75e2559,grassroot,2.0,752b42cc35
1,638bca08c9,grassroot,69.0,752b42cc35
1,2e315e414d,grassroot,2.0,752b42cc35
1,efc778a0b3,grassroot,2.0,752b42cc35
1,36ac0fc29f,grassroot,3.0,752b42cc35
1,7108b82c8f,elite/political,2.0,752b42cc35
1,b38685b24a,grassroot,2.0,752b42cc35
1,602b58f7fe,grassroot,2.0,752b42cc35
1,9011f679ea,grassroot,2.0,752b42cc35
1,57c603966f,grassroot,2.0,752b42cc35
1,df2aa2e18f,grassroot,2.0,752b42cc35
1,8d775ddaf2,grassroot,2.0,752b42cc35
1,6a6bb92012,grassroot,2.0,752b42cc35
1,288739ee29,grassroot,24.0,752b42cc35
1,0b0860f14f,grassroot,2.0,752b42cc35
1,6af2cc26b5,grassroot,2.0,752b42cc35
1,094553ed4a,grassroot,2.0,752b42cc35
1,2b78bea3a7,grassroot,13.0,752b42cc35
1,145225664d,grassroot,11.0,752b42cc35
1,aee9054887,grassroot,2.0,752b42cc35
1,fc8fa39f0b,media/news,7.0,752b42cc35
1,960c53619b,grassroot,2.0,752b42cc35
1,fb3eaf5b66,grassroot,2.0,752b42cc35
1,3ad9a0d76d,grassroot,2.0,752b42cc35
1,d1839ad552,grassroot,2.0,752b42cc35
1,17edf03bc0,grassroot,2.0,752b42cc35
1,4d41381f92,grassroot,2.0,752b42cc35
1,96a9e7d969,grassroot,13.0,752b42cc35
1,e10d0be617,grassroot,2.0,752b42cc35
1,10a455d693,grassroot,1.0,752b42cc35
1,b366831baa,grassroot,2.0,752b42cc35
1,570a9a4510,grassroot,24.0,752b42cc35
1,9454dddf45,grassroot,2.0,752b42cc35
1,acf1dc7d80,grassroot,11.0,752b42cc35
1,3ee5fb3b5f,grassroot,2.0,752b42cc35
1,f030219bbe,grassroot,9.0,752b42cc35
1,f19798d680,grassroot,35.0,752b42cc35
1,a1515cd0ff,grassroot,2.0,752b42cc35
1,34562a4c05,grassroot,2.0,752b42cc35
1,c9a380b7d6,grassroot,9.0,752b42cc35
1,4c136b37f4,grassroot,2.0,752b42cc35
1,37de80177e,grassroot,9.0,752b42cc35
1,be4d9bf576,grassroot,2.0,752b42cc35
1,19afb1854d,grassroot,9.0,752b42cc35
1,a32c0eeebf,grassroot,2.0,752b42cc35
1,dd1c68358e,grassroot,2.0,752b42cc35
1,01db25cd54,grassroot,2.0,752b42cc35
1,a7612dee59,grassroot,2.0,752b42cc35
1,5f138d4876,grassroot,16.0,752b42cc35
1,812258d60f,grassroot,3.0,752b42cc35
1,1af33e2173,grassroot,70.0,752b42cc35
1,597efccd6f,grassroot,11.0,752b42cc35
1,9aa4b8d652,grassroot,2.0,752b42cc35
1,40ddf98fc5,grassroot,2.0,752b42cc35
1,484c536ea3,grassroot,2.0,752b42cc35
1,5be419b985,grassroot,2.0,752b42cc35
1,2ff9497fdf,grassroot,2.0,752b42cc35
1,e293317744,grassroot,10.0,752b42cc35
1,8188bf8261,grassroot,89.0,752b42cc35
1,706d667499,grassroot,2.0,752b42cc35
1,49a79017f9,grassroot,2.0,752b42cc35
1,acf3b530c8,grassroot,6.0,752b42cc35
1,2001f3560a,grassroot,2.0,752b42cc35
1,2a122ae850,grassroot,2.0,752b42cc35
1,50ffc06882,elite/political,86.0,752b42cc35
1,945e82c290,grassroot,2.0,752b42cc35
1,542aff9935,grassroot,2.0,752b42cc35
1,cf015faf9b,grassroot,2.0,752b42cc35
1,d15a6f153e,grassroot,2.0,752b42cc35
1,640136b797,grassroot,2.0,752b42cc35
1,1e4367722f,grassroot,10.0,752b42cc35
1,adfd788bc9,grassroot,2.0,752b42cc35
1,639622daa6,grassroot,10.0,752b42cc35
1,eaf23a0575,grassroot,2.0,752b42cc35
1,f0e5e0628c,grassroot,2.0,752b42cc35
1,e458ace39c,elite/political,2.0,752b42cc35
1,ed644180a0,grassroot,2.0,752b42cc35
1,32af1bae8e,grassroot,2.0,752b42cc35
1,ce49801c06,grassroot,2.0,752b42cc35
1,33737efbf6,grassroot,2.0,752b42cc35
1,6c67227e65,grassroot,2.0,752b42cc35
1,ac2078ddef,grassroot,2.0,752b42cc35
1,9cd8117e9d,grassroot,2.0,752b42cc35
1,bebe6e11ea,grassroot,12.0,752b42cc35
1,28192d12d1,grassroot,2.0,752b42cc35
1,86c7ef1c7d,grassroot,2.0,752b42cc35
1,caff98c35f,grassroot,2.0,752b42cc35
1,77b71aa74b,grassroot,2.0,752b42cc35
1,2b87a2384a,grassroot,11.0,752b42cc35
1,aee4ed666b,grassroot,2.0,752b42cc35
1,276affc5c9,grassroot,2.0,752b42cc35
1,b9e5c9e51f,grassroot,2.0,752b42cc35
1,6680cb5ff8,grassroot,2.0,752b42cc35
1,7fd076ab0c,grassroot,2.0,752b42cc35
1,57ee142590,grassroot,2.0,752b42cc35
1,8ca0543667,grassroot,2.0,752b42cc35
1,4409fcb533,grassroot,2.0,752b42cc35
1,06b4ad2086,grassroot,2.0,752b42cc35
1,68dfcc61b2,grassroot,2.0,752b42cc35
1,8689853e1e,grassroot,11.0,752b42cc35
1,c5becdd2ea,grassroot,32.0,752b42cc35
1,4a47e7f45b,grassroot,3.0,752b42cc35
1,872f3e87dd,grassroot,2.0,752b42cc35
1,5f67e73888,grassroot,9.0,752b42cc35
1,5d1f21cf46,grassroot,2.0,752b42cc35
1,52a88987fe,grassroot,10.0,752b42cc35
1,61afe232df,grassroot,2.0,752b42cc35
1,b0f727b11e,grassroot,86.0,752b42cc35
1,8ca0e6a568,grassroot,2.0,752b42cc35
1,346ffc7505,grassroot,3.0,752b42cc35
1,0a7f8c933d,grassroot,13.0,752b42cc35
1,da849268b8,grassroot,2.0,752b42cc35
1,3c6e03e3ca,grassroot,2.0,752b42cc35
1,c7f9772f9e,grassroot,2.0,752b42cc35
1,9d73851563,grassroot,14.0,752b42cc35
1,46e47a8f49,grassroot,2.0,752b42cc35
1,07dfd863cd,grassroot,2.0,752b42cc35
1,cefb6a20fa,grassroot,13.0,752b42cc35
1,c0706092ca,grassroot,2.0,752b42cc35
1,c6cb2be1c2,grassroot,2.0,752b42cc35
1,8a6521fd77,grassroot,4.0,752b42cc35
1,7520e7f1ba,grassroot,10.0,752b42cc35
1,9cee4a2997,grassroot,86.0,752b42cc35
1,fe2f4f41ef,grassroot,2.0,752b42cc35
1,186f3a88aa,grassroot,4.0,752b42cc35
1,3929b39a63,grassroot,16.0,752b42cc35
1,83b90f4e0c,grassroot,51.0,752b42cc35
1,871c00d4cf,grassroot,12.0,752b42cc35
1,c4d5e9a988,grassroot,2.0,752b42cc35
1,3b4fba2f0f,grassroot,11.0,752b42cc35
1,98ef3ea0c0,grassroot,12.0,752b42cc35
1,e9d0084f3c,grassroot,13.0,752b42cc35
1,a3f8471ad8,grassroot,2.0,752b42cc35
1,342f23ea22,grassroot,6.0,752b42cc35
1,dcd67d4b7f,grassroot,43.0,752b42cc35
1,a2a31bc2e3,grassroot,2.0,752b42cc35
1,ea4000d571,grassroot,2.0,752b42cc35
1,b8a74b9e53,grassroot,42.0,752b42cc35
1,23048d03c7,grassroot,2.0,752b42cc35
1,2b6691fccf,grassroot,2.0,752b42cc35
1,3aa2328818,grassroot,2.0,752b42cc35
1,f0a62c34b0,grassroot,2.0,752b42cc35
1,c8353be0a0,grassroot,2.0,752b42cc35
1,c1f06292d1,grassroot,2.0,752b42cc35
1,8abee51e1d,grassroot,2.0,752b42cc35
1,f60258bdec,grassroot,2.0,752b42cc35
1,f14563678c,grassroot,9.0,752b42cc35
1,abb13cf6e6,grassroot,2.0,752b42cc35
1,cdac0b2516,grassroot,2.0,752b42cc35
1,8987a67b37,grassroot,2.0,752b42cc35
1,c79effa24c,grassroot,2.0,752b42cc35
1,297f48e85f,grassroot,2.0,752b42cc35
1,7ac9b6828f,grassroot,2.0,752b42cc35
1,2d61fda68e,grassroot,9.0,752b42cc35
1,6cd794e5fa,grassroot,2.0,752b42cc35
1,b99be91508,grassroot,2.0,752b42cc35
1,2714e08560,grassroot,70.0,752b42cc35
1,2ae1540d67,grassroot,2.0,752b42cc35
1,030fd4cbce,grassroot,2.0,752b42cc35
1,52f7fd1120,grassroot,2.0,752b42cc35
1,561eceaa14,grassroot,2.0,752b42cc35
1,117f1a4ea2,grassroot,2.0,752b42cc35
1,c70f888227,grassroot,4.0,752b42cc35
1,935be783ea,grassroot,2.0,752b42cc35
1,9ea6600f37,grassroot,2.0,752b42cc35
1,8e9cebea15,grassroot,2.0,752b42cc35
1,7d0a251f0c,grassroot,9.0,752b42cc35
1,812ad7a554,grassroot,9.0,752b42cc35
1,e05121c579,grassroot,2.0,752b42cc35
1,ada1088fb9,grassroot,2.0,752b42cc35
1,433edd5961,grassroot,86.0,752b42cc35
1,b5830c6a53,grassroot,2.0,752b42cc35
1,c96c0f89d7,grassroot,2.0,752b42cc35
1,10f4deeaef,grassroot,2.0,752b42cc35
1,fe9a0b20eb,grassroot,2.0,752b42cc35
1,329c82d56e,grassroot,9.0,752b42cc35
1,b6ce474443,grassroot,2.0,752b42cc35
1,106a51faa2,grassroot,54.0,752b42cc35
1,8931fc682e,grassroot,43.0,752b42cc35
1,59e49b3ec9,grassroot,2.0,752b42cc35
1,e272784f27,grassroot,2.0,752b42cc35
1,b0260c55f0,grassroot,6.0,752b42cc35
1,9f07bb4e0c,grassroot,2.0,752b42cc35
1,fad243ef69,grassroot,2.0,752b42cc35
1,408de2e5b9,grassroot,2.0,752b42cc35
1,281c95708a,grassroot,2.0,752b42cc35
1,e2c8152c4f,grassroot,2.0,752b42cc35
1,b44d7e9992,grassroot,4.0,752b42cc35
1,c4ab541f0c,grassroot,2.0,752b42cc35
1,f11359562d,grassroot,2.0,752b42cc35
1,dc2777b72d,grassroot,2.0,752b42cc35
1,4d7db16c15,grassroot,35.0,752b42cc35
1,9229fb9770,grassroot,1.0,752b42cc35
1,49b27e613a,grassroot,2.0,752b42cc35
1,7c1f03d8ef,grassroot,2.0,752b42cc35
1,442d6d40c6,elite/political,2.0,752b42cc35
1,63e6f744c6,grassroot,2.0,752b42cc35
1,a89e50e86f,grassroot,24.0,752b42cc35
1,6c8cdcaac1,grassroot,2.0,752b42cc35
1,21d1de3b5c,grassroot,2.0,752b42cc35
1,565c39e6b5,grassroot,49.0,752b42cc35
1,46e7705d38,grassroot,2.0,752b42cc35
1,41297bcb02,grassroot,4.0,752b42cc35
1,f0023f9eff,grassroot,2.0,752b42cc35
1,6ff73a1c3f,grassroot,9.0,752b42cc35
1,11bb55f629,grassroot,2.0,752b42cc35
1,ab71867e17,grassroot,6.0,752b42cc35
1,92a55d729a,grassroot,2.0,752b42cc35
1,0f190c96b1,grassroot,104.0,752b42cc35
1,fa45489932,grassroot,12.0,752b42cc35
1,2550f0a0f9,grassroot,2.0,752b42cc35
1,d2dcfd3624,grassroot,2.0,752b42cc35
1,9177a51734,grassroot,2.0,752b42cc35
1,b0ad2901f3,grassroot,2.0,752b42cc35
1,2fc6be024e,grassroot,2.0,752b42cc35
1,7815430561,grassroot,2.0,752b42cc35
1,14bec972a2,grassroot,2.0,752b42cc35
1,da02f36e72,grassroot,35.0,752b42cc35
1,c8fad482e6,grassroot,2.0,752b42cc35
1,519cc03725,grassroot,2.0,752b42cc35
1,c0ce4969bd,grassroot,1.0,752b42cc35
1,e51da46bcc,grassroot,2.0,752b42cc35
1,5ae8fb9de5,grassroot,1.0,752b42cc35
1,0049ef08af,grassroot,11.0,752b42cc35
1,28e58e0720,grassroot,3.0,752b42cc35
1,3ee12ab1ea,grassroot,2.0,752b42cc35
1,c4291ddb43,grassroot,2.0,752b42cc35
1,1cd8054bb2,grassroot,43.0,752b42cc35
1,4c17e25d46,grassroot,69.0,752b42cc35
1,36d37b8db0,grassroot,24.0,752b42cc35
1,ce5a7bdacb,grassroot,2.0,752b42cc35
1,094b01155d,grassroot,2.0,752b42cc35
1,2461c25367,grassroot,2.0,752b42cc35
1,8729cf2725,grassroot,2.0,752b42cc35
1,f856b8ffb5,grassroot,42.0,752b42cc35
1,bd4af336f2,grassroot,2.0,752b42cc35
1,95014cbb89,grassroot,4.0,752b42cc35
1,31cdc3aaf3,grassroot,32.0,752b42cc35
1,1d1a65d4f2,grassroot,2.0,752b42cc35
1,e0d22e3618,grassroot,2.0,752b42cc35
1,4034f25eda,grassroot,2.0,752b42cc35
1,3a5ec21ad9,grassroot,7.0,752b42cc35
1,0c51ff6ee2,grassroot,2.0,752b42cc35
1,842fc57dbd,grassroot,54.0,752b42cc35
1,cf958c5309,grassroot,2.0,752b42cc35
1,891724d443,grassroot,2.0,752b42cc35
1,44fc13b4aa,grassroot,2.0,752b42cc35
1,d316e35aa6,grassroot,2.0,752b42cc35
1,bc5fb004e0,grassroot,2.0,752b42cc35
1,9d0cedd670,grassroot,10.0,752b42cc35
1,2e882354bf,grassroot,2.0,752b42cc35
1,aa1aba9b12,grassroot,2.0,752b42cc35
1,8ab507054b,grassroot,70.0,752b42cc35
1,f6578d009e,grassroot,9.0,752b42cc35
1,9e3a85390e,grassroot,709.0,752b42cc35
1,9b3ef27bef,grassroot,2.0,752b42cc35
1,1d88c7ec23,grassroot,7.0,752b42cc35
1,c03f51977a,grassroot,2.0,752b42cc35
1,10c54832c5,grassroot,2.0,752b42cc35
1,3d2bceea21,grassroot,9.0,752b42cc35
1,8d682cf6eb,grassroot,2.0,752b42cc35
1,b25847e295,grassroot,2.0,752b42cc35
1,01b333e423,grassroot,1.0,752b42cc35
1,454596e0fb,grassroot,2.0,752b42cc35
1,5888dc1826,grassroot,2.0,752b42cc35
1,175107cc38,grassroot,2.0,752b42cc35
1,4829e872a4,grassroot,2.0,752b42cc35
1,95bea235ef,grassroot,2.0,752b42cc35
1,9bb2a39f68,grassroot,2.0,752b42cc35
1,95b4f2908b,grassroot,2.0,752b42cc35
1,786f017f3f,grassroot,2.0,752b42cc35
1,e544aa6c12,grassroot,2.0,752b42cc35
1,feb026be1d,grassroot,2.0,752b42cc35
1,3a746d99cd,grassroot,11.0,752b42cc35
1,7270e285a9,grassroot,2.0,752b42cc35
1,42c6405ed0,grassroot,70.0,752b42cc35
1,d474454e38,grassroot,10.0,752b42cc35
1,8dfbaa7739,grassroot,74.0,752b42cc35
1,91b7d36409,grassroot,12.0,752b42cc35
1,3c205dc713,grassroot,2.0,752b42cc35
1,b9d4d4b5e8,grassroot,2.0,752b42cc35
1,8f2ebc212c,grassroot,51.0,752b42cc35
1,60444a142c,grassroot,2.0,752b42cc35
1,fb17de9a07,grassroot,2.0,752b42cc35
1,580dc9685f,grassroot,1.0,752b42cc35
1,d3318700fe,unknown,,752b42cc35
1,13f91006e4,grassroot,5.0,752b42cc35
1,f3c28095c2,grassroot,2.0,752b42cc35
1,e306e1ef39,grassroot,51.0,752b42cc35
1,bece6806cf,grassroot,2.0,752b42cc35
1,a87a8c01c3,grassroot,9.0,752b42cc35
1,ba862d318c,grassroot,2.0,752b42cc35
1,14a0bc2abc,grassroot,13.0,752b42cc35
1,2ab466e232,grassroot,2.0,752b42cc35
1,f51d3cec96,grassroot,2.0,752b42cc35
1,5d7235f4e7,grassroot,51.0,752b42cc35
1,b13e21709e,grassroot,69.0,752b42cc35
1,39fdc94d38,grassroot,43.0,752b42cc35
1,f5e820923b,grassroot,5.0,752b42cc35
1,6145cb05eb,grassroot,2.0,752b42cc35
1,53273e623a,grassroot,2.0,752b42cc35
1,bad0df337d,grassroot,2.0,752b42cc35
1,5ae5537a59,grassroot,9.0,752b42cc35
1,a59dd1e247,grassroot,11.0,752b42cc35
1,70027a300a,grassroot,74.0,752b42cc35
1,8114e7c320,grassroot,9.0,752b42cc35
1,f14705eb11,grassroot,2.0,752b42cc35
1,c8e42935a1,grassroot,2.0,752b42cc35
1,ed45eaa1d9,grassroot,2.0,752b42cc35
1,9d35fbbbb1,grassroot,2.0,752b42cc35
1,a1be120964,grassroot,2.0,752b42cc35
1,5889664d21,grassroot,2.0,752b42cc35
1,430e03a53c,grassroot,2.0,752b42cc35
1,031a2cf959,grassroot,2.0,752b42cc35
1,189367753a,grassroot,2.0,752b42cc35
1,8184ec7732,grassroot,2.0,752b42cc35
1,2f92f6ab8d,grassroot,2.0,752b42cc35
1,478c673a4a,grassroot,11.0,752b42cc35
1,9f3e7eb300,grassroot,9.0,752b42cc35
1,32c17cbee1,grassroot,1.0,752b42cc35
1,ea8e8d6325,grassroot,74.0,752b42cc35
1,b0193c869c,grassroot,2.0,752b42cc35
1,fdd6891922,grassroot,2.0,752b42cc35
1,9049e26e83,grassroot,2.0,752b42cc35
1,3f0dcb840a,elite/political,12.0,752b42cc35
1,6d5c28030b,grassroot,2.0,752b42cc35
1,3d2aca4ff3,grassroot,2.0,752b42cc35
1,b57152349e,grassroot,9.0,752b42cc35
1,541578b2e4,grassroot,2.0,752b42cc35
1,a0c47f3ffc,grassroot,2.0,752b42cc35
1,ae6e4ce287,grassroot,2.0,752b42cc35
1,e60589452d,grassroot,2.0,752b42cc35
1,0dce402fff,grassroot,86.0,752b42cc35
1,ce713ac1e8,grassroot,11.0,752b42cc35
1,98e23d6100,grassroot,11.0,752b42cc35
1,9835fe4234,grassroot,2.0,752b42cc35
1,94f8dce459,grassroot,2.0,752b42cc35
1,b1f63f1b9d,grassroot,2.0,752b42cc35
1,d0d2849548,grassroot,2.0,752b42cc35
1,55ad24975e,grassroot,2.0,752b42cc35
1,f18cead662,grassroot,2.0,752b42cc35
1,3c9e5d2b63,grassroot,11.0,752b42cc35
1,f517a94f62,grassroot,2.0,752b42cc35
1,5029049c59,grassroot,2.0,752b42cc35
1,90b6b5f599,grassroot,4.0,752b42cc35
1,52b4001e9d,grassroot,12.0,752b42cc35
1,3bc144eb7e,grassroot,86.0,752b42cc35
1,4a2e63ed36,grassroot,13.0,752b42cc35
1,67ac11dcf1,grassroot,3.0,752b42cc35
1,4ceeb6d575,grassroot,70.0,752b42cc35
1,8b903ebc34,grassroot,2.0,752b42cc35
1,c1280a934c,grassroot,2.0,752b42cc35
1,88edffef63,grassroot,24.0,752b42cc35
1,c55c1956bf,grassroot,2.0,752b42cc35
1,30e938d9c5,grassroot,2.0,752b42cc35
1,9f9788b5c8,grassroot,2.0,752b42cc35
2,260ef7d1f5,grassroot,24.0,752b42cc35
2,59d8669528,grassroot,11.0,752b42cc35
2,48c584c67e,grassroot,3.0,752b42cc35
2,e3b93a8908,grassroot,7.0,752b42cc35
2,e81adf7dc7,grassroot,11.0,752b42cc35
2,094db28c56,grassroot,7.0,752b42cc35
2,a7c93d30b4,grassroot,2.0,752b42cc35
2,ab04e2a476,grassroot,7.0,752b42cc35
2,cfae51dc75,grassroot,7.0,752b42cc35
2,a093b93b84,grassroot,69.0,752b42cc35
2,f7414ab8d4,grassroot,7.0,752b42cc35
2,ba1cc0b01a,grassroot,9.0,752b42cc35
2,6c378da4cb,grassroot,9.0,752b42cc35
2,5242606977,grassroot,11.0,752b42cc35
2,3b03daf3fc,grassroot,7.0,752b42cc35
2,c71d54a06d,grassroot,69.0,752b42cc35
2,39aa397b85,grassroot,11.0,752b42cc35
2,6463b86e40,grassroot,123.0,752b42cc35
2,9c28fb08e7,grassroot,43.0,752b42cc35
2,2e96128d4f,grassroot,7.0,752b42cc35
2,5affb22b7c,grassroot,1.0,752b42cc35
2,684b50631d,grassroot,7.0,752b42cc35
2,8f632e31bc,grassroot,7.0,752b42cc35
2,ce928037e2,grassroot,7.0,752b42cc35
2,dc5b91e695,grassroot,24.0,752b42cc35
2,a633b68dbc,grassroot,2.0,752b42cc35
2,463b7b2239,grassroot,7.0,752b42cc35
2,e242bfc8c2,grassroot,24.0,752b42cc35
2,41c2502ea6,grassroot,24.0,752b42cc35
2,bfbc9c724f,grassroot,2.0,752b42cc35
2,389fa61c47,grassroot,3.0,752b42cc35
2,e441fce5bd,grassroot,2.0,752b42cc35
2,9d549c9ea0,grassroot,69.0,752b42cc35
2,06e6015fe3,grassroot,2.0,752b42cc35
2,13a00c1759,grassroot,7.0,752b42cc35
2,71d32125fd,grassroot,11.0,752b42cc35
2,1c0e6adbab,grassroot,7.0,752b42cc35
2,3e4aec8bee,grassroot,24.0,752b42cc35
2,fcb4838b72,grassroot,16.0,752b42cc35
2,430fa4cb3c,grassroot,7.0,752b42cc35
2,277d9ce5af,grassroot,11.0,752b42cc35
2,5c39ecbd58,grassroot,7.0,752b42cc35
2,298b74baa6,grassroot,2.0,752b42cc35
2,a1104685b9,grassroot,7.0,752b42cc35
2,ddd03799ff,grassroot,2.0,752b42cc35
2,076e7f4484,grassroot,43.0,752b42cc35
2,21417f6985,grassroot,7.0,752b42cc35
2,5eed603852,grassroot,7.0,752b42cc35
2,6c265e68dc,grassroot,7.0,752b42cc35
2,faeebb8ec8,grassroot,24.0,752b42cc35
2,45111b827c,grassroot,7.0,752b42cc35
2,beebf0baba,grassroot,7.0,752b42cc35
2,a59c63d798,grassroot,7.0,752b42cc35
2,801074e8b9,grassroot,152.0,752b42cc35
2,369099c7f6,grassroot,2.0,752b42cc35
2,2ce36babad,grassroot,7.0,752b42cc35
2,d9e713bedd,grassroot,7.0,752b42cc35
2,bd57f8acfd,grassroot,152.0,752b42cc35
2,b950650caa,grassroot,69.0,752b42cc35
2,44c129df5d,grassroot,69.0,752b42cc35
2,a48ce97719,grassroot,7.0,752b42cc35
2,f08545bd74,grassroot,7.0,752b42cc35
2,cc5b90c2c6,grassroot,7.0,752b42cc35
2,bc55fc0f04,grassroot,43.0,752b42cc35
2,a880241d3f,grassroot,7.0,752b42cc35
2,0aa07be81c,grassroot,69.0,752b42cc35
2,967fcf4d90,grassroot,2.0,752b42cc35
2,cd42ac3afe,grassroot,74.0,752b42cc35
2,aab8bc9387,grassroot,7.0,752b42cc35
2,8d918b0d47,grassroot,69.0,752b42cc35
2,3dbe251c07,grassroot,11.0,752b42cc35
2,c36fc3a2f7,grassroot,7.0,752b42cc35
2,73a619bd5d,grassroot,7.0,752b42cc35
2,ed9e717207,grassroot,7.0,752b42cc35
2,64f20a2833,grassroot,2.0,752b42cc35
2,54ecb75493,grassroot,7.0,752b42cc35
2,fb86c47303,grassroot,24.0,752b42cc35
2,a332c60fc8,grassroot,7.0,752b42cc35
2,ec90bf4259,grassroot,24.0,752b42cc35
2,6853e35100,grassroot,7.0,752b42cc35
2,483a1a2b57,grassroot,69.0,752b42cc35
2,711eb7dda0,grassroot,7.0,752b42cc35
2,55df65ab2e,grassroot,69.0,752b42cc35
2,c9600a1750,grassroot,7.0,752b42cc35
2,3e73d26959,grassroot,7.0,752b42cc35
2,d746e255d4,grassroot,7.0,752b42cc35
2,f8688cfab4,grassroot,7.0,752b42cc35
2,2b2a018152,grassroot,43.0,752b42cc35
2,993ab8fe6d,grassroot,10.0,752b42cc35
2,3920611790,grassroot,7.0,752b42cc35
2,bdac80a8af,grassroot,7.0,752b42cc35
2,74b4552d3a,grassroot,7.0,752b42cc35
2,803137c3bf,grassroot,1.0,752b42cc35
2,b92f8a6006,grassroot,69.0,752b42cc35
2,088640583f,grassroot,7.0,752b42cc35
2,c10de35cb2,grassroot,86.0,752b42cc35
2,f64cec83e5,grassroot,7.0,752b42cc35
2,aad0b6a10a,grassroot,24.0,752b42cc35
2,96f18b6f83,grassroot,7.0,752b42cc35
2,1741ad1c72,grassroot,7.0,752b42cc35
2,b125a41ab2,grassroot,7.0,752b42cc35
2,c7b4ab8f20,grassroot,7.0,752b42cc35
2,24096bddb0,grassroot,3.0,752b42cc35
2,94e0e2c57f,grassroot,7.0,752b42cc35
2,625ecc42f6,grassroot,24.0,752b42cc35
2,834a29917e,grassroot,7.0,752b42cc35
2,f788fc1c58,grassroot,7.0,752b42cc35
2,faefce5fbe,grassroot,7.0,752b42cc35
2,4110098b4f,grassroot,7.0,752b42cc35
2,f367ebc892,grassroot,2.0,752b42cc35
2,eab0fa95c2,grassroot,89.0,752b42cc35
2,6db4c9715d,grassroot,11.0,752b42cc35
2,32cc6bb29a,grassroot,7.0,752b42cc35
2,b1f92d4d23,grassroot,7.0,752b42cc35
2,2f8f064b7e,grassroot,7.0,752b42cc35
2,68c36638a1,grassroot,11.0,752b42cc35
2,8eca01972a,grassroot,11.0,752b42cc35
2,d1c899b430,grassroot,2.0,752b42cc35
2,a1905dd058,grassroot,7.0,752b42cc35
2,9c5ac34930,grassroot,70.0,752b42cc35
2,2d1929747b,grassroot,152.0,752b42cc35
2,de97c6e4da,grassroot,7.0,752b42cc35
2,b82b2ad559,grassroot,11.0,752b42cc35
2,fe36adcf57,grassroot,11.0,752b42cc35
2,dd8e004ad9,grassroot,7.0,752b42cc35
2,39a5575a71,grassroot,51.0,752b42cc35
2,ffed4e5ed3,grassroot,7.0,752b42cc35
2,40b663ab15,grassroot,43.0,752b42cc35
2,f923937d48,grassroot,7.0,752b42cc35
2,092274035f,grassroot,9.0,752b42cc35
2,2caecffab5,grassroot,2.0,752b42cc35
2,7cec2b522e,grassroot,2.0,752b42cc35
2,b0f9f761e7,grassroot,7.0,752b42cc35
2,179a82e813,grassroot,2.0,752b42cc35
2,237533ea0a,grassroot,7.0,752b42cc35
2,f2663cbcef,grassroot,2.0,752b42cc35
2,7b3468fd67,grassroot,43.0,752b42cc35
2,440bbc809d,grassroot,2.0,752b42cc35
2,415dfb0caf,grassroot,7.0,752b42cc35
2,6b9488d19c,grassroot,7.0,752b42cc35
2,61a874f127,grassroot,86.0,752b42cc35
2,991a47ef57,grassroot,2.0,752b42cc35
2,c6be6ac7b9,grassroot,24.0,752b42cc35
2,0141d7eb56,grassroot,7.0,752b42cc35
2,c1f343ac3f,grassroot,7.0,752b42cc35
2,c780eb78a4,grassroot,7.0,752b42cc35
2,bda4f99b19,grassroot,7.0,752b42cc35
2,775540fab4,grassroot,7.0,752b42cc35
2,03a0dc0dba,grassroot,7.0,752b42cc35
2,dc826a3a21,grassroot,7.0,752b42cc35
2,d06466b990,grassroot,58.0,752b42cc35
2,100d926686,grassroot,2.0,752b42cc35
2,bcf4d9fdf4,grassroot,7.0,752b42cc35
2,d834b14d90,grassroot,51.0,752b42cc35
2,c4f820afb2,grassroot,2.0,752b42cc35
2,e41a3a0c1a,grassroot,2.0,752b42cc35
2,f54a38488f,grassroot,7.0,752b42cc35
2,f8d0880a42,grassroot,11.0,752b42cc35
2,30680b22e4,grassroot,11.0,752b42cc35
2,bf1996d11f,grassroot,7.0,752b42cc35
2,8ab50cf09a,grassroot,16.0,752b42cc35
2,997bb61c5e,grassroot,8.0,752b42cc35
2,863a400c6e,grassroot,7.0,752b42cc35
2,bb08e8b412,grassroot,43.0,752b42cc35
2,1f1a294883,grassroot,13.0,752b42cc35
2,b2b5250790,grassroot,3.0,752b42cc35
2,3a3cfba03b,grassroot,11.0,752b42cc35
2,2b50637c75,grassroot,11.0,752b42cc35
2,087ebb778b,grassroot,11.0,752b42cc35
2,35141b885c,grassroot,2.0,752b42cc35
2,f1cf179ace,grassroot,11.0,752b42cc35
2,69faf4c965,grassroot,2.0,752b42cc35
2,1952039978,grassroot,24.0,752b42cc35
2,39731b2551,grassroot,8.0,752b42cc35
2,3711be7896,grassroot,24.0,752b42cc35
2,f231359bc9,grassroot,7.0,752b42cc35
2,2fa7f0ad9a,grassroot,7.0,752b42cc35
2,26b2fd2c17,grassroot,7.0,752b42cc35
2,1604be7d73,grassroot,11.0,752b42cc35
2,4b0463e7ff,grassroot,2.0,752b42cc35
2,a64e447773,grassroot,7.0,752b42cc35
2,761a53694f,grassroot,7.0,752b42cc35
2,920e685f66,grassroot,11.0,752b42cc35
2,1a80f76d64,grassroot,152.0,752b42cc35
2,d8cc510a34,grassroot,69.0,752b42cc35
2,3820f688df,grassroot,7.0,752b42cc35
2,c2b152fe46,grassroot,70.0,752b42cc35
2,059c0572b6,grassroot,74.0,752b42cc35
2,37c622e2ce,grassroot,12.0,752b42cc35
2,f52ecc1a78,grassroot,2.0,752b42cc35
2,65bc0aa864,grassroot,2.0,752b42cc35
2,90a5cfff6f,grassroot,2.0,752b42cc35
2,dc921bae38,grassroot,3.0,752b42cc35
2,de0550d666,grassroot,43.0,752b42cc35
2,c3ae31d2fc,grassroot,7.0,752b42cc35
2,3c4e97b699,grassroot,7.0,752b42cc35
2,882913c9b5,grassroot,14.0,752b42cc35
2,20f467e7f4,grassroot,7.0,752b42cc35
2,09ebd87dd5,grassroot,13.0,752b42cc35
2,f6a90cae61,grassroot,11.0,752b42cc35
2,c8ecafa472,grassroot,11.0,752b42cc35
2,b09e9b1948,grassroot,3.0,752b42cc35
2,1d51e5364c,grassroot,13.0,752b42cc35
2,08c62ce1f4,grassroot,51.0,752b42cc35
2,eb00b5f79e,grassroot,11.0,752b42cc35
2,9b6fd5106f,grassroot,12.0,752b42cc35
2,a58e6fa1e5,grassroot,24.0,752b42cc35
2,42e8131d81,grassroot,2.0,752b42cc35
2,affedfed2f,grassroot,2.0,752b42cc35
2,646a0d9b64,grassroot,49.0,752b42cc35
2,78a918ac2e,grassroot,43.0,752b42cc35
2,28b63b8519,grassroot,7.0,752b42cc35
2,9210854672,grassroot,12.0,752b42cc35
2,ae039f4a4a,grassroot,69.0,752b42cc35
2,aca1e50873,grassroot,7.0,752b42cc35
2,28cde55f55,grassroot,7.0,752b42cc35
2,122ec8ee7b,grassroot,7.0,752b42cc35
2,7b42f2e4e0,grassroot,7.0,752b42cc35
2,e3dbc69d71,grassroot,86.0,752b42cc35
2,78240fec7e,grassroot,2.0,752b42cc35
2,6227df8746,grassroot,7.0,752b42cc35
2,0b51d6069e,grassroot,2.0,752b42cc35
2,ad6e4b83a8,grassroot,5.0,752b42cc35
2,27525d5ee2,grassroot,9.0,752b42cc35
2,ea6fef76b2,grassroot,4.0,752b42cc35
2,2d331a8185,grassroot,14.0,752b42cc35
2,236cbcf6f7,grassroot,7.0,752b42cc35
2,ba70fba8c3,grassroot,35.0,752b42cc35
2,453f1e93a7,grassroot,51.0,752b42cc35
2,ddeff919b4,grassroot,2.0,752b42cc35
2,1adb810e1f,grassroot,11.0,752b42cc35
2,afde946541,grassroot,6.0,752b42cc35
2,bd40df678c,grassroot,8.0,752b42cc35
2,720806d246,grassroot,24.0,752b42cc35
2,cc663d8f04,grassroot,7.0,752b42cc35
2,a943387ef5,grassroot,7.0,752b42cc35
2,0a8910c375,grassroot,43.0,752b42cc35
2,a12f5939a7,grassroot,24.0,752b42cc35
2,6dc285d8ea,grassroot,7.0,752b42cc35
2,11f2f39c04,grassroot,7.0,752b42cc35
2,c642d9d54d,grassroot,24.0,752b42cc35
2,88a0541c9b,grassroot,24.0,752b42cc35
2,d1b49c63ca,grassroot,1.0,752b42cc35
2,ef0ecc1eed,grassroot,7.0,752b42cc35
2,a787169140,grassroot,69.0,752b42cc35
2,10f4fdd4ec,grassroot,2.0,752b42cc35
2,821ef0cb81,grassroot,3.0,752b42cc35
2,de95619003,grassroot,7.0,752b42cc35
2,b7dcf734cc,grassroot,7.0,752b42cc35
2,b5a0990816,grassroot,140.0,752b42cc35
2,53e83824d4,grassroot,152.0,752b42cc35
2,e8d9274fbf,grassroot,7.0,752b42cc35
2,741997c72d,grassroot,2.0,752b42cc35
2,7923a10fd7,grassroot,3.0,752b42cc35
2,a1b3daf1aa,grassroot,7.0,752b42cc35
2,1b0f54b268,grassroot,7.0,752b42cc35
2,62ed96e55d,grassroot,7.0,752b42cc35
2,2ac4b4b347,grassroot,43.0,752b42cc35
2,96f56e8e72,grassroot,11.0,752b42cc35
2,83781a7763,grassroot,8.0,752b42cc35
2,4f8308ee8c,grassroot,24.0,752b42cc35
2,0c007fe2c7,grassroot,11.0,752b42cc35
2,f0305c7be4,grassroot,7.0,752b42cc35
2,5b07c09352,grassroot,49.0,752b42cc35
2,310e7a6a7c,grassroot,24.0,752b42cc35
2,634e1edccc,grassroot,2.0,752b42cc35
2,4a34e4c744,grassroot,7.0,752b42cc35
2,f89fa9ae02,grassroot,7.0,752b42cc35
2,fc3e22fae3,grassroot,11.0,752b42cc35
2,88fe34e738,grassroot,7.0,752b42cc35
2,1c0fe8c4d7,grassroot,85.0,752b42cc35
2,c03f298a11,grassroot,9.0,752b42cc35
2,4f82a5e14a,grassroot,42.0,752b42cc35
2,f4161c5bcd,grassroot,51.0,752b42cc35
2,47e61eb1e5,grassroot,7.0,752b42cc35
2,0286bf1d9d,grassroot,7.0,752b42cc35
2,81bb4eca86,grassroot,7.0,752b42cc35
2,54acd1b858,grassroot,7.0,752b42cc35
2,d9769436ee,grassroot,2.0,752b42cc35
2,a2855e7abb,grassroot,7.0,752b42cc35
2,4c735e7c24,grassroot,69.0,752b42cc35
2,38683dba00,grassroot,7.0,752b42cc35
2,b25bbf34d0,grassroot,7.0,752b42cc35
2,eb45ecd427,grassroot,43.0,752b42cc35
2,e274d91bb2,grassroot,7.0,752b42cc35
2,13c9e2ea6f,grassroot,7.0,752b42cc35
2,1c6d2cb6de,grassroot,7.0,752b42cc35
2,c768e59475,grassroot,11.0,752b42cc35
2,13b72d91c0,grassroot,12.0,752b42cc35
2,08b5b18373,grassroot,7.0,752b42cc35
2,8bb72c4b7a,grassroot,7.0,752b42cc35
2,5e54782c7f,grassroot,7.0,752b42cc35
2,ca41610d15,grassroot,7.0,752b42cc35
2,55f7ba0b19,grassroot,2.0,752b42cc35
2,655fd1c4f7,grassroot,3.0,752b42cc35
2,86bad18cd7,grassroot,7.0,752b42cc35
2,253c57416c,grassroot,7.0,752b42cc35
2,38c2721f60,grassroot,2.0,752b42cc35
2,208e6b7c1e,grassroot,7.0,752b42cc35
2,a89f0c4365,grassroot,2.0,752b42cc35
2,b5b1c54efd,grassroot,24.0,752b42cc35
2,76cb8ddb5b,grassroot,24.0,752b42cc35
2,b7c34d2940,grassroot,2.0,752b42cc35
2,5b4a0103d0,grassroot,24.0,752b42cc35
2,61de85b226,grassroot,7.0,752b42cc35
2,2ed014fadd,grassroot,24.0,752b42cc35
2,d928e1be72,grassroot,51.0,752b42cc35
2,59df5f55fa,grassroot,51.0,752b42cc35
2,0b400fab25,grassroot,10.0,752b42cc35
2,0ed67f07bb,grassroot,24.0,752b42cc35
2,5c61e89952,grassroot,14.0,752b42cc35
2,7337b1e69d,grassroot,7.0,752b42cc35
2,b47adfc0b9,grassroot,9.0,752b42cc35
2,5ab5af4ec5,grassroot,11.0,752b42cc35
2,f88881f09a,grassroot,7.0,752b42cc35
2,9757ff6ceb,grassroot,7.0,752b42cc35
2,e2741b33ea,grassroot,7.0,752b42cc35
2,7a1d066513,grassroot,8.0,752b42cc35
2,d1d7297803,grassroot,7.0,752b42cc35
2,97755eacd7,grassroot,69.0,752b42cc35
2,41e8c21a83,grassroot,51.0,752b42cc35
2,3367bc59ef,grassroot,7.0,752b42cc35
2,238e95adab,grassroot,7.0,752b42cc35
2,423b971788,grassroot,7.0,752b42cc35
2,13530eedeb,grassroot,7.0,752b42cc35
2,cd7cccca71,grassroot,7.0,752b42cc35
2,d43dcfad14,grassroot,2.0,752b42cc35
2,9784ce00cf,grassroot,2.0,752b42cc35
2,7c1c012793,grassroot,3.0,752b42cc35
2,cc9645c907,grassroot,7.0,752b42cc35
2,d875d17df5,grassroot,7.0,752b42cc35
2,580012f0cc,grassroot,7.0,752b42cc35
2,ecb20b004b,grassroot,74.0,752b42cc35
2,61cbbe15a0,grassroot,7.0,752b42cc35
2,c1a6e982d7,grassroot,69.0,752b42cc35
2,99a11b64e2,grassroot,51.0,752b42cc35
2,126d97aeec,grassroot,2.0,752b42cc35
2,e9f6545297,grassroot,7.0,752b42cc35
2,ff4960d786,grassroot,7.0,752b42cc35
2,7815693c92,grassroot,7.0,752b42cc35
2,0d541fc770,grassroot,7.0,752b42cc35
2,0c541c40b7,grassroot,3.0,752b42cc35
2,6949b0e4b1,grassroot,24.0,752b42cc35
2,ffa172c246,grassroot,7.0,752b42cc35
2,2f33b497ba,grassroot,7.0,752b42cc35
2,5a126d801b,grassroot,11.0,752b42cc35
2,9439eba3e2,grassroot,11.0,752b42cc35
2,7e29a4cdef,grassroot,7.0,752b42cc35
2,ba7a8f40dd,grassroot,6.0,752b42cc35
2,7e99e177c8,grassroot,11.0,752b42cc35
2,fe9403376e,grassroot,7.0,752b42cc35
2,8c24c23bf3,grassroot,58.0,752b42cc35
2,4c9d513db7,grassroot,43.0,752b42cc35
2,4dbf477cd3,grassroot,24.0,752b42cc35
2,b992fb8c3b,grassroot,7.0,752b42cc35
2,5386f3cc0e,grassroot,2.0,752b42cc35
2,bbdfc210d4,grassroot,74.0,752b42cc35
2,afbb9d8a88,grassroot,7.0,752b42cc35
2,93214fe9c7,grassroot,7.0,752b42cc35
2,1a90ce30c7,grassroot,1.0,752b42cc35
2,7568a708a0,grassroot,51.0,752b42cc35
2,b0755845d9,grassroot,7.0,752b42cc35
2,cb38642efb,grassroot,7.0,752b42cc35
2,6694e66d63,grassroot,11.0,752b42cc35
2,6ccfddbcdc,grassroot,7.0,752b42cc35
2,c9fcf001a2,grassroot,7.0,752b42cc35
2,89a54aeff4,grassroot,7.0,752b42cc35
2,13900f22c7,grassroot,7.0,752b42cc35
2,1f4b3003fa,grassroot,7.0,752b42cc35
2,0f4aa4becf,grassroot,43.0,752b42cc35
2,31c3b16cc1,grassroot,24.0,752b42cc35
2,c65251dfa3,grassroot,2.0,752b42cc35
2,47477cc8b9,grassroot,7.0,752b42cc35
2,89f9384855,grassroot,7.0,752b42cc35
2,a48128bcb7,grassroot,7.0,752b42cc35
2,24e2fdb307,grassroot,13.0,752b42cc35
2,8373828674,grassroot,69.0,752b42cc35
2,07454490ca,grassroot,2.0,752b42cc35
2,fefe3105ff,grassroot,12.0,752b42cc35
2,d285e21852,grassroot,7.0,752b42cc35
2,1dae502ed3,grassroot,7.0,752b42cc35
2,e4782b8768,grassroot,7.0,752b42cc35
2,d1b74aa6ab,grassroot,7.0,752b42cc35
2,8b3a248979,grassroot,49.0,752b42cc35
2,3d4719364e,grassroot,2.0,752b42cc35
2,08e5077e44,grassroot,74.0,752b42cc35
2,10d5c1fa9c,grassroot,11.0,752b42cc35
2,7936d5c38f,grassroot,24.0,752b42cc35
2,5666aa2f13,grassroot,24.0,752b42cc35
2,98e8a12e93,grassroot,74.0,752b42cc35
2,6f9f870caf,grassroot,24.0,752b42cc35
2,f28907c97c,grassroot,7.0,752b42cc35
2,53ebb41cce,grassroot,7.0,752b42cc35
2,c2f13e4cbf,grassroot,7.0,752b42cc35
2,bb33127bb9,grassroot,7.0,752b42cc35
2,8223f35600,grassroot,7.0,752b42cc35
2,5bde8b108b,grassroot,11.0,752b42cc35
2,ab2303f40a,grassroot,12.0,752b42cc35
2,f5d2063322,grassroot,11.0,752b42cc35
2,b484db2628,grassroot,7.0,752b42cc35
2,18ef66cac4,grassroot,7.0,752b42cc35
2,aad2e94f9e,grassroot,7.0,752b42cc35
2,8c7272445e,grassroot,7.0,752b42cc35
2,02f2ab6de7,grassroot,7.0,752b42cc35
2,0533681399,grassroot,51.0,752b42cc35
2,1c72e1eb8f,grassroot,2.0,752b42cc35
2,9022f47c56,grassroot,7.0,752b42cc35
2,93cff5ba49,grassroot,7.0,752b42cc35
2,a72e4f65da,grassroot,10.0,752b42cc35
2,ac1d0a8df2,grassroot,7.0,752b42cc35
2,aa19723ad2,grassroot,5.0,752b42cc35
2,ccbcd006d8,grassroot,7.0,752b42cc35
2,d80e8aef56,grassroot,11.0,752b42cc35
2,a0ca4858ba,grassroot,7.0,752b42cc35
2,6c1358e817,grassroot,49.0,752b42cc35
2,703a04c409,grassroot,7.0,752b42cc35
2,c8f0d89808,grassroot,43.0,752b42cc35
2,286911294d,grassroot,7.0,752b42cc35
2,d32edda229,grassroot,2.0,752b42cc35
2,4309cecc21,grassroot,7.0,752b42cc35
2,e9e8b2870a,grassroot,24.0,752b42cc35
2,ed861e8999,grassroot,7.0,752b42cc35
2,3181be2d23,grassroot,7.0,752b42cc35
2,5cd59265a4,grassroot,7.0,752b42cc35
2,bc432016fe,grassroot,7.0,752b42cc35
2,f9a697cf19,grassroot,7.0,752b42cc35
2,29bfef2106,grassroot,11.0,752b42cc35
2,3ac8e83a9c,grassroot,9.0,752b42cc35
2,da535c1408,grassroot,7.0,752b42cc35
2,ad5804b331,grassroot,11.0,752b42cc35
2,890b017f47,grassroot,7.0,752b42cc35
2,be8b829993,grassroot,11.0,752b42cc35
2,9683b1543d,grassroot,7.0,752b42cc35
2,ae1a81f573,grassroot,7.0,752b42cc35
2,46a6f0e419,grassroot,35.0,752b42cc35
2,8f1f4e3eba,grassroot,6.0,752b42cc35
2,7a626e505f,grassroot,51.0,752b42cc35
2,a05908eafc,grassroot,2.0,752b42cc35
2,81fcadb572,grassroot,69.0,752b42cc35
2,8d4e6d0306,grassroot,51.0,752b42cc35
2,dbb6f1242c,grassroot,24.0,752b42cc35
2,8631a03913,grassroot,42.0,752b42cc35
2,1931102c16,grassroot,43.0,752b42cc35
2,23b8a7498b,grassroot,11.0,752b42cc35
2,cd6e7427c1,grassroot,7.0,752b42cc35
2,e671fe0843,grassroot,7.0,752b42cc35
2,2f4a343d6c,grassroot,4.0,752b42cc35
2,cfb05cd841,grassroot,152.0,752b42cc35
2,13080836fb,grassroot,2.0,752b42cc35
2,c36ecc68d5,grassroot,7.0,752b42cc35
2,e83841d597,grassroot,7.0,752b42cc35
2,a157cc163a,grassroot,2.0,752b42cc35
2,0f2fd75125,grassroot,152.0,752b42cc35
2,15f54a9daf,grassroot,2.0,752b42cc35
2,b4bd32bdfe,grassroot,7.0,752b42cc35
2,265f74a953,grassroot,2.0,752b42cc35
2,2d6dfb42aa,grassroot,24.0,752b42cc35
2,8d4180309a,grassroot,24.0,752b42cc35
2,5f36f80869,grassroot,11.0,752b42cc35
2,e10416302f,grassroot,7.0,752b42cc35
2,ace7f887f8,grassroot,7.0,752b42cc35
2,cc7c6f650c,grassroot,74.0,752b42cc35
2,77687fdd3c,grassroot,7.0,752b42cc35
2,624689d182,grassroot,24.0,752b42cc35
2,d79e0dbbb0,grassroot,43.0,752b42cc35
2,13edd9826d,grassroot,7.0,752b42cc35
2,1ef15e8e0b,grassroot,74.0,752b42cc35
2,209eed4fe8,grassroot,9.0,752b42cc35
2,22fc49510b,grassroot,24.0,752b42cc35
3,5706606d38,grassroot,2.0,752b42cc35
3,21706111cb,grassroot,7.0,752b42cc35
3,8c89b0843b,grassroot,7.0,752b42cc35
3,2583c7d7de,elite/political,70.0,752b42cc35
3,99daf1a8fb,grassroot,11.0,752b42cc35
3,f2c1e4632a,grassroot,12.0,752b42cc35
3,4436c9e1bb,grassroot,7.0,752b42cc35
3,6e0048e325,grassroot,10.0,752b42cc35
3,115be24911,grassroot,89.0,752b42cc35
3,16e3e40aaf,grassroot,7.0,752b42cc35
3,ba9112ef5d,grassroot,16.0,752b42cc35
3,031554430f,grassroot,7.0,752b42cc35
3,5ef89c9867,grassroot,7.0,752b42cc35
3,3cb471224c,grassroot,7.0,752b42cc35
3,6bf621cb04,grassroot,7.0,752b42cc35
3,38e19f561f,grassroot,10.0,752b42cc35
3,89ce4d98da,grassroot,7.0,752b42cc35
3,6001ede4b8,grassroot,7.0,752b42cc35
3,f4ca72b56e,grassroot,7.0,752b42cc35
3,0474489a07,grassroot,7.0,752b42cc35
3,acee55cc88,grassroot,7.0,752b42cc35
3,642189fa22,grassroot,24.0,752b42cc35
3,5ded2b6375,grassroot,7.0,752b42cc35
3,cfb88883a6,grassroot,7.0,752b42cc35
3,02f4f492cb,grassroot,7.0,752b42cc35
3,e8c4baee54,grassroot,70.0,752b42cc35
3,0c06e158c3,grassroot,7.0,752b42cc35
3,dc55b4184b,grassroot,70.0,752b42cc35
3,7e5c9c9898,grassroot,7.0,752b42cc35
3,a68f21693c,grassroot,7.0,752b42cc35
3,212126f3ec,grassroot,51.0,752b42cc35
3,1b98f442b7,grassroot,70.0,752b42cc35
3,6a659adcff,grassroot,7.0,752b42cc35
3,21147f3f89,grassroot,74.0,752b42cc35
3,9f67aaed57,grassroot,35.0,752b42cc35
3,44ea2e84b1,grassroot,7.0,752b42cc35
3,f1e06b6b0a,grassroot,7.0,752b42cc35
3,99b59fec83,grassroot,2.0,752b42cc35
3,a2c06e37b1,grassroot,51.0,752b42cc35
3,ba184a896c,grassroot,12.0,752b42cc35
3,f719b07de2,grassroot,7.0,752b42cc35
3,3c917b3c87,grassroot,7.0,752b42cc35
3,029bdc18d5,grassroot,7.0,752b42cc35
3,7221b32a7c,grassroot,86.0,752b42cc35
3,328d27d8f6,grassroot,86.0,752b42cc35
3,d467a0077a,grassroot,7.0,752b42cc35
3,69a14e05ac,grassroot,7.0,752b42cc35
3,b436f88266,grassroot,24.0,752b42cc35
3,332124f012,grassroot,7.0,752b42cc35
3,79a72fc56b,grassroot,7.0,752b42cc35
3,1ca35c675c,grassroot,7.0,752b42cc35
3,0d16a4b5fa,grassroot,7.0,752b42cc35
3,8adc01cee6,grassroot,7.0,752b42cc35
3,b2f42a5dbb,grassroot,7.0,752b42cc35
3,a4b1d3e793,grassroot,7.0,752b42cc35
3,0a3e072e97,grassroot,11.0,752b42cc35
3,6ed6ba2e80,grassroot,7.0,752b42cc35
3,4520e8c634,grassroot,86.0,752b42cc35
3,bf5b739814,grassroot,7.0,752b42cc35
3,9014fe36c8,grassroot,7.0,752b42cc35
3,136105106b,grassroot,7.0,752b42cc35
3,96dd37a3f9,grassroot,7.0,752b42cc35
3,005197e9de,grassroot,7.0,752b42cc35
3,bf88daabef,grassroot,7.0,752b42cc35
3,3ffb70c9a9,grassroot,7.0,752b42cc35
3,b403b48b99,grassroot,7.0,752b42cc35
3,fdc8c7f0b7,grassroot,7.0,752b42cc35
3,0e326c4636,grassroot,7.0,752b42cc35
3,d5884d1678,grassroot,7.0,752b42cc35
3,222e40aeb1,grassroot,69.0,752b42cc35
3,10ea3a3217,grassroot,7.0,752b42cc35
3,f5c9eaa22c,grassroot,7.0,752b42cc35
3,f291768be8,grassroot,7.0,752b42cc35
3,34e9d49a6a,grassroot,7.0,752b42cc35
3,c0b602beb2,grassroot,7.0,752b42cc35
3,186c6e3cf1,grassroot,7.0,752b42cc35
3,3eea39fcc3,grassroot,35.0,752b42cc35
3,b386a8b1ac,grassroot,70.0,752b42cc35
3,9596204683,grassroot,12.0,752b42cc35
3,2775da1fe3,grassroot,8.0,752b42cc35
3,5148abd178,grassroot,7.0,752b42cc35
3,f2b7576c87,grassroot,7.0,752b42cc35
3,b2675c29e9,grassroot,7.0,752b42cc35
3,663da5060f,grassroot,8.0,752b42cc35
3,0d44918dd0,grassroot,7.0,752b42cc35
3,ccc332ece5,grassroot,7.0,752b42cc35
3,1f8d6e0a36,grassroot,7.0,752b42cc35
3,d10632ff52,grassroot,7.0,752b42cc35
3,e4b1c01821,grassroot,7.0,752b42cc35
3,c65319db0a,grassroot,6.0,752b42cc35
3,b2d585702f,grassroot,7.0,752b42cc35
3,c4d8f3e1cf,grassroot,24.0,752b42cc35
3,6fd195a231,grassroot,123.0,752b42cc35
3,cb5caf32f0,grassroot,7.0,752b42cc35
3,50817efb0f,grassroot,54.0,752b42cc35
3,73e708b1cf,grassroot,51.0,752b42cc35
3,3337cbe091,grassroot,74.0,752b42cc35
3,b5deeccbde,grassroot,7.0,752b42cc35
3,9daca2086c,grassroot,14.0,752b42cc35
3,9302c81527,grassroot,7.0,752b42cc35
3,0f19d60ad9,grassroot,4.0,752b42cc35
3,e6e980b131,grassroot,7.0,752b42cc35
3,5726535196,grassroot,12.0,752b42cc35
3,4cd2745c3e,grassroot,10.0,752b42cc35
3,c7c2c97786,grassroot,7.0,752b42cc35
3,e8b5c4f465,grassroot,7.0,752b42cc35
3,3b21193ace,grassroot,3.0,752b42cc35
3,06a10e6145,grassroot,7.0,752b42cc35
3,288a115d6f,grassroot,7.0,752b42cc35
3,c46f966619,grassroot,12.0,752b42cc35
3,91edd03b8d,grassroot,86.0,752b42cc35
3,b6fcd0045c,grassroot,7.0,752b42cc35
3,a53d7b4d6d,grassroot,7.0,752b42cc35
3,c674156f5b,grassroot,7.0,752b42cc35
3,544ef343d3,grassroot,74.0,752b42cc35
3,0d68d7d39b,grassroot,3.0,752b42cc35
3,297076bf2a,grassroot,7.0,752b42cc35
3,233338c5cb,grassroot,6.0,752b42cc35
3,d251f7bb58,grassroot,7.0,752b42cc35
3,6a9e021f48,grassroot,7.0,752b42cc35
3,a6902574e3,grassroot,7.0,752b42cc35
3,7c59d88abc,grassroot,74.0,752b42cc35
3,848ea75f19,grassroot,7.0,752b42cc35
3,28856fb432,grassroot,51.0,752b42cc35
3,e8c03bf72e,grassroot,70.0,752b42cc35
3,188e25972c,grassroot,51.0,752b42cc35
3,60cccbb6ab,grassroot,7.0,752b42cc35
3,adf340cc2d,grassroot,7.0,752b42cc35
3,f45724f3ed,grassroot,7.0,752b42cc35
3,738fa3a38d,grassroot,7.0,752b42cc35
3,27ed5cca66,grassroot,7.0,752b42cc35
3,319596f7bd,grassroot,7.0,752b42cc35
3,6efcd87760,grassroot,7.0,752b42cc35
3,4584bae4f5,grassroot,7.0,752b42cc35
3,fea0caf7dc,grassroot,7.0,752b42cc35
3,3162a4d84f,grassroot,7.0,752b42cc35
3,d05e729496,grassroot,74.0,752b42cc35
3,cbb0c447f5,grassroot,7.0,752b42cc35
3,556dafa80b,grassroot,7.0,752b42cc35
3,e551f27618,grassroot,7.0,752b42cc35
3,608ffbcc2b,grassroot,7.0,752b42cc35
3,8d26aa0529,grassroot,7.0,752b42cc35
3,cf414537a1,grassroot,24.0,752b42cc35
3,56c8b06dc7,grassroot,7.0,752b42cc35
4,501feb7685,grassroot,70.0,752b42cc35
4,570af49a42,grassroot,70.0,752b42cc35
4,7bea813824,grassroot,7.0,752b42cc35
4,4a78c4cc2c,grassroot,11.0,752b42cc35
4,fc16c34032,grassroot,43.0,752b42cc35
4,f101f3d55b,grassroot,11.0,752b42cc35
4,e27e465f44,grassroot,11.0,752b42cc35
4,1c2affb28b,grassroot,70.0,752b42cc35
4,951946e86d,grassroot,70.0,752b42cc35
4,6dc6577608,grassroot,69.0,752b42cc35
4,71d18ab73d,grassroot,51.0,752b42cc35
4,1242295c0f,grassroot,70.0,752b42cc35
4,0eddbf61a2,grassroot,7.0,752b42cc35
4,8361fe7aac,grassroot,70.0,752b42cc35
4,8af104e3d2,grassroot,70.0,752b42cc35
4,9da57f63b1,grassroot,70.0,752b42cc35
4,b93b6da139,grassroot,70.0,752b42cc35
4,2b427fdb3d,grassroot,12.0,752b42cc35
4,00a1521fac,grassroot,70.0,752b42cc35
4,a48e7aa550,grassroot,70.0,752b42cc35
5,6685137605,grassroot,69.0,752b42cc35
5,c24a611a8e,grassroot,70.0,752b42cc35
5,eff0d1fbcf,grassroot,70.0,752b42cc35
1,5706606d38,grassroot,2.0,de70bf1dc1
1,f39381269e,grassroot,2.0,de70bf1dc1
1,179ccc45e5,grassroot,2.0,de70bf1dc1
1,e731086082,grassroot,35.0,de70bf1dc1
1,843ce0d8f4,grassroot,2.0,de70bf1dc1
1,9b4fda52f9,grassroot,9.0,de70bf1dc1
1,a549f6f609,grassroot,2.0,de70bf1dc1
1,94cf35f894,grassroot,2.0,de70bf1dc1
1,07f59f52a4,grassroot,2.0,de70bf1dc1
1,99a1c4cbc0,grassroot,2.0,de70bf1dc1
1,6c378da4cb,grassroot,9.0,de70bf1dc1
1,ee25fc330a,grassroot,5.0,de70bf1dc1
1,ba404b8961,grassroot,2.0,de70bf1dc1
1,ee1fcd5c6f,grassroot,2.0,de70bf1dc1
1,d8e29ce2f3,grassroot,3.0,de70bf1dc1
1,e11688238e,grassroot,2.0,de70bf1dc1
1,e33233e9d1,grassroot,69.0,de70bf1dc1
1,e0cc55af58,grassroot,2.0,de70bf1dc1
1,83f03a28a6,grassroot,9.0,de70bf1dc1
1,7c87362f20,grassroot,11.0,de70bf1dc1
1,a10a720f1c,grassroot,32.0,de70bf1dc1
1,0b93e443a8,grassroot,2.0,de70bf1dc1
1,68e2666b1a,grassroot,2.0,de70bf1dc1
1,0e2611c535,grassroot,2.0,de70bf1dc1
1,41c2502ea6,grassroot,24.0,de70bf1dc1
1,ae5df75ceb,grassroot,2.0,de70bf1dc1
1,686a42fb52,grassroot,2.0,de70bf1dc1
1,c5f60233c4,grassroot,69.0,de70bf1dc1
1,58e34f3b2a,grassroot,2.0,de70bf1dc1
1,a6026b1544,grassroot,2.0,de70bf1dc1
1,c69773a402,grassroot,2.0,de70bf1dc1
1,9db568442f,grassroot,2.0,de70bf1dc1
1,fab4e733a1,grassroot,42.0,de70bf1dc1
1,534194e490,grassroot,2.0,de70bf1dc1
1,13ccf72004,grassroot,12.0,de70bf1dc1
1,648d0f589c,grassroot,2.0,de70bf1dc1
1,c3453a5133,grassroot,43.0,de70bf1dc1
1,ca20dd89f7,grassroot,58.0,de70bf1dc1
1,4b884ce9c5,grassroot,2.0,de70bf1dc1
1,e8880a78e1,grassroot,2.0,de70bf1dc1
1,c5e3f867b5,grassroot,2.0,de70bf1dc1
1,380e8d89d1,grassroot,2.0,de70bf1dc1
1,f76ddf55c5,grassroot,11.0,de70bf1dc1
1,26eb46e0dd,grassroot,2.0,de70bf1dc1
1,46fa83bb96,grassroot,2.0,de70bf1dc1
1,8408fdba54,grassroot,2.0,de70bf1dc1
1,8af063bed3,grassroot,2.0,de70bf1dc1
1,9b597ad838,grassroot,12.0,de70bf1dc1
1,3713b4afd1,grassroot,2.0,de70bf1dc1
1,642dfc251f,grassroot,2.0,de70bf1dc1
1,1fb27e965d,grassroot,42.0,de70bf1dc1
1,3fed9ceea0,grassroot,9.0,de70bf1dc1
1,d280ea0540,grassroot,577.0,de70bf1dc1
1,4d3978ff37,grassroot,10.0,de70bf1dc1
1,369099c7f6,grassroot,2.0,de70bf1dc1
1,32e4a15b00,grassroot,2.0,de70bf1dc1
1,8639eb03d1,grassroot,2.0,de70bf1dc1
1,46bea38214,grassroot,9.0,de70bf1dc1
1,958edbaff0,grassroot,2.0,de70bf1dc1
1,d7b68e734a,grassroot,70.0,de70bf1dc1
1,19f2c8ec65,grassroot,51.0,de70bf1dc1
1,b016ef39b6,grassroot,2.0,de70bf1dc1
1,a67d2dd389,grassroot,12.0,de70bf1dc1
1,4bf87a0139,grassroot,43.0,de70bf1dc1
1,722b4be29b,grassroot,2.0,de70bf1dc1
1,706ee19445,grassroot,2.0,de70bf1dc1
1,594a655f22,grassroot,1.0,de70bf1dc1
1,99917b3ad2,grassroot,2.0,de70bf1dc1
1,0101664c99,grassroot,6.0,de70bf1dc1
1,b9c3f38fad,grassroot,2.0,de70bf1dc1
1,1f7f6c48a7,grassroot,11.0,de70bf1dc1
1,ff291d4f9b,grassroot,2.0,de70bf1dc1
1,67604ddc60,grassroot,2.0,de70bf1dc1
1,85c042e7e8,grassroot,2.0,de70bf1dc1
1,a550bf3de2,grassroot,2.0,de70bf1dc1
1,64f20a2833,grassroot,2.0,de70bf1dc1
1,0c55a0fc0a,grassroot,2.0,de70bf1dc1
1,7b26282c67,grassroot,51.0,de70bf1dc1
1,7b52f67f05,grassroot,2.0,de70bf1dc1
1,7db323988a,grassroot,2.0,de70bf1dc1
1,c9e2aabb67,grassroot,2.0,de70bf1dc1
1,dc2d489d01,grassroot,2.0,de70bf1dc1
1,c39c0b4dda,grassroot,2.0,de70bf1dc1
1,3e73d26959,grassroot,7.0,de70bf1dc1
1,76b0617363,grassroot,2.0,de70bf1dc1
1,eb36f911ec,grassroot,2.0,de70bf1dc1
1,dfb248b780,grassroot,2.0,de70bf1dc1
1,50f5142ef2,grassroot,10.0,de70bf1dc1
1,5b4c75a214,grassroot,2.0,de70bf1dc1
1,c84363212f,grassroot,2.0,de70bf1dc1
1,299128ac0a,grassroot,2.0,de70bf1dc1
1,5d7243214e,grassroot,2.0,de70bf1dc1
1,9c5d2a9d20,grassroot,12.0,de70bf1dc1
1,5c56e75985,grassroot,2.0,de70bf1dc1
1,b4e0d2c0fc,grassroot,2.0,de70bf1dc1
1,d500454e60,grassroot,16.0,de70bf1dc1
1,a0b8e59397,grassroot,2.0,de70bf1dc1
1,67b48e323f,grassroot,2.0,de70bf1dc1
1,e45994bacf,grassroot,2.0,de70bf1dc1
1,83cece919b,grassroot,2.0,de70bf1dc1
1,d93509da5f,grassroot,2.0,de70bf1dc1
1,96ee756884,grassroot,2.0,de70bf1dc1
1,5c883ee5ec,grassroot,2.0,de70bf1dc1
1,8fb9c1ba33,grassroot,42.0,de70bf1dc1
1,c2c77f4ebd,grassroot,2.0,de70bf1dc1
1,23688f0971,grassroot,69.0,de70bf1dc1
1,7bb17e31ec,grassroot,42.0,de70bf1dc1
1,e0e5b693bf,grassroot,2.0,de70bf1dc1
1,fe3e02f445,grassroot,12.0,de70bf1dc1
1,25b068560c,grassroot,2.0,de70bf1dc1
1,4110098b4f,grassroot,7.0,de70bf1dc1
1,87cb767844,grassroot,2.0,de70bf1dc1
1,15576f7bf5,grassroot,2.0,de70bf1dc1
1,78a5d7fbc8,grassroot,2.0,de70bf1dc1
1,13af8290c0,grassroot,35.0,de70bf1dc1
1,7826fbdadc,grassroot,2.0,de70bf1dc1
1,25c7a157d9,grassroot,9.0,de70bf1dc1
1,62b12de4a2,grassroot,74.0,de70bf1dc1
1,d1c899b430,grassroot,2.0,de70bf1dc1
1,84a0adca1e,grassroot,2.0,de70bf1dc1
1,a60a650c00,grassroot,3.0,de70bf1dc1
1,dbd7a4c528,grassroot,10.0,de70bf1dc1
1,03710d2328,grassroot,2.0,de70bf1dc1
1,2afcee522b,grassroot,2.0,de70bf1dc1
1,f3a55425fe,grassroot,2.0,de70bf1dc1
1,c2d8f68929,grassroot,70.0,de70bf1dc1
1,09640bb43b,grassroot,2.0,de70bf1dc1
1,139284a52e,grassroot,51.0,de70bf1dc1
1,f32fedab7c,grassroot,2.0,de70bf1dc1
1,bfe854cbd5,grassroot,2.0,de70bf1dc1
1,2bbfe9cb55,grassroot,2.0,de70bf1dc1
1,40b663ab15,grassroot,43.0,de70bf1dc1
1,ebcaca1b31,grassroot,69.0,de70bf1dc1
1,11eff6b6e9,grassroot,2.0,de70bf1dc1
1,7cec2b522e,grassroot,2.0,de70bf1dc1
1,179a82e813,grassroot,2.0,de70bf1dc1
1,486ab5d866,grassroot,5.0,de70bf1dc1
1,a1fba94742,grassroot,2.0,de70bf1dc1
1,5820b07a4b,grassroot,2.0,de70bf1dc1
1,fc13263ebc,grassroot,51.0,de70bf1dc1
1,ee58925046,grassroot,2.0,de70bf1dc1
1,2ad504335e,grassroot,2.0,de70bf1dc1
1,6ca30dfd26,grassroot,2.0,de70bf1dc1
1,c95b8cda60,grassroot,2.0,de70bf1dc1
1,2694a26811,grassroot,7.0,de70bf1dc1
1,1fc136a038,grassroot,2.0,de70bf1dc1
1,1eb2b59aca,grassroot,58.0,de70bf1dc1
1,a71704afea,grassroot,2.0,de70bf1dc1
1,01cfcf21df,grassroot,2.0,de70bf1dc1
1,effd7b1a20,grassroot,2.0,de70bf1dc1
1,9eda2f92bc,grassroot,2.0,de70bf1dc1
1,fb11238ac0,grassroot,9.0,de70bf1dc1
1,1c96735bbc,grassroot,2.0,de70bf1dc1
1,fb3260356b,grassroot,2.0,de70bf1dc1
1,0f882a71f4,grassroot,32.0,de70bf1dc1
1,9062a4cc39,grassroot,2.0,de70bf1dc1
1,d834b14d90,grassroot,51.0,de70bf1dc1
1,f50ffa2f4a,grassroot,4.0,de70bf1dc1
1,e41a3a0c1a,grassroot,2.0,de70bf1dc1
1,09af0d1ecf,grassroot,2.0,de70bf1dc1
1,1f0c5c1a27,grassroot,9.0,de70bf1dc1
1,184b430556,grassroot,2.0,de70bf1dc1
1,0080f9f1ed,grassroot,2.0,de70bf1dc1
1,749aa807a8,grassroot,12.0,de70bf1dc1
1,e5ed767810,grassroot,2.0,de70bf1dc1
1,9ff839a048,grassroot,58.0,de70bf1dc1
1,7a54842ddd,grassroot,43.0,de70bf1dc1
1,a8bf87d5d5,grassroot,2.0,de70bf1dc1
1,83dc4acc54,grassroot,2.0,de70bf1dc1
1,1acf6d259e,grassroot,42.0,de70bf1dc1
1,1ca9fc09ea,grassroot,2.0,de70bf1dc1
1,4839613798,grassroot,5.0,de70bf1dc1
1,35141b885c,grassroot,2.0,de70bf1dc1
1,6bd59f1c02,grassroot,2.0,de70bf1dc1
1,5652c3852f,grassroot,4.0,de70bf1dc1
1,01dc44960e,grassroot,2.0,de70bf1dc1
1,6d4806414e,grassroot,11.0,de70bf1dc1
1,6d747c43b1,grassroot,9.0,de70bf1dc1
1,f129196ffe,grassroot,12.0,de70bf1dc1
1,f50bf9b163,grassroot,2.0,de70bf1dc1
1,24058b9d7f,grassroot,2.0,de70bf1dc1
1,e1d8375443,grassroot,2.0,de70bf1dc1
1,bcf3dc7561,grassroot,3.0,de70bf1dc1
1,9beafbaa64,grassroot,2.0,de70bf1dc1
1,a26a93a5fc,grassroot,2.0,de70bf1dc1
1,5b2a86314a,grassroot,2.0,de70bf1dc1
1,bc642cb3fa,grassroot,2.0,de70bf1dc1
1,2ad2e8e4e8,grassroot,2.0,de70bf1dc1
1,cb0f864b78,grassroot,2.0,de70bf1dc1
1,31e066558a,grassroot,2.0,de70bf1dc1
1,052e91b5c7,grassroot,12.0,de70bf1dc1
1,2d1d69db00,grassroot,12.0,de70bf1dc1
1,c7c24a7452,grassroot,2.0,de70bf1dc1
1,31ebf3f3d3,grassroot,2.0,de70bf1dc1
1,638bca08c9,grassroot,69.0,de70bf1dc1
1,b38685b24a,grassroot,2.0,de70bf1dc1
1,9011f679ea,grassroot,2.0,de70bf1dc1
1,a335fdf024,grassroot,9.0,de70bf1dc1
1,f06e9539b6,grassroot,3.0,de70bf1dc1
1,33388b90b8,grassroot,2.0,de70bf1dc1
1,9ff82c52de,grassroot,2.0,de70bf1dc1
1,8d775ddaf2,grassroot,2.0,de70bf1dc1
1,f6e242a5e7,grassroot,2.0,de70bf1dc1
1,f52ecc1a78,grassroot,2.0,de70bf1dc1
1,0b0860f14f,grassroot,2.0,de70bf1dc1
1,94134447c7,grassroot,43.0,de70bf1dc1
1,e86d010921,grassroot,11.0,de70bf1dc1
1,6af2cc26b5,grassroot,2.0,de70bf1dc1
1,7e3591edbb,grassroot,2.0,de70bf1dc1
1,dbf5d8f642,grassroot,11.0,de70bf1dc1
1,f76cb602a9,grassroot,58.0,de70bf1dc1
1,9539570aca,grassroot,5.0,de70bf1dc1
1,e273bce6cc,grassroot,2.0,de70bf1dc1
1,aee9054887,grassroot,2.0,de70bf1dc1
1,d1839ad552,grassroot,2.0,de70bf1dc1
1,17edf03bc0,grassroot,2.0,de70bf1dc1
1,4d41381f92,grassroot,2.0,de70bf1dc1
1,b366831baa,grassroot,2.0,de70bf1dc1
1,570a9a4510,grassroot,24.0,de70bf1dc1
1,9a22d1568f,grassroot,2.0,de70bf1dc1
1,974b8a212d,grassroot,2.0,de70bf1dc1
1,5f289c3014,grassroot,2.0,de70bf1dc1
1,acf1dc7d80,grassroot,11.0,de70bf1dc1
1,c2856ce924,grassroot,2.0,de70bf1dc1
1,9490e93359,grassroot,54.0,de70bf1dc1
1,86c99a805a,grassroot,9.0,de70bf1dc1
1,8c2ef37f7c,grassroot,123.0,de70bf1dc1
1,f030219bbe,grassroot,9.0,de70bf1dc1
1,f19798d680,grassroot,35.0,de70bf1dc1
1,34562a4c05,grassroot,2.0,de70bf1dc1
1,be4d9bf576,grassroot,2.0,de70bf1dc1
1,600e16b3d9,grassroot,9.0,de70bf1dc1
1,01db25cd54,grassroot,2.0,de70bf1dc1
1,d515a17aaf,grassroot,2.0,de70bf1dc1
1,78240fec7e,grassroot,2.0,de70bf1dc1
1,6cb0416e4e,grassroot,2.0,de70bf1dc1
1,64e6d6d857,grassroot,2.0,de70bf1dc1
1,9aa4b8d652,grassroot,2.0,de70bf1dc1
1,799066a359,grassroot,2.0,de70bf1dc1
1,2ff9497fdf,grassroot,2.0,de70bf1dc1
1,0b51d6069e,grassroot,2.0,de70bf1dc1
1,706d667499,grassroot,2.0,de70bf1dc1
1,c8cb22e9d5,grassroot,5.0,de70bf1dc1
1,f001378c52,grassroot,2.0,de70bf1dc1
1,542aff9935,grassroot,2.0,de70bf1dc1
1,c9ad2ee35b,grassroot,2.0,de70bf1dc1
1,ba7763ae41,grassroot,2.0,de70bf1dc1
1,f4459ad425,grassroot,2.0,de70bf1dc1
1,adfd788bc9,grassroot,2.0,de70bf1dc1
1,8fb81441c5,grassroot,2.0,de70bf1dc1
1,1aed4b3f6b,grassroot,5.0,de70bf1dc1
1,0d89c14b46,grassroot,2.0,de70bf1dc1
1,e9f541a060,grassroot,2.0,de70bf1dc1
1,eaf23a0575,grassroot,2.0,de70bf1dc1
1,bdc187bebb,grassroot,2.0,de70bf1dc1
1,32af1bae8e,grassroot,2.0,de70bf1dc1
1,33737efbf6,grassroot,2.0,de70bf1dc1
1,e72b492897,grassroot,2.0,de70bf1dc1
1,68f237e35e,grassroot,12.0,de70bf1dc1
1,bebe6e11ea,grassroot,12.0,de70bf1dc1
1,86c7ef1c7d,grassroot,2.0,de70bf1dc1
1,6387e147c2,grassroot,2.0,de70bf1dc1
1,aee4ed666b,grassroot,2.0,de70bf1dc1
1,741997c72d,grassroot,2.0,de70bf1dc1
1,85a6c5fad0,grassroot,2.0,de70bf1dc1
1,711f3f8bd7,grassroot,8.0,de70bf1dc1
1,7fd076ab0c,grassroot,2.0,de70bf1dc1
1,8ca0543667,grassroot,2.0,de70bf1dc1
1,4409fcb533,grassroot,2.0,de70bf1dc1
1,2ebd2a5052,grassroot,2.0,de70bf1dc1
1,f48063ea71,grassroot,2.0,de70bf1dc1
1,f2e81d8157,grassroot,2.0,de70bf1dc1
1,634e1edccc,grassroot,2.0,de70bf1dc1
1,5d1f21cf46,grassroot,2.0,de70bf1dc1
1,14b1554e08,grassroot,2.0,de70bf1dc1
1,52a88987fe,grassroot,10.0,de70bf1dc1
1,b0f727b11e,grassroot,86.0,de70bf1dc1
1,346ffc7505,grassroot,3.0,de70bf1dc1
1,2fa0de39fa,grassroot,32.0,de70bf1dc1
1,3a2d4ca8a0,grassroot,42.0,de70bf1dc1
1,b7d00fd10b,grassroot,2.0,de70bf1dc1
1,69b45436c0,grassroot,51.0,de70bf1dc1
1,1126ddc3b9,grassroot,2.0,de70bf1dc1
1,cbb27c6725,grassroot,42.0,de70bf1dc1
1,fb440be69d,grassroot,9.0,de70bf1dc1
1,4b7bd1229b,grassroot,2.0,de70bf1dc1
1,c42bee5698,grassroot,9.0,de70bf1dc1
1,c6cb2be1c2,grassroot,2.0,de70bf1dc1
1,2a2d7c1315,grassroot,1.0,de70bf1dc1
1,1a572db0b6,grassroot,12.0,de70bf1dc1
1,0b5462a26c,grassroot,2.0,de70bf1dc1
1,3d13ac583a,grassroot,2.0,de70bf1dc1
1,186f3a88aa,grassroot,4.0,de70bf1dc1
1,8b821deef4,grassroot,2.0,de70bf1dc1
1,871c00d4cf,grassroot,12.0,de70bf1dc1
1,98ef3ea0c0,grassroot,12.0,de70bf1dc1
1,e4eb65ba1a,grassroot,2.0,de70bf1dc1
1,af13f77c0f,grassroot,2.0,de70bf1dc1
1,380e48225b,grassroot,5.0,de70bf1dc1
1,23048d03c7,grassroot,2.0,de70bf1dc1
1,0073970a32,grassroot,2.0,de70bf1dc1
1,f1495c100f,grassroot,2.0,de70bf1dc1
1,74ffb516a7,grassroot,2.0,de70bf1dc1
1,8987a67b37,grassroot,2.0,de70bf1dc1
1,b5b1c54efd,grassroot,24.0,de70bf1dc1
1,b83f07b815,grassroot,2.0,de70bf1dc1
1,c61e664b37,grassroot,69.0,de70bf1dc1
1,bed34f5070,grassroot,2.0,de70bf1dc1
1,8a391f3158,grassroot,3.0,de70bf1dc1
1,d44f723df3,grassroot,2.0,de70bf1dc1
1,1604a2bcf6,grassroot,882.0,de70bf1dc1
1,6cd794e5fa,grassroot,2.0,de70bf1dc1
1,1ecb7c759d,grassroot,2.0,de70bf1dc1
1,6eac412940,grassroot,2.0,de70bf1dc1
1,3d1d7a7b19,grassroot,43.0,de70bf1dc1
1,52f7fd1120,grassroot,2.0,de70bf1dc1
1,8b50367c5b,grassroot,2.0,de70bf1dc1
1,117f1a4ea2,grassroot,2.0,de70bf1dc1
1,935be783ea,grassroot,2.0,de70bf1dc1
1,8389ff3b83,grassroot,2.0,de70bf1dc1
1,88ad7f24f2,grassroot,11.0,de70bf1dc1
1,d38f595811,grassroot,2.0,de70bf1dc1
1,3bbf8fe7ac,grassroot,35.0,de70bf1dc1
1,9ea6600f37,grassroot,2.0,de70bf1dc1
1,8e9cebea15,grassroot,2.0,de70bf1dc1
1,170f3d6b5c,grassroot,2.0,de70bf1dc1
1,39dd867569,grassroot,2.0,de70bf1dc1
1,8f0940f346,grassroot,2.0,de70bf1dc1
1,433edd5961,grassroot,86.0,de70bf1dc1
1,dfd487bed3,grassroot,2.0,de70bf1dc1
1,b5830c6a53,grassroot,2.0,de70bf1dc1
1,92416f0a2c,grassroot,6.0,de70bf1dc1
1,42811cb75d,grassroot,2.0,de70bf1dc1
1,53326079c9,grassroot,32.0,de70bf1dc1
1,d43dcfad14,grassroot,2.0,de70bf1dc1
1,d96cd50e86,grassroot,2.0,de70bf1dc1
1,58cac9ee49,grassroot,2.0,de70bf1dc1
1,126d97aeec,grassroot,2.0,de70bf1dc1
1,de0a5e5e7e,grassroot,2.0,de70bf1dc1
1,281c95708a,grassroot,2.0,de70bf1dc1
1,f7feedcb61,grassroot,2.0,de70bf1dc1
1,a87acdeb51,grassroot,2.0,de70bf1dc1
1,8db2585d12,grassroot,2.0,de70bf1dc1
1,74b5b7afee,grassroot,2.0,de70bf1dc1
1,fe577a1e26,grassroot,4.0,de70bf1dc1
1,9f1ef62615,grassroot,2.0,de70bf1dc1
1,f06ccedcad,grassroot,32.0,de70bf1dc1
1,4d7db16c15,grassroot,35.0,de70bf1dc1
1,84313dfc18,grassroot,123.0,de70bf1dc1
1,49b27e613a,grassroot,2.0,de70bf1dc1
1,9444d52345,grassroot,2.0,de70bf1dc1
1,d30162b5ca,grassroot,2.0,de70bf1dc1
1,63e6f744c6,grassroot,2.0,de70bf1dc1
1,75c8e0d77c,grassroot,2.0,de70bf1dc1
1,b7dc1ba472,grassroot,2.0,de70bf1dc1
1,4c9d513db7,grassroot,43.0,de70bf1dc1
1,4dbf477cd3,grassroot,24.0,de70bf1dc1
1,b771456c33,grassroot,2.0,de70bf1dc1
1,46e7705d38,grassroot,2.0,de70bf1dc1
1,86fdacf15a,grassroot,2.0,de70bf1dc1
1,82b30ed85c,grassroot,9.0,de70bf1dc1
1,11bb55f629,grassroot,2.0,de70bf1dc1
1,4eb4d55796,grassroot,2.0,de70bf1dc1
1,5d2cc378f7,grassroot,43.0,de70bf1dc1
1,5719dfb13c,grassroot,1092.0,de70bf1dc1
1,2550f0a0f9,grassroot,2.0,de70bf1dc1
1,d2dcfd3624,grassroot,2.0,de70bf1dc1
1,9177a51734,grassroot,2.0,de70bf1dc1
1,14bec972a2,grassroot,2.0,de70bf1dc1
1,5ae8fb9de5,grassroot,1.0,de70bf1dc1
1,4175631837,grassroot,2.0,de70bf1dc1
1,002f148a10,grassroot,5.0,de70bf1dc1
1,19914023bf,grassroot,12.0,de70bf1dc1
1,15b37b0aa3,grassroot,2.0,de70bf1dc1
1,c94cdd712c,grassroot,2.0,de70bf1dc1
1,c4291ddb43,grassroot,2.0,de70bf1dc1
1,9dfe5153e1,grassroot,32.0,de70bf1dc1
1,c4e607775a,grassroot,2.0,de70bf1dc1
1,b108217437,grassroot,2.0,de70bf1dc1
1,8b4d13ee0a,grassroot,2.0,de70bf1dc1
1,e9f18c2767,grassroot,12.0,de70bf1dc1
1,094b01155d,grassroot,2.0,de70bf1dc1
1,40333ac608,grassroot,51.0,de70bf1dc1
1,c65251dfa3,grassroot,2.0,de70bf1dc1
1,7087698d9b,grassroot,42.0,de70bf1dc1
1,8729cf2725,grassroot,2.0,de70bf1dc1
1,f856b8ffb5,grassroot,42.0,de70bf1dc1
1,07264bab0f,grassroot,2.0,de70bf1dc1
1,fc3ab17ec1,grassroot,2.0,de70bf1dc1
1,614140046e,grassroot,2.0,de70bf1dc1
1,e0d22e3618,grassroot,2.0,de70bf1dc1
1,77feb4cb0c,grassroot,10.0,de70bf1dc1
1,ce1f19a62a,grassroot,2.0,de70bf1dc1
1,fefe3105ff,grassroot,12.0,de70bf1dc1
1,3fc8cfad0a,grassroot,11.0,de70bf1dc1
1,842fc57dbd,grassroot,54.0,de70bf1dc1
1,cf958c5309,grassroot,2.0,de70bf1dc1
1,d316e35aa6,grassroot,2.0,de70bf1dc1
1,d6f569bea2,grassroot,2.0,de70bf1dc1
1,08e5077e44,grassroot,74.0,de70bf1dc1
1,aa1aba9b12,grassroot,2.0,de70bf1dc1
1,b0a5784cc9,elite/political,2.0,de70bf1dc1
1,5e1bed8d3f,grassroot,11.0,de70bf1dc1
1,0948763793,grassroot,5.0,de70bf1dc1
1,98e8a12e93,grassroot,74.0,de70bf1dc1
1,63aef703db,grassroot,70.0,de70bf1dc1
1,e05f5a5438,grassroot,2.0,de70bf1dc1
1,53d1740cdc,grassroot,2.0,de70bf1dc1
1,4d27bfae45,grassroot,2.0,de70bf1dc1
1,dbb2124d4f,grassroot,2.0,de70bf1dc1
1,9bb2a39f68,grassroot,2.0,de70bf1dc1
1,3fd6573736,grassroot,2.0,de70bf1dc1
1,1c72e1eb8f,grassroot,2.0,de70bf1dc1
1,feb026be1d,grassroot,2.0,de70bf1dc1
1,7b47283175,grassroot,7.0,de70bf1dc1
1,7270e285a9,grassroot,2.0,de70bf1dc1
1,42c6405ed0,grassroot,70.0,de70bf1dc1
1,44f9253587,grassroot,2.0,de70bf1dc1
1,166c0bb8e4,grassroot,43.0,de70bf1dc1
1,91b7d36409,grassroot,12.0,de70bf1dc1
1,3c205dc713,grassroot,2.0,de70bf1dc1
1,fb17de9a07,grassroot,2.0,de70bf1dc1
1,d32edda229,grassroot,2.0,de70bf1dc1
1,a4befe11fa,grassroot,11.0,de70bf1dc1
1,d3318700fe,unknown,,de70bf1dc1
1,13f91006e4,grassroot,5.0,de70bf1dc1
1,c140da9303,grassroot,3.0,de70bf1dc1
1,f3c28095c2,grassroot,2.0,de70bf1dc1
1,a87a8c01c3,grassroot,9.0,de70bf1dc1
1,ba862d318c,grassroot,2.0,de70bf1dc1
1,f51d3cec96,grassroot,2.0,de70bf1dc1
1,f5e820923b,grassroot,5.0,de70bf1dc1
1,814f19b417,grassroot,43.0,de70bf1dc1
1,6145cb05eb,grassroot,2.0,de70bf1dc1
1,cfa7904e73,grassroot,2.0,de70bf1dc1
1,e0e22df02a,grassroot,2.0,de70bf1dc1
1,89793d3c2d,grassroot,4.0,de70bf1dc1
1,407b2f6909,grassroot,2.0,de70bf1dc1
1,5ae5537a59,grassroot,9.0,de70bf1dc1
1,f14705eb11,grassroot,2.0,de70bf1dc1
1,c8e42935a1,grassroot,2.0,de70bf1dc1
1,2f790e5d85,grassroot,70.0,de70bf1dc1
1,a1be120964,grassroot,2.0,de70bf1dc1
1,137b32216b,grassroot,9.0,de70bf1dc1
1,5889664d21,grassroot,2.0,de70bf1dc1
1,941c6be404,grassroot,2.0,de70bf1dc1
1,189367753a,grassroot,2.0,de70bf1dc1
1,13080836fb,grassroot,2.0,de70bf1dc1
1,8184ec7732,grassroot,2.0,de70bf1dc1
1,2f92f6ab8d,grassroot,2.0,de70bf1dc1
1,ea8e8d6325,grassroot,74.0,de70bf1dc1
1,b0193c869c,grassroot,2.0,de70bf1dc1
1,9049e26e83,grassroot,2.0,de70bf1dc1
1,15f54a9daf,grassroot,2.0,de70bf1dc1
1,36954a6e91,grassroot,2.0,de70bf1dc1
1,1f91234e55,grassroot,837.0,de70bf1dc1
1,b57152349e,grassroot,9.0,de70bf1dc1
1,60a84cf14b,grassroot,9.0,de70bf1dc1
1,e60589452d,grassroot,2.0,de70bf1dc1
1,265f74a953,grassroot,2.0,de70bf1dc1
1,4a0c3aef13,grassroot,2.0,de70bf1dc1
1,21ce6e710a,grassroot,2.0,de70bf1dc1
1,4ef265f613,grassroot,2.0,de70bf1dc1
1,b1f63f1b9d,grassroot,2.0,de70bf1dc1
1,d0d2849548,grassroot,2.0,de70bf1dc1
1,2bd4dc9343,grassroot,12.0,de70bf1dc1
1,55ad24975e,grassroot,2.0,de70bf1dc1
1,f18cead662,grassroot,2.0,de70bf1dc1
1,f517a94f62,grassroot,2.0,de70bf1dc1
1,5029049c59,grassroot,2.0,de70bf1dc1
1,e330386134,grassroot,2.0,de70bf1dc1
1,3f9f6a2542,grassroot,2.0,de70bf1dc1
1,52b4001e9d,grassroot,12.0,de70bf1dc1
1,8dad4c538f,grassroot,12.0,de70bf1dc1
1,624689d182,grassroot,24.0,de70bf1dc1
1,67ac11dcf1,grassroot,3.0,de70bf1dc1
1,2b10a189fc,grassroot,2.0,de70bf1dc1
1,0c8a8a6679,grassroot,15.0,de70bf1dc1
1,88edffef63,grassroot,24.0,de70bf1dc1
1,c55c1956bf,grassroot,2.0,de70bf1dc1
1,84f266cbec,grassroot,2.0,de70bf1dc1
1,1694e8a20e,grassroot,42.0,de70bf1dc1
1,9f9788b5c8,grassroot,2.0,de70bf1dc1
2,27525d5ee2,grassroot,9.0,de70bf1dc1
2,767ee8ddf9,grassroot,35.0,de70bf1dc1
2,ba70fba8c3,grassroot,35.0,de70bf1dc1
2,cfcf7b823d,grassroot,2.0,de70bf1dc1
2,453f1e93a7,grassroot,51.0,de70bf1dc1
2,91e5224d30,grassroot,35.0,de70bf1dc1
2,5d18f243c9,grassroot,43.0,de70bf1dc1
2,61ad881107,grassroot,9.0,de70bf1dc1
2,8fe335facf,grassroot,2.0,de70bf1dc1
2,404b9f4db9,grassroot,2.0,de70bf1dc1
2,9c28fb08e7,grassroot,43.0,de70bf1dc1
2,bd8c7a6c85,grassroot,35.0,de70bf1dc1
2,6ff73a1c3f,grassroot,9.0,de70bf1dc1
2,7568a708a0,grassroot,51.0,de70bf1dc1
2,74f3a142fb,grassroot,32.0,de70bf1dc1
2,2caecffab5,grassroot,2.0,de70bf1dc1
2,60d2a2c6b3,grassroot,35.0,de70bf1dc1
2,da02f36e72,grassroot,35.0,de70bf1dc1
2,c467dd27c5,grassroot,6.0,de70bf1dc1
2,212126f3ec,grassroot,51.0,de70bf1dc1
2,991a47ef57,grassroot,2.0,de70bf1dc1
2,e441fce5bd,grassroot,2.0,de70bf1dc1
2,99b59fec83,grassroot,2.0,de70bf1dc1
2,2b9a028101,grassroot,7.0,de70bf1dc1
2,a2b809607b,grassroot,32.0,de70bf1dc1
2,b436f88266,grassroot,24.0,de70bf1dc1
2,31cdc3aaf3,grassroot,32.0,de70bf1dc1
2,8689853e1e,grassroot,11.0,de70bf1dc1
2,d7551ecb0b,grassroot,35.0,de70bf1dc1
2,07454490ca,grassroot,2.0,de70bf1dc1
2,d06466b990,grassroot,58.0,de70bf1dc1
2,dec907d7c8,grassroot,32.0,de70bf1dc1
2,c4f820afb2,grassroot,2.0,de70bf1dc1
2,7c8f3004e1,grassroot,32.0,de70bf1dc1
2,1c0fe8c4d7,grassroot,85.0,de70bf1dc1
2,e74bd781f7,grassroot,32.0,de70bf1dc1
2,3d4719364e,grassroot,2.0,de70bf1dc1
2,4f82a5e14a,grassroot,42.0,de70bf1dc1
2,b702365a70,grassroot,11.0,de70bf1dc1
2,292924de4f,grassroot,9.0,de70bf1dc1
2,ce65719338,grassroot,9.0,de70bf1dc1
2,8d682cf6eb,grassroot,2.0,de70bf1dc1
2,d9769436ee,grassroot,2.0,de70bf1dc1
2,f5374c3389,grassroot,35.0,de70bf1dc1
2,af92a3ac69,grassroot,9.0,de70bf1dc1
2,2a3dae4d88,grassroot,2.0,de70bf1dc1
2,98e313c3d2,grassroot,35.0,de70bf1dc1
2,83b90f4e0c,grassroot,51.0,de70bf1dc1
2,ef73f939a4,grassroot,32.0,de70bf1dc1
2,6e7b17bf6f,grassroot,2.0,de70bf1dc1
2,380d9c3c46,grassroot,9.0,de70bf1dc1
2,8ca7d20f4d,grassroot,6.0,de70bf1dc1
2,69faf4c965,grassroot,2.0,de70bf1dc1
2,b3ceb8aba4,grassroot,10.0,de70bf1dc1
2,5ab645bb87,grassroot,9.0,de70bf1dc1
2,11b307cd0a,grassroot,35.0,de70bf1dc1
2,036afb888e,grassroot,32.0,de70bf1dc1
2,ed5eb00469,grassroot,32.0,de70bf1dc1
2,a72e4f65da,grassroot,10.0,de70bf1dc1
2,0aa07be81c,grassroot,69.0,de70bf1dc1
2,8dfbaa7739,grassroot,74.0,de70bf1dc1
2,e2ae3b98c0,grassroot,32.0,de70bf1dc1
2,967fcf4d90,grassroot,2.0,de70bf1dc1
2,cd42ac3afe,grassroot,74.0,de70bf1dc1
2,924688a3f6,grassroot,35.0,de70bf1dc1
2,8f2ebc212c,grassroot,51.0,de70bf1dc1
2,4f9dcd82f0,grassroot,35.0,de70bf1dc1
2,c8f0d89808,grassroot,43.0,de70bf1dc1
2,55f7ba0b19,grassroot,2.0,de70bf1dc1
2,4b0463e7ff,grassroot,2.0,de70bf1dc1
2,f14563678c,grassroot,9.0,de70bf1dc1
2,65d6b26dba,grassroot,32.0,de70bf1dc1
2,e306e1ef39,grassroot,51.0,de70bf1dc1
2,3fb6cda9fa,grassroot,9.0,de70bf1dc1
2,b7c34d2940,grassroot,2.0,de70bf1dc1
2,7c14116240,grassroot,35.0,de70bf1dc1
2,4bec6b7836,grassroot,32.0,de70bf1dc1
2,39fdc94d38,grassroot,43.0,de70bf1dc1
2,b99be91508,grassroot,2.0,de70bf1dc1
2,46a6f0e419,grassroot,35.0,de70bf1dc1
2,d928e1be72,grassroot,51.0,de70bf1dc1
2,50817efb0f,grassroot,54.0,de70bf1dc1
2,059c0572b6,grassroot,74.0,de70bf1dc1
2,b35bf22030,grassroot,9.0,de70bf1dc1
2,b47adfc0b9,grassroot,9.0,de70bf1dc1
2,9f1e50f56d,grassroot,9.0,de70bf1dc1
2,dc5344aacd,grassroot,32.0,de70bf1dc1
2,65bc0aa864,grassroot,2.0,de70bf1dc1
2,65e4c5ee95,grassroot,51.0,de70bf1dc1
2,993ab8fe6d,grassroot,10.0,de70bf1dc1
2,c70f888227,grassroot,4.0,de70bf1dc1
2,8631a03913,grassroot,42.0,de70bf1dc1
2,1ba8b0a220,grassroot,70.0,de70bf1dc1
2,a635d7399a,grassroot,9.0,de70bf1dc1
2,479041489e,grassroot,32.0,de70bf1dc1
2,90a5cfff6f,grassroot,2.0,de70bf1dc1
2,681e0554a5,grassroot,7.0,de70bf1dc1
2,b92f8a6006,grassroot,69.0,de70bf1dc1
2,ac0dafa905,grassroot,9.0,de70bf1dc1
2,29cc779353,grassroot,70.0,de70bf1dc1
2,08c62ce1f4,grassroot,51.0,de70bf1dc1
2,1d51e5364c,grassroot,13.0,de70bf1dc1
2,26543f593f,grassroot,35.0,de70bf1dc1
2,9a553a66bd,grassroot,35.0,de70bf1dc1
2,d5d939392d,grassroot,9.0,de70bf1dc1
2,affedfed2f,grassroot,2.0,de70bf1dc1
2,de92c87eae,grassroot,51.0,de70bf1dc1
2,ae039f4a4a,grassroot,69.0,de70bf1dc1
2,9fdfa7814e,grassroot,2.0,de70bf1dc1
2,1a582db865,grassroot,74.0,de70bf1dc1
2,ff41d3ea78,grassroot,35.0,de70bf1dc1
2,ecb20b004b,grassroot,74.0,de70bf1dc1
2,99a11b64e2,grassroot,51.0,de70bf1dc1
2,3bc144eb7e,grassroot,86.0,de70bf1dc1
2,468a7e3e44,grassroot,15.0,de70bf1dc1
2,2f324a4c92,grassroot,32.0,de70bf1dc1
2,98130fdd95,grassroot,32.0,de70bf1dc1
2,a500ccdc78,grassroot,35.0,de70bf1dc1
2,157e35b8e3,grassroot,42.0,de70bf1dc1
2,7798ec20bd,grassroot,9.0,de70bf1dc1
2,1ef15e8e0b,grassroot,74.0,de70bf1dc1
2,209eed4fe8,grassroot,9.0,de70bf1dc1
2,1f1412ebbb,grassroot,35.0,de70bf1dc1
3,222e40aeb1,grassroot,69.0,de70bf1dc1
3,0533681399,grassroot,51.0,de70bf1dc1
3,de0550d666,grassroot,43.0,de70bf1dc1
3,41e8c21a83,grassroot,51.0,de70bf1dc1
3,97755eacd7,grassroot,69.0,de70bf1dc1
3,3eea39fcc3,grassroot,35.0,de70bf1dc1
3,544ef343d3,grassroot,74.0,de70bf1dc1
3,298b74baa6,grassroot,2.0,de70bf1dc1
3,ba1cc0b01a,grassroot,9.0,de70bf1dc1
3,39a5575a71,grassroot,51.0,de70bf1dc1
3,bbdfc210d4,grassroot,74.0,de70bf1dc1
3,7c59d88abc,grassroot,74.0,de70bf1dc1
3,092274035f,grassroot,9.0,de70bf1dc1
3,3ac8e83a9c,grassroot,9.0,de70bf1dc1
3,7b3468fd67,grassroot,43.0,de70bf1dc1
3,d05e729496,grassroot,74.0,de70bf1dc1
3,bb08e8b412,grassroot,43.0,de70bf1dc1
3,59df5f55fa,grassroot,51.0,de70bf1dc1
3,d79e0dbbb0,grassroot,43.0,de70bf1dc1
3,2b87a2384a,grassroot,11.0,de70bf1dc1
3,3337cbe091,grassroot,74.0,de70bf1dc1
3,21147f3f89,grassroot,74.0,de70bf1dc1
3,7a626e505f,grassroot,51.0,de70bf1dc1
3,eb45ecd427,grassroot,43.0,de70bf1dc1
3,9f67aaed57,grassroot,35.0,de70bf1dc1
3,d31ffb4953,grassroot,2.0,de70bf1dc1
3,70027a300a,grassroot,74.0,de70bf1dc1
3,0f4aa4becf,grassroot,43.0,de70bf1dc1
3,1931102c16,grassroot,43.0,de70bf1dc1
4,188e25972c,grassroot,51.0,de70bf1dc1
4,73e708b1cf,grassroot,51.0,de70bf1dc1
4,0c007fe2c7,grassroot,11.0,de70bf1dc1
4,5a126d801b,grassroot,11.0,de70bf1dc1
4,28856fb432,grassroot,51.0,de70bf1dc1
4,a2c06e37b1,grassroot,51.0,de70bf1dc1
4,4520e8c634,grassroot,86.0,de70bf1dc1
5,71d18ab73d,grassroot,51.0,de70bf1dc1
1,8741ec2db6,grassroot,10.0,76b0b720a0
1,e731086082,grassroot,35.0,76b0b720a0
1,7dc82bab60,grassroot,10.0,76b0b720a0
1,6b45deae5a,grassroot,10.0,76b0b720a0
1,11df79f97c,grassroot,10.0,76b0b720a0
1,e6174a8336,grassroot,10.0,76b0b720a0
1,19586f3712,grassroot,16.0,76b0b720a0
1,b42b9d1537,grassroot,10.0,76b0b720a0
1,61d8b3d166,grassroot,10.0,76b0b720a0
1,4c208dea9c,grassroot,10.0,76b0b720a0
1,b853b2d33e,grassroot,10.0,76b0b720a0
1,b984c18761,grassroot,10.0,76b0b720a0
1,96ebaeb550,grassroot,10.0,76b0b720a0
1,8e86ae124f,grassroot,10.0,76b0b720a0
1,6ee41697b5,grassroot,10.0,76b0b720a0
1,d4ac06aebd,grassroot,10.0,76b0b720a0
1,458b5e6471,grassroot,10.0,76b0b720a0
1,08ea7d43cb,grassroot,9.0,76b0b720a0
1,d1d5441973,grassroot,10.0,76b0b720a0
1,30f89d298c,grassroot,10.0,76b0b720a0
1,b4aeafe258,grassroot,10.0,76b0b720a0
1,46fa83bb96,grassroot,2.0,76b0b720a0
1,3ba02444e3,grassroot,10.0,76b0b720a0
1,8a2bc8d2ab,grassroot,10.0,76b0b720a0
1,bb2a0e44e6,grassroot,10.0,76b0b720a0
1,73723da559,grassroot,10.0,76b0b720a0
1,5e33d97bfc,grassroot,10.0,76b0b720a0
1,cfac692604,grassroot,10.0,76b0b720a0
1,4d3978ff37,grassroot,10.0,76b0b720a0
1,4cb31a34bc,grassroot,10.0,76b0b720a0
1,ffb3e14f6b,grassroot,10.0,76b0b720a0
1,531bbcffd3,grassroot,10.0,76b0b720a0
1,1238faed35,grassroot,10.0,76b0b720a0
1,fed1b9b3b9,grassroot,10.0,76b0b720a0
1,958edbaff0,grassroot,2.0,76b0b720a0
1,0ac8aa89e1,grassroot,10.0,76b0b720a0
1,9b773c9bf9,grassroot,10.0,76b0b720a0
1,6115bbe8b3,grassroot,10.0,76b0b720a0
1,7e42702868,grassroot,10.0,76b0b720a0
1,aef62eceac,grassroot,10.0,76b0b720a0
1,e5ff6369ce,grassroot,10.0,76b0b720a0
1,c7222415b5,grassroot,10.0,76b0b720a0
1,e0bfcfa9f0,grassroot,10.0,76b0b720a0
1,42a38f7458,grassroot,7.0,76b0b720a0
1,1496972379,grassroot,10.0,76b0b720a0
1,3b69c5a565,grassroot,12.0,76b0b720a0
1,952920d947,grassroot,10.0,76b0b720a0
1,3c77b9aa2c,grassroot,11.0,76b0b720a0
1,215521d07d,grassroot,10.0,76b0b720a0
1,4230390dcb,grassroot,10.0,76b0b720a0
1,fc7315dd69,grassroot,10.0,76b0b720a0
1,0c87a4beaf,grassroot,10.0,76b0b720a0
1,075abccb10,grassroot,10.0,76b0b720a0
1,baf31e67d4,grassroot,10.0,76b0b720a0
1,993ab8fe6d,grassroot,10.0,76b0b720a0
1,2f6a79306a,grassroot,10.0,76b0b720a0
1,7fe8e2d4aa,grassroot,10.0,76b0b720a0
1,5f44a686cb,grassroot,11.0,76b0b720a0
1,534ceaa75a,grassroot,10.0,76b0b720a0
1,0b8665589b,grassroot,10.0,76b0b720a0
1,c10de35cb2,grassroot,86.0,76b0b720a0
1,f35d2bc99a,grassroot,10.0,76b0b720a0
1,c12603f905,grassroot,10.0,76b0b720a0
1,1d485addc5,grassroot,10.0,76b0b720a0
1,df3eb0c1a6,grassroot,3.0,76b0b720a0
1,d1030416b4,grassroot,10.0,76b0b720a0
1,8fb9c1ba33,grassroot,42.0,76b0b720a0
1,c2c77f4ebd,grassroot,2.0,76b0b720a0
1,fa63d0701f,grassroot,10.0,76b0b720a0
1,d7e6718945,grassroot,10.0,76b0b720a0
1,43e65069c1,grassroot,10.0,76b0b720a0
1,e5fcc01750,grassroot,10.0,76b0b720a0
1,e483ba0140,grassroot,10.0,76b0b720a0
1,f84f296754,grassroot,10.0,76b0b720a0
1,b186c8408d,grassroot,42.0,76b0b720a0
1,068cb51083,grassroot,86.0,76b0b720a0
1,461a8c8ffe,grassroot,10.0,76b0b720a0
1,de060892a8,grassroot,10.0,76b0b720a0
1,6e0048e325,grassroot,10.0,76b0b720a0
1,d0b8dfeb87,grassroot,10.0,76b0b720a0
1,031554430f,grassroot,7.0,76b0b720a0
1,492652bb32,grassroot,10.0,76b0b720a0
1,d7048c230b,grassroot,58.0,76b0b720a0
1,9200c5852d,grassroot,6.0,76b0b720a0
1,d95ea93ee5,grassroot,10.0,76b0b720a0
1,738b3869f7,grassroot,49.0,76b0b720a0
1,aba64b26e7,grassroot,123.0,76b0b720a0
1,2b334c668a,grassroot,10.0,76b0b720a0
1,69547e1690,grassroot,11.0,76b0b720a0
1,2b9a028101,grassroot,7.0,76b0b720a0
1,ed6f409039,grassroot,10.0,76b0b720a0
1,7df40bc6d1,grassroot,12.0,76b0b720a0
1,a8c4416f94,grassroot,3.0,76b0b720a0
1,f7c1d41900,grassroot,10.0,76b0b720a0
1,1eb2b59aca,grassroot,58.0,76b0b720a0
1,c447d7bf26,grassroot,10.0,76b0b720a0
1,8aaf5f7ba4,grassroot,10.0,76b0b720a0
1,a804eecfba,grassroot,10.0,76b0b720a0
1,c2266d748d,grassroot,12.0,76b0b720a0
1,7699b4b240,grassroot,10.0,76b0b720a0
1,9062a4cc39,grassroot,2.0,76b0b720a0
1,55973eabc5,grassroot,10.0,76b0b720a0
1,3053681746,grassroot,10.0,76b0b720a0
1,b91e4a96dc,grassroot,3.0,76b0b720a0
1,fbbbbb24bd,grassroot,10.0,76b0b720a0
1,3c483d3f58,grassroot,10.0,76b0b720a0
1,181271141e,grassroot,10.0,76b0b720a0
1,efb30b9b8c,grassroot,10.0,76b0b720a0
1,b59588a0f4,grassroot,10.0,76b0b720a0
1,3338802bcb,grassroot,10.0,76b0b720a0
1,3e11a845db,grassroot,10.0,76b0b720a0
1,8d47a3ac4e,grassroot,10.0,76b0b720a0
1,d25876b080,grassroot,10.0,76b0b720a0
1,dcdd8aed99,grassroot,10.0,76b0b720a0
1,4c03da40c1,grassroot,10.0,76b0b720a0
1,3b6b4b79a3,grassroot,10.0,76b0b720a0
1,af080c585a,grassroot,10.0,76b0b720a0
1,9a58cf2943,grassroot,10.0,76b0b720a0
1,a9b1028e41,grassroot,10.0,76b0b720a0
1,450810f921,grassroot,10.0,76b0b720a0
1,0c2badec5d,grassroot,10.0,76b0b720a0
1,ff5dd7a51d,grassroot,10.0,76b0b720a0
1,b47380315b,grassroot,10.0,76b0b720a0
1,844de18574,grassroot,9.0,76b0b720a0
1,2a29b8f2f3,grassroot,10.0,76b0b720a0
1,891c7e37b2,grassroot,10.0,76b0b720a0
1,b7c4558c34,grassroot,10.0,76b0b720a0
1,c518770958,grassroot,10.0,76b0b720a0
1,0e13cfc889,grassroot,10.0,76b0b720a0
1,8871be18b3,grassroot,10.0,76b0b720a0
1,9c138ce7b3,grassroot,10.0,76b0b720a0
1,ff26a147fa,grassroot,10.0,76b0b720a0
1,6150da75ce,grassroot,10.0,76b0b720a0
1,af041a140e,grassroot,10.0,76b0b720a0
1,60b55353d2,grassroot,10.0,76b0b720a0
1,fd885f306f,grassroot,2.0,76b0b720a0
1,5b1d6e0881,grassroot,9.0,76b0b720a0
1,3850f104ac,grassroot,10.0,76b0b720a0
1,506306cc9c,grassroot,5.0,76b0b720a0
1,81e9ea236b,grassroot,10.0,76b0b720a0
1,82c0d5a91a,grassroot,10.0,76b0b720a0
1,c53eb02bfb,grassroot,12.0,76b0b720a0
1,63009fd85b,grassroot,10.0,76b0b720a0
1,2b0b9813c7,grassroot,10.0,76b0b720a0
1,a117ad02d3,grassroot,10.0,76b0b720a0
1,ad6e4b83a8,grassroot,5.0,76b0b720a0
1,e293317744,grassroot,10.0,76b0b720a0
1,27525d5ee2,grassroot,9.0,76b0b720a0
1,7d3e67789f,grassroot,10.0,76b0b720a0
1,e184983b07,grassroot,10.0,76b0b720a0
1,595d2bf952,grassroot,10.0,76b0b720a0
1,e58837a996,grassroot,10.0,76b0b720a0
1,b2133bf274,grassroot,10.0,76b0b720a0
1,c4bd6e68ac,grassroot,10.0,76b0b720a0
1,dcd2a4f69d,grassroot,58.0,76b0b720a0
1,264f1572de,grassroot,10.0,76b0b720a0
1,1e4367722f,grassroot,10.0,76b0b720a0
1,91dcad5dfd,grassroot,10.0,76b0b720a0
1,82ab3326b6,grassroot,10.0,76b0b720a0
1,639622daa6,grassroot,10.0,76b0b720a0
1,0a76431639,grassroot,10.0,76b0b720a0
1,38e19f561f,grassroot,10.0,76b0b720a0
1,a9818fec72,grassroot,10.0,76b0b720a0
1,0b9f95e787,grassroot,10.0,76b0b720a0
1,5871d7d368,grassroot,10.0,76b0b720a0
1,61edf5adf3,grassroot,15.0,76b0b720a0
1,e4e4e27ab2,grassroot,10.0,76b0b720a0
1,7af97365d4,grassroot,10.0,76b0b720a0
1,cddacbc18e,grassroot,10.0,76b0b720a0
1,e6af30e2bb,grassroot,10.0,76b0b720a0
1,2b87a2384a,grassroot,11.0,76b0b720a0
1,ff4b36b0a1,grassroot,10.0,76b0b720a0
1,ba0c8a2a73,grassroot,10.0,76b0b720a0
1,62a344facc,grassroot,10.0,76b0b720a0
1,bbd78bbcd6,grassroot,10.0,76b0b720a0
1,2701f42d22,grassroot,10.0,76b0b720a0
1,f2096e78a1,grassroot,10.0,76b0b720a0
1,4a47e7f45b,grassroot,3.0,76b0b720a0
1,2790627caa,grassroot,10.0,76b0b720a0
1,52a88987fe,grassroot,10.0,76b0b720a0
1,b69aff9393,grassroot,10.0,76b0b720a0
1,14c5034ba8,grassroot,10.0,76b0b720a0
1,ed30200058,grassroot,10.0,76b0b720a0
1,05569fae58,grassroot,4.0,76b0b720a0
1,5c792dfcd0,grassroot,58.0,76b0b720a0
1,987b849cba,grassroot,10.0,76b0b720a0
1,9ee1824a30,grassroot,10.0,76b0b720a0
1,6cc4e9ae1a,grassroot,10.0,76b0b720a0
1,ed59592cda,grassroot,10.0,76b0b720a0
1,54acd1b858,grassroot,7.0,76b0b720a0
1,7520e7f1ba,grassroot,10.0,76b0b720a0
1,4c8e2c5dc1,grassroot,10.0,76b0b720a0
1,b1d5c1bd74,grassroot,10.0,76b0b720a0
1,32d45a511c,grassroot,10.0,76b0b720a0
1,a2e1be373e,grassroot,10.0,76b0b720a0
1,7b71808e97,grassroot,10.0,76b0b720a0
1,50862975bd,grassroot,8.0,76b0b720a0
1,ebcf7f94f0,grassroot,10.0,76b0b720a0
1,11e58659dd,grassroot,10.0,76b0b720a0
1,8416dbd78e,grassroot,10.0,76b0b720a0
1,a20eea7e93,grassroot,4.0,76b0b720a0
1,481758a89b,grassroot,10.0,76b0b720a0
1,b179978a97,grassroot,10.0,76b0b720a0
1,c88ffd545e,grassroot,10.0,76b0b720a0
1,b888d3da3e,grassroot,10.0,76b0b720a0
1,d890991598,grassroot,10.0,76b0b720a0
1,42811cb75d,grassroot,2.0,76b0b720a0
1,d530a0ba12,grassroot,10.0,76b0b720a0
1,8b5aa93525,grassroot,10.0,76b0b720a0
1,9bff7a7f1c,grassroot,10.0,76b0b720a0
1,091c8d3bab,grassroot,3.0,76b0b720a0
1,174b08fb51,grassroot,6.0,76b0b720a0
1,f0a6c8aff9,grassroot,10.0,76b0b720a0
1,930980e5e8,grassroot,10.0,76b0b720a0
1,0959fe09a6,grassroot,13.0,76b0b720a0
1,18910c0087,grassroot,10.0,76b0b720a0
1,29727064fb,grassroot,10.0,76b0b720a0
1,03a00d2962,grassroot,10.0,76b0b720a0
1,0a3af20886,grassroot,10.0,76b0b720a0
1,97d99f6496,grassroot,10.0,76b0b720a0
1,57dc1393eb,grassroot,10.0,76b0b720a0
1,af2ce48c10,grassroot,10.0,76b0b720a0
1,5354615aa8,grassroot,10.0,76b0b720a0
1,3c7422cec5,grassroot,10.0,76b0b720a0
1,fe577a1e26,grassroot,4.0,76b0b720a0
1,818d65b67a,grassroot,7.0,76b0b720a0
1,e081ed73c2,grassroot,1.0,76b0b720a0
1,b210fb64cc,grassroot,10.0,76b0b720a0
1,b7dc1ba472,grassroot,2.0,76b0b720a0
1,82959182fb,grassroot,10.0,76b0b720a0
1,ca07a2e738,grassroot,10.0,76b0b720a0
1,82b30ed85c,grassroot,9.0,76b0b720a0
1,199ebde1e8,grassroot,10.0,76b0b720a0
1,20b6be57b9,grassroot,10.0,76b0b720a0
1,f55cd860ee,grassroot,10.0,76b0b720a0
1,ce1236f881,grassroot,10.0,76b0b720a0
1,dc62fced69,grassroot,10.0,76b0b720a0
1,d169888224,grassroot,10.0,76b0b720a0
1,79d98e5ec5,grassroot,89.0,76b0b720a0
1,75da032353,grassroot,10.0,76b0b720a0
1,f8e83ec3ee,grassroot,10.0,76b0b720a0
1,1cd8054bb2,grassroot,43.0,76b0b720a0
1,ec9f88ce19,grassroot,10.0,76b0b720a0
1,4f4e9372ed,grassroot,42.0,76b0b720a0
1,035ac535b8,grassroot,10.0,76b0b720a0
1,361b0c346a,grassroot,10.0,76b0b720a0
1,5d68aca15d,grassroot,10.0,76b0b720a0
1,5f35b7184d,grassroot,1453.0,76b0b720a0
1,9121232086,grassroot,10.0,76b0b720a0
1,c65251dfa3,grassroot,2.0,76b0b720a0
1,08e250a1c7,grassroot,10.0,76b0b720a0
1,93500dde9e,grassroot,10.0,76b0b720a0
1,d07669e776,grassroot,10.0,76b0b720a0
1,d3adc03d50,grassroot,10.0,76b0b720a0
1,2fbfde283b,grassroot,10.0,76b0b720a0
1,f41da03273,grassroot,10.0,76b0b720a0
1,88eff83796,grassroot,10.0,76b0b720a0
1,8f7a3a1e6f,grassroot,10.0,76b0b720a0
1,5100db34a5,grassroot,10.0,76b0b720a0
1,bea06a1716,grassroot,10.0,76b0b720a0
1,a9d7d1066b,grassroot,10.0,76b0b720a0
1,f2d53c6493,grassroot,10.0,76b0b720a0
1,36676bd476,grassroot,10.0,76b0b720a0
1,8ea000fd02,grassroot,10.0,76b0b720a0
1,6c6b715f94,grassroot,10.0,76b0b720a0
1,dd227f7802,grassroot,10.0,76b0b720a0
1,cc471ed983,grassroot,10.0,76b0b720a0
1,026f0daad3,grassroot,10.0,76b0b720a0
1,a72e4f65da,grassroot,10.0,76b0b720a0
1,f275da9d89,grassroot,10.0,76b0b720a0
1,42c6405ed0,grassroot,70.0,76b0b720a0
1,795e2ec6af,grassroot,1.0,76b0b720a0
1,643c99a29d,grassroot,10.0,76b0b720a0
1,4df10c4cf9,grassroot,10.0,76b0b720a0
1,baf4c23ca0,grassroot,10.0,76b0b720a0
1,6c67903802,grassroot,10.0,76b0b720a0
1,997adeec76,grassroot,10.0,76b0b720a0
1,91b7d36409,grassroot,12.0,76b0b720a0
1,ebcd53bd07,grassroot,10.0,76b0b720a0
1,dbe300e304,grassroot,10.0,76b0b720a0
1,76da7f26a0,grassroot,10.0,76b0b720a0
1,e485764908,grassroot,10.0,76b0b720a0
1,c84c4be41b,grassroot,10.0,76b0b720a0
1,71d18ab73d,grassroot,51.0,76b0b720a0
1,e6c43e322a,grassroot,10.0,76b0b720a0
1,2ab466e232,grassroot,2.0,76b0b720a0
1,8385554f45,grassroot,10.0,76b0b720a0
1,c82112026b,grassroot,10.0,76b0b720a0
1,7f97d08f10,grassroot,10.0,76b0b720a0
1,37bc60d534,grassroot,10.0,76b0b720a0
1,8f1f4e3eba,grassroot,6.0,76b0b720a0
1,c7d2ec762b,grassroot,10.0,76b0b720a0
1,3a0fd160f8,grassroot,10.0,76b0b720a0
1,c4415261ed,grassroot,10.0,76b0b720a0
1,81eadfd0f5,grassroot,10.0,76b0b720a0
1,0d68d7d39b,grassroot,3.0,76b0b720a0
1,8c5cbbe149,grassroot,10.0,76b0b720a0
1,b6d12d8c30,grassroot,10.0,76b0b720a0
1,703cb06374,grassroot,10.0,76b0b720a0
1,67f51e9e07,grassroot,10.0,76b0b720a0
1,3bc144eb7e,grassroot,86.0,76b0b720a0
1,89df71ce7f,grassroot,10.0,76b0b720a0
1,ebbb320181,grassroot,10.0,76b0b720a0
1,67ac11dcf1,grassroot,3.0,76b0b720a0
1,38edf7d826,grassroot,10.0,76b0b720a0
1,c5023e2200,grassroot,10.0,76b0b720a0
1,50db496673,grassroot,10.0,76b0b720a0
2,d06466b990,grassroot,58.0,76b0b720a0
2,187d12a75c,grassroot,7.0,76b0b720a0
2,9fdfa7814e,grassroot,2.0,76b0b720a0
2,7221b32a7c,grassroot,86.0,76b0b720a0
2,0c007fe2c7,grassroot,11.0,76b0b720a0
2,5a126d801b,grassroot,11.0,76b0b720a0
2,db141e375f,grassroot,1.0,76b0b720a0
2,37668d21cc,grassroot,11.0,76b0b720a0
2,a22d9e12ab,grassroot,10.0,76b0b720a0
2,c65319db0a,grassroot,6.0,76b0b720a0
2,91edd03b8d,grassroot,86.0,76b0b720a0
2,8b381c1a62,grassroot,12.0,76b0b720a0
2,6d4806414e,grassroot,11.0,76b0b720a0
2,00b527e658,grassroot,7.0,76b0b720a0
1,ad6e4b83a8,grassroot,5.0,fc8fa39f0b
1,ea6fef76b2,grassroot,4.0,fc8fa39f0b
1,2d331a8185,grassroot,14.0,fc8fa39f0b
1,236cbcf6f7,grassroot,7.0,fc8fa39f0b
1,a1905dd058,grassroot,7.0,fc8fa39f0b
1,e3b93a8908,grassroot,7.0,fc8fa39f0b
1,9439eba3e2,grassroot,11.0,fc8fa39f0b
1,094db28c56,grassroot,7.0,fc8fa39f0b
1,7e29a4cdef,grassroot,7.0,fc8fa39f0b
1,de97c6e4da,grassroot,7.0,fc8fa39f0b
1,1a0f90ac27,grassroot,7.0,fc8fa39f0b
1,ab04e2a476,grassroot,7.0,fc8fa39f0b
1,ba7a8f40dd,grassroot,6.0,fc8fa39f0b
1,cfae51dc75,grassroot,7.0,fc8fa39f0b
1,bd40df678c,grassroot,8.0,fc8fa39f0b
1,dd8e004ad9,grassroot,7.0,fc8fa39f0b
1,afde946541,grassroot,6.0,fc8fa39f0b
1,f7414ab8d4,grassroot,7.0,fc8fa39f0b
1,2f33b497ba,grassroot,7.0,fc8fa39f0b
1,fe9403376e,grassroot,7.0,fc8fa39f0b
1,8c24c23bf3,grassroot,58.0,fc8fa39f0b
1,3b03daf3fc,grassroot,7.0,fc8fa39f0b
1,a943387ef5,grassroot,7.0,fc8fa39f0b
1,0a8910c375,grassroot,43.0,fc8fa39f0b
1,19586f3712,grassroot,16.0,fc8fa39f0b
1,cc663d8f04,grassroot,7.0,fc8fa39f0b
1,b992fb8c3b,grassroot,7.0,fc8fa39f0b
1,6463b86e40,grassroot,123.0,fc8fa39f0b
1,6dc285d8ea,grassroot,7.0,fc8fa39f0b
1,ffed4e5ed3,grassroot,7.0,fc8fa39f0b
1,2e96128d4f,grassroot,7.0,fc8fa39f0b
1,afbb9d8a88,grassroot,7.0,fc8fa39f0b
1,11f2f39c04,grassroot,7.0,fc8fa39f0b
1,93214fe9c7,grassroot,7.0,fc8fa39f0b
1,1a90ce30c7,grassroot,1.0,fc8fa39f0b
1,684b50631d,grassroot,7.0,fc8fa39f0b
1,8f632e31bc,grassroot,7.0,fc8fa39f0b
1,d1b49c63ca,grassroot,1.0,fc8fa39f0b
1,ce928037e2,grassroot,7.0,fc8fa39f0b
1,f923937d48,grassroot,7.0,fc8fa39f0b
1,ef0ecc1eed,grassroot,7.0,fc8fa39f0b
1,10f4fdd4ec,grassroot,2.0,fc8fa39f0b
1,b0755845d9,grassroot,7.0,fc8fa39f0b
1,cb38642efb,grassroot,7.0,fc8fa39f0b
1,de95619003,grassroot,7.0,fc8fa39f0b
1,b0f9f761e7,grassroot,7.0,fc8fa39f0b
1,463b7b2239,grassroot,7.0,fc8fa39f0b
1,237533ea0a,grassroot,7.0,fc8fa39f0b
1,a1fba94742,grassroot,2.0,fc8fa39f0b
1,b7dcf734cc,grassroot,7.0,fc8fa39f0b
1,6ccfddbcdc,grassroot,7.0,fc8fa39f0b
1,415dfb0caf,grassroot,7.0,fc8fa39f0b
1,b5a0990816,grassroot,140.0,fc8fa39f0b
1,2b87a2384a,grassroot,11.0,fc8fa39f0b
1,6b9488d19c,grassroot,7.0,fc8fa39f0b
1,61a874f127,grassroot,86.0,fc8fa39f0b
1,c9fcf001a2,grassroot,7.0,fc8fa39f0b
1,89a54aeff4,grassroot,7.0,fc8fa39f0b
1,e8d9274fbf,grassroot,7.0,fc8fa39f0b
1,3181be2d23,grassroot,7.0,fc8fa39f0b
1,13900f22c7,grassroot,7.0,fc8fa39f0b
1,a1b3daf1aa,grassroot,7.0,fc8fa39f0b
1,c780eb78a4,grassroot,7.0,fc8fa39f0b
1,0141d7eb56,grassroot,7.0,fc8fa39f0b
1,c1f343ac3f,grassroot,7.0,fc8fa39f0b
1,06e6015fe3,grassroot,2.0,fc8fa39f0b
1,62ed96e55d,grassroot,7.0,fc8fa39f0b
1,1f4b3003fa,grassroot,7.0,fc8fa39f0b
1,13a00c1759,grassroot,7.0,fc8fa39f0b
1,2b9a028101,grassroot,7.0,fc8fa39f0b
1,1b0f54b268,grassroot,7.0,fc8fa39f0b
1,bda4f99b19,grassroot,7.0,fc8fa39f0b
1,1c0e6adbab,grassroot,7.0,fc8fa39f0b
1,83781a7763,grassroot,8.0,fc8fa39f0b
1,fcb4838b72,grassroot,16.0,fc8fa39f0b
1,47477cc8b9,grassroot,7.0,fc8fa39f0b
1,f0305c7be4,grassroot,7.0,fc8fa39f0b
1,2694a26811,grassroot,7.0,fc8fa39f0b
1,430fa4cb3c,grassroot,7.0,fc8fa39f0b
1,89f9384855,grassroot,7.0,fc8fa39f0b
1,775540fab4,grassroot,7.0,fc8fa39f0b
1,03a0dc0dba,grassroot,7.0,fc8fa39f0b
1,5c39ecbd58,grassroot,7.0,fc8fa39f0b
1,a48128bcb7,grassroot,7.0,fc8fa39f0b
1,a71704afea,grassroot,2.0,fc8fa39f0b
1,3a5ec21ad9,grassroot,7.0,fc8fa39f0b
1,dc826a3a21,grassroot,7.0,fc8fa39f0b
1,4a34e4c744,grassroot,7.0,fc8fa39f0b
1,d285e21852,grassroot,7.0,fc8fa39f0b
1,a1104685b9,grassroot,7.0,fc8fa39f0b
1,bcf4d9fdf4,grassroot,7.0,fc8fa39f0b
1,f89fa9ae02,grassroot,7.0,fc8fa39f0b
1,88fe34e738,grassroot,7.0,fc8fa39f0b
1,1dae502ed3,grassroot,7.0,fc8fa39f0b
1,f54a38488f,grassroot,7.0,fc8fa39f0b
1,e4782b8768,grassroot,7.0,fc8fa39f0b
1,d1b74aa6ab,grassroot,7.0,fc8fa39f0b
1,bf1996d11f,grassroot,7.0,fc8fa39f0b
1,21417f6985,grassroot,7.0,fc8fa39f0b
1,8ab50cf09a,grassroot,16.0,fc8fa39f0b
1,5eed603852,grassroot,7.0,fc8fa39f0b
1,6c265e68dc,grassroot,7.0,fc8fa39f0b
1,997bb61c5e,grassroot,8.0,fc8fa39f0b
1,47e61eb1e5,grassroot,7.0,fc8fa39f0b
1,45111b827c,grassroot,7.0,fc8fa39f0b
1,0286bf1d9d,grassroot,7.0,fc8fa39f0b
1,863a400c6e,grassroot,7.0,fc8fa39f0b
1,beebf0baba,grassroot,7.0,fc8fa39f0b
1,a59c63d798,grassroot,7.0,fc8fa39f0b
1,1f1a294883,grassroot,13.0,fc8fa39f0b
1,81bb4eca86,grassroot,7.0,fc8fa39f0b
1,1d88c7ec23,grassroot,7.0,fc8fa39f0b
1,f28907c97c,grassroot,7.0,fc8fa39f0b
1,54acd1b858,grassroot,7.0,fc8fa39f0b
1,53ebb41cce,grassroot,7.0,fc8fa39f0b
1,c2f13e4cbf,grassroot,7.0,fc8fa39f0b
1,bb33127bb9,grassroot,7.0,fc8fa39f0b
1,8223f35600,grassroot,7.0,fc8fa39f0b
1,a2855e7abb,grassroot,7.0,fc8fa39f0b
1,2ce36babad,grassroot,7.0,fc8fa39f0b
1,d9e713bedd,grassroot,7.0,fc8fa39f0b
1,ab2303f40a,grassroot,12.0,fc8fa39f0b
1,38683dba00,grassroot,7.0,fc8fa39f0b
1,b25bbf34d0,grassroot,7.0,fc8fa39f0b
1,a48ce97719,grassroot,7.0,fc8fa39f0b
1,f08545bd74,grassroot,7.0,fc8fa39f0b
1,b484db2628,grassroot,7.0,fc8fa39f0b
1,18ef66cac4,grassroot,7.0,fc8fa39f0b
1,aad2e94f9e,grassroot,7.0,fc8fa39f0b
1,e274d91bb2,grassroot,7.0,fc8fa39f0b
1,8c7272445e,grassroot,7.0,fc8fa39f0b
1,02f2ab6de7,grassroot,7.0,fc8fa39f0b
1,13c9e2ea6f,grassroot,7.0,fc8fa39f0b
1,1c6d2cb6de,grassroot,7.0,fc8fa39f0b
1,9022f47c56,grassroot,7.0,fc8fa39f0b
1,cc5b90c2c6,grassroot,7.0,fc8fa39f0b
1,c768e59475,grassroot,11.0,fc8fa39f0b
1,39731b2551,grassroot,8.0,fc8fa39f0b
1,13b72d91c0,grassroot,12.0,fc8fa39f0b
1,93cff5ba49,grassroot,7.0,fc8fa39f0b
1,08b5b18373,grassroot,7.0,fc8fa39f0b
1,8bb72c4b7a,grassroot,7.0,fc8fa39f0b
1,a880241d3f,grassroot,7.0,fc8fa39f0b
1,f231359bc9,grassroot,7.0,fc8fa39f0b
1,ac1d0a8df2,grassroot,7.0,fc8fa39f0b
1,aa19723ad2,grassroot,5.0,fc8fa39f0b
1,ccbcd006d8,grassroot,7.0,fc8fa39f0b
1,8dfbaa7739,grassroot,74.0,fc8fa39f0b
1,2fa7f0ad9a,grassroot,7.0,fc8fa39f0b
1,5e54782c7f,grassroot,7.0,fc8fa39f0b
1,aab8bc9387,grassroot,7.0,fc8fa39f0b
1,a0ca4858ba,grassroot,7.0,fc8fa39f0b
1,26b2fd2c17,grassroot,7.0,fc8fa39f0b
1,6c1358e817,grassroot,49.0,fc8fa39f0b
1,703a04c409,grassroot,7.0,fc8fa39f0b
1,ca41610d15,grassroot,7.0,fc8fa39f0b
1,c36fc3a2f7,grassroot,7.0,fc8fa39f0b
1,286911294d,grassroot,7.0,fc8fa39f0b
1,73a619bd5d,grassroot,7.0,fc8fa39f0b
1,4309cecc21,grassroot,7.0,fc8fa39f0b
1,ed9e717207,grassroot,7.0,fc8fa39f0b
1,655fd1c4f7,grassroot,3.0,fc8fa39f0b
1,86bad18cd7,grassroot,7.0,fc8fa39f0b
1,5cd59265a4,grassroot,7.0,fc8fa39f0b
1,54ecb75493,grassroot,7.0,fc8fa39f0b
1,a332c60fc8,grassroot,7.0,fc8fa39f0b
1,bc432016fe,grassroot,7.0,fc8fa39f0b
1,253c57416c,grassroot,7.0,fc8fa39f0b
1,a64e447773,grassroot,7.0,fc8fa39f0b
1,3ac8e83a9c,grassroot,9.0,fc8fa39f0b
1,ed861e8999,grassroot,7.0,fc8fa39f0b
1,f9a697cf19,grassroot,7.0,fc8fa39f0b
1,761a53694f,grassroot,7.0,fc8fa39f0b
1,208e6b7c1e,grassroot,7.0,fc8fa39f0b
1,da535c1408,grassroot,7.0,fc8fa39f0b
1,6853e35100,grassroot,7.0,fc8fa39f0b
1,2ab466e232,grassroot,2.0,fc8fa39f0b
1,890b017f47,grassroot,7.0,fc8fa39f0b
1,61de85b226,grassroot,7.0,fc8fa39f0b
1,9683b1543d,grassroot,7.0,fc8fa39f0b
1,ae1a81f573,grassroot,7.0,fc8fa39f0b
1,711eb7dda0,grassroot,7.0,fc8fa39f0b
1,0b400fab25,grassroot,10.0,fc8fa39f0b
1,3820f688df,grassroot,7.0,fc8fa39f0b
1,8f1f4e3eba,grassroot,6.0,fc8fa39f0b
1,c9600a1750,grassroot,7.0,fc8fa39f0b
1,3e73d26959,grassroot,7.0,fc8fa39f0b
1,c2b152fe46,grassroot,70.0,fc8fa39f0b
1,7337b1e69d,grassroot,7.0,fc8fa39f0b
1,5c61e89952,grassroot,14.0,fc8fa39f0b
1,d746e255d4,grassroot,7.0,fc8fa39f0b
1,37c622e2ce,grassroot,12.0,fc8fa39f0b
1,f8688cfab4,grassroot,7.0,fc8fa39f0b
1,5ab5af4ec5,grassroot,11.0,fc8fa39f0b
1,f88881f09a,grassroot,7.0,fc8fa39f0b
1,3920611790,grassroot,7.0,fc8fa39f0b
1,9757ff6ceb,grassroot,7.0,fc8fa39f0b
1,bdac80a8af,grassroot,7.0,fc8fa39f0b
1,cd6e7427c1,grassroot,7.0,fc8fa39f0b
1,74b4552d3a,grassroot,7.0,fc8fa39f0b
1,e671fe0843,grassroot,7.0,fc8fa39f0b
1,681e0554a5,grassroot,7.0,fc8fa39f0b
1,803137c3bf,grassroot,1.0,fc8fa39f0b
1,3c4e97b699,grassroot,7.0,fc8fa39f0b
1,2f4a343d6c,grassroot,4.0,fc8fa39f0b
1,c3ae31d2fc,grassroot,7.0,fc8fa39f0b
1,882913c9b5,grassroot,14.0,fc8fa39f0b
1,7a1d066513,grassroot,8.0,fc8fa39f0b
1,312792f986,grassroot,11.0,fc8fa39f0b
1,e2741b33ea,grassroot,7.0,fc8fa39f0b
1,088640583f,grassroot,7.0,fc8fa39f0b
1,c10de35cb2,grassroot,86.0,fc8fa39f0b
1,20f467e7f4,grassroot,7.0,fc8fa39f0b
1,f64cec83e5,grassroot,7.0,fc8fa39f0b
1,13080836fb,grassroot,2.0,fc8fa39f0b
1,d1d7297803,grassroot,7.0,fc8fa39f0b
1,c36ecc68d5,grassroot,7.0,fc8fa39f0b
1,3367bc59ef,grassroot,7.0,fc8fa39f0b
1,e83841d597,grassroot,7.0,fc8fa39f0b
1,238e95adab,grassroot,7.0,fc8fa39f0b
1,96f18b6f83,grassroot,7.0,fc8fa39f0b
1,423b971788,grassroot,7.0,fc8fa39f0b
1,68e8301185,grassroot,2.0,fc8fa39f0b
1,1741ad1c72,grassroot,7.0,fc8fa39f0b
1,b125a41ab2,grassroot,7.0,fc8fa39f0b
1,13530eedeb,grassroot,7.0,fc8fa39f0b
1,cd7cccca71,grassroot,7.0,fc8fa39f0b
1,b4bd32bdfe,grassroot,7.0,fc8fa39f0b
1,646a0d9b64,grassroot,49.0,fc8fa39f0b
1,c7b4ab8f20,grassroot,7.0,fc8fa39f0b
1,7c1c012793,grassroot,3.0,fc8fa39f0b
1,28b63b8519,grassroot,7.0,fc8fa39f0b
1,d875d17df5,grassroot,7.0,fc8fa39f0b
1,94e0e2c57f,grassroot,7.0,fc8fa39f0b
1,aca1e50873,grassroot,7.0,fc8fa39f0b
1,28cde55f55,grassroot,7.0,fc8fa39f0b
1,580012f0cc,grassroot,7.0,fc8fa39f0b
1,122ec8ee7b,grassroot,7.0,fc8fa39f0b
1,7b42f2e4e0,grassroot,7.0,fc8fa39f0b
1,61cbbe15a0,grassroot,7.0,fc8fa39f0b
1,e10416302f,grassroot,7.0,fc8fa39f0b
1,ace7f887f8,grassroot,7.0,fc8fa39f0b
1,834a29917e,grassroot,7.0,fc8fa39f0b
1,3bc144eb7e,grassroot,86.0,fc8fa39f0b
1,cc7c6f650c,grassroot,74.0,fc8fa39f0b
1,77687fdd3c,grassroot,7.0,fc8fa39f0b
1,e9f6545297,grassroot,7.0,fc8fa39f0b
1,f788fc1c58,grassroot,7.0,fc8fa39f0b
1,faefce5fbe,grassroot,7.0,fc8fa39f0b
1,4110098b4f,grassroot,7.0,fc8fa39f0b
1,ff4960d786,grassroot,7.0,fc8fa39f0b
1,e3dbc69d71,grassroot,86.0,fc8fa39f0b
1,eab0fa95c2,grassroot,89.0,fc8fa39f0b
1,7815693c92,grassroot,7.0,fc8fa39f0b
1,0d541fc770,grassroot,7.0,fc8fa39f0b
1,13edd9826d,grassroot,7.0,fc8fa39f0b
1,32cc6bb29a,grassroot,7.0,fc8fa39f0b
1,6227df8746,grassroot,7.0,fc8fa39f0b
1,b1f92d4d23,grassroot,7.0,fc8fa39f0b
1,2f8f064b7e,grassroot,7.0,fc8fa39f0b
1,ffa172c246,grassroot,7.0,fc8fa39f0b
2,5706606d38,grassroot,2.0,fc8fa39f0b
2,21706111cb,grassroot,7.0,fc8fa39f0b
2,5a126d801b,grassroot,11.0,fc8fa39f0b
2,8c89b0843b,grassroot,7.0,fc8fa39f0b
2,99daf1a8fb,grassroot,11.0,fc8fa39f0b
2,2583c7d7de,elite/political,70.0,fc8fa39f0b
2,f2c1e4632a,grassroot,12.0,fc8fa39f0b
2,4436c9e1bb,grassroot,7.0,fc8fa39f0b
2,63e6f744c6,grassroot,2.0,fc8fa39f0b
2,6e0048e325,grassroot,10.0,fc8fa39f0b
2,115be24911,grassroot,89.0,fc8fa39f0b
2,16e3e40aaf,grassroot,7.0,fc8fa39f0b
2,ba9112ef5d,grassroot,16.0,fc8fa39f0b
2,031554430f,grassroot,7.0,fc8fa39f0b
2,5ef89c9867,grassroot,7.0,fc8fa39f0b
2,3cb471224c,grassroot,7.0,fc8fa39f0b
2,6bf621cb04,grassroot,7.0,fc8fa39f0b
2,bbdfc210d4,grassroot,74.0,fc8fa39f0b
2,38e19f561f,grassroot,10.0,fc8fa39f0b
2,89ce4d98da,grassroot,7.0,fc8fa39f0b
2,6001ede4b8,grassroot,7.0,fc8fa39f0b
2,f4ca72b56e,grassroot,7.0,fc8fa39f0b
2,092274035f,grassroot,9.0,fc8fa39f0b
2,acee55cc88,grassroot,7.0,fc8fa39f0b
2,0474489a07,grassroot,7.0,fc8fa39f0b
2,5ded2b6375,grassroot,7.0,fc8fa39f0b
2,cfb88883a6,grassroot,7.0,fc8fa39f0b
2,02f4f492cb,grassroot,7.0,fc8fa39f0b
2,e8c4baee54,grassroot,70.0,fc8fa39f0b
2,0c06e158c3,grassroot,7.0,fc8fa39f0b
2,dc55b4184b,grassroot,70.0,fc8fa39f0b
2,7e5c9c9898,grassroot,7.0,fc8fa39f0b
2,a68f21693c,grassroot,7.0,fc8fa39f0b
2,1b98f442b7,grassroot,70.0,fc8fa39f0b
2,6a659adcff,grassroot,7.0,fc8fa39f0b
2,44ea2e84b1,grassroot,7.0,fc8fa39f0b
2,f1e06b6b0a,grassroot,7.0,fc8fa39f0b
2,f719b07de2,grassroot,7.0,fc8fa39f0b
2,ba184a896c,grassroot,12.0,fc8fa39f0b
2,3c917b3c87,grassroot,7.0,fc8fa39f0b
2,029bdc18d5,grassroot,7.0,fc8fa39f0b
2,7221b32a7c,grassroot,86.0,fc8fa39f0b
2,0c007fe2c7,grassroot,11.0,fc8fa39f0b
2,328d27d8f6,grassroot,86.0,fc8fa39f0b
2,d467a0077a,grassroot,7.0,fc8fa39f0b
2,69a14e05ac,grassroot,7.0,fc8fa39f0b
2,31cdc3aaf3,grassroot,32.0,fc8fa39f0b
2,332124f012,grassroot,7.0,fc8fa39f0b
2,79a72fc56b,grassroot,7.0,fc8fa39f0b
2,1ca35c675c,grassroot,7.0,fc8fa39f0b
2,0d16a4b5fa,grassroot,7.0,fc8fa39f0b
2,8adc01cee6,grassroot,7.0,fc8fa39f0b
2,b2f42a5dbb,grassroot,7.0,fc8fa39f0b
2,a4b1d3e793,grassroot,7.0,fc8fa39f0b
2,0a3e072e97,grassroot,11.0,fc8fa39f0b
2,6ed6ba2e80,grassroot,7.0,fc8fa39f0b
2,8b3a248979,grassroot,49.0,fc8fa39f0b
2,bf5b739814,grassroot,7.0,fc8fa39f0b
2,9014fe36c8,grassroot,7.0,fc8fa39f0b
2,136105106b,grassroot,7.0,fc8fa39f0b
2,96dd37a3f9,grassroot,7.0,fc8fa39f0b
2,005197e9de,grassroot,7.0,fc8fa39f0b
2,bf88daabef,grassroot,7.0,fc8fa39f0b
2,3ffb70c9a9,grassroot,7.0,fc8fa39f0b
2,7a54842ddd,grassroot,43.0,fc8fa39f0b
2,b403b48b99,grassroot,7.0,fc8fa39f0b
2,fdc8c7f0b7,grassroot,7.0,fc8fa39f0b
2,0e326c4636,grassroot,7.0,fc8fa39f0b
2,d5884d1678,grassroot,7.0,fc8fa39f0b
2,d7b68e734a,grassroot,70.0,fc8fa39f0b
2,10ea3a3217,grassroot,7.0,fc8fa39f0b
2,f5c9eaa22c,grassroot,7.0,fc8fa39f0b
2,f291768be8,grassroot,7.0,fc8fa39f0b
2,34e9d49a6a,grassroot,7.0,fc8fa39f0b
2,c0b602beb2,grassroot,7.0,fc8fa39f0b
2,186c6e3cf1,grassroot,7.0,fc8fa39f0b
2,6d4806414e,grassroot,11.0,fc8fa39f0b
2,b386a8b1ac,grassroot,70.0,fc8fa39f0b
2,9596204683,grassroot,12.0,fc8fa39f0b
2,2775da1fe3,grassroot,8.0,fc8fa39f0b
2,5148abd178,grassroot,7.0,fc8fa39f0b
2,91b7d36409,grassroot,12.0,fc8fa39f0b
2,f2b7576c87,grassroot,7.0,fc8fa39f0b
2,b2675c29e9,grassroot,7.0,fc8fa39f0b
2,663da5060f,grassroot,8.0,fc8fa39f0b
2,0d44918dd0,grassroot,7.0,fc8fa39f0b
2,ccc332ece5,grassroot,7.0,fc8fa39f0b
2,e5dfd5f8f3,grassroot,49.0,fc8fa39f0b
2,1f8d6e0a36,grassroot,7.0,fc8fa39f0b
2,d10632ff52,grassroot,7.0,fc8fa39f0b
2,e4b1c01821,grassroot,7.0,fc8fa39f0b
2,c65319db0a,grassroot,6.0,fc8fa39f0b
2,b2d585702f,grassroot,7.0,fc8fa39f0b
2,6fd195a231,grassroot,123.0,fc8fa39f0b
2,cb5caf32f0,grassroot,7.0,fc8fa39f0b
2,b5deeccbde,grassroot,7.0,fc8fa39f0b
2,9daca2086c,grassroot,14.0,fc8fa39f0b
2,9302c81527,grassroot,7.0,fc8fa39f0b
2,0f19d60ad9,grassroot,4.0,fc8fa39f0b
2,e6e980b131,grassroot,7.0,fc8fa39f0b
2,5726535196,grassroot,12.0,fc8fa39f0b
2,4cd2745c3e,grassroot,10.0,fc8fa39f0b
2,c7c2c97786,grassroot,7.0,fc8fa39f0b
2,e8b5c4f465,grassroot,7.0,fc8fa39f0b
2,3b21193ace,grassroot,3.0,fc8fa39f0b
2,06a10e6145,grassroot,7.0,fc8fa39f0b
2,288a115d6f,grassroot,7.0,fc8fa39f0b
2,c46f966619,grassroot,12.0,fc8fa39f0b
2,b6fcd0045c,grassroot,7.0,fc8fa39f0b
2,91edd03b8d,grassroot,86.0,fc8fa39f0b
2,ada1088fb9,grassroot,2.0,fc8fa39f0b
2,a53d7b4d6d,grassroot,7.0,fc8fa39f0b
2,97755eacd7,grassroot,69.0,fc8fa39f0b
2,c674156f5b,grassroot,7.0,fc8fa39f0b
2,297076bf2a,grassroot,7.0,fc8fa39f0b
2,233338c5cb,grassroot,6.0,fc8fa39f0b
2,d251f7bb58,grassroot,7.0,fc8fa39f0b
2,6a9e021f48,grassroot,7.0,fc8fa39f0b
2,a6902574e3,grassroot,7.0,fc8fa39f0b
2,848ea75f19,grassroot,7.0,fc8fa39f0b
2,e8c03bf72e,grassroot,70.0,fc8fa39f0b
2,60cccbb6ab,grassroot,7.0,fc8fa39f0b
2,adf340cc2d,grassroot,7.0,fc8fa39f0b
2,f45724f3ed,grassroot,7.0,fc8fa39f0b
2,738fa3a38d,grassroot,7.0,fc8fa39f0b
2,27ed5cca66,grassroot,7.0,fc8fa39f0b
2,319596f7bd,grassroot,7.0,fc8fa39f0b
2,6efcd87760,grassroot,7.0,fc8fa39f0b
2,4584bae4f5,grassroot,7.0,fc8fa39f0b
2,fea0caf7dc,grassroot,7.0,fc8fa39f0b
2,3162a4d84f,grassroot,7.0,fc8fa39f0b
2,cbb0c447f5,grassroot,7.0,fc8fa39f0b
2,556dafa80b,grassroot,7.0,fc8fa39f0b
2,e551f27618,grassroot,7.0,fc8fa39f0b
2,608ffbcc2b,grassroot,7.0,fc8fa39f0b
2,8d26aa0529,grassroot,7.0,fc8fa39f0b
2,cf414537a1,grassroot,24.0,fc8fa39f0b
2,56c8b06dc7,grassroot,7.0,fc8fa39f0b
2,68c36638a1,grassroot,11.0,fc8fa39f0b
3,501feb7685,grassroot,70.0,fc8fa39f0b
3,a6ed448af7,grassroot,2.0,fc8fa39f0b
3,570af49a42,grassroot,70.0,fc8fa39f0b
3,7bea813824,grassroot,7.0,fc8fa39f0b
3,4a78c4cc2c,grassroot,11.0,fc8fa39f0b
3,fc16c34032,grassroot,43.0,fc8fa39f0b
3,f101f3d55b,grassroot,11.0,fc8fa39f0b
3,42c6405ed0,grassroot,70.0,fc8fa39f0b
3,52a88987fe,grassroot,10.0,fc8fa39f0b
3,e27e465f44,grassroot,11.0,fc8fa39f0b
3,1c2affb28b,grassroot,70.0,fc8fa39f0b
3,951946e86d,grassroot,70.0,fc8fa39f0b
3,6dc6577608,grassroot,69.0,fc8fa39f0b
3,8ab507054b,grassroot,70.0,fc8fa39f0b
3,da02f36e72,grassroot,35.0,fc8fa39f0b
3,1242295c0f,grassroot,70.0,fc8fa39f0b
3,de29752baa,grassroot,70.0,fc8fa39f0b
3,0eddbf61a2,grassroot,7.0,fc8fa39f0b
3,8361fe7aac,grassroot,70.0,fc8fa39f0b
3,8af104e3d2,grassroot,70.0,fc8fa39f0b
3,9da57f63b1,grassroot,70.0,fc8fa39f0b
3,b93b6da139,grassroot,70.0,fc8fa39f0b
3,2b427fdb3d,grassroot,12.0,fc8fa39f0b
3,00a1521fac,grassroot,70.0,fc8fa39f0b
3,a48e7aa550,grassroot,70.0,fc8fa39f0b
4,6685137605,grassroot,69.0,fc8fa39f0b
4,eff0d1fbcf,grassroot,70.0,fc8fa39f0b
4,3a3cfba03b,grassroot,11.0,fc8fa39f0b
4,09ebd87dd5,grassroot,13.0,fc8fa39f0b
4,c24a611a8e,grassroot,70.0,fc8fa39f0b
4,8373828674,grassroot,69.0,fc8fa39f0b
1,62f107dbcd,grassroot,1.0,06e0ed9581
1,59057f4b85,grassroot,1.0,06e0ed9581
1,b28df22764,grassroot,1.0,06e0ed9581
1,179ccc45e5,grassroot,2.0,06e0ed9581
1,9229fb9770,grassroot,1.0,06e0ed9581
1,e081ed73c2,grassroot,1.0,06e0ed9581
1,be5808c0e7,grassroot,1.0,06e0ed9581
1,63e6f744c6,grassroot,2.0,06e0ed9581
1,ad693660b5,grassroot,1.0,06e0ed9581
1,0cd68e032d,grassroot,1.0,06e0ed9581
1,68bb1177ff,grassroot,1.0,06e0ed9581
1,022d0d6355,grassroot,1.0,06e0ed9581
1,8a4ccd17db,grassroot,1.0,06e0ed9581
1,a6bba3bafa,grassroot,1.0,06e0ed9581
1,6c378da4cb,grassroot,9.0,06e0ed9581
1,b3198e8f96,grassroot,1.0,06e0ed9581
1,ca6d302154,grassroot,1.0,06e0ed9581
1,a943387ef5,grassroot,7.0,06e0ed9581
1,ee7b7b3a8b,grassroot,1.0,06e0ed9581
1,3f7244a551,grassroot,1.0,06e0ed9581
1,1315b6aa36,grassroot,1.0,06e0ed9581
1,1ee0b9817b,grassroot,9.0,06e0ed9581
1,94ddf9ccb5,grassroot,1.0,06e0ed9581
1,2438757028,grassroot,1.0,06e0ed9581
1,77d9460ae2,grassroot,1.0,06e0ed9581
1,1696b07101,grassroot,24.0,06e0ed9581
1,6c4f17966e,grassroot,1.0,06e0ed9581
1,b78b1a92c0,grassroot,1.0,06e0ed9581
1,b49bd53589,grassroot,1.0,06e0ed9581
1,1a90ce30c7,grassroot,1.0,06e0ed9581
1,6ff73a1c3f,grassroot,9.0,06e0ed9581
1,a95ab4b4aa,grassroot,1.0,06e0ed9581
1,d9fc7951f2,grassroot,42.0,06e0ed9581
1,4b0f691144,grassroot,58.0,06e0ed9581
1,d1b49c63ca,grassroot,1.0,06e0ed9581
1,15a6e6a03b,grassroot,1.0,06e0ed9581
1,9177a51734,grassroot,2.0,06e0ed9581
1,d5e54bb41f,grassroot,1.0,06e0ed9581
1,edd02bb85d,grassroot,1.0,06e0ed9581
1,c96a80065b,grassroot,1.0,06e0ed9581
1,1c5ca9d2f6,grassroot,1.0,06e0ed9581
1,ca18016af2,grassroot,1.0,06e0ed9581
1,a823761187,grassroot,1.0,06e0ed9581
1,0e2611c535,grassroot,2.0,06e0ed9581
1,4926475886,grassroot,8.0,06e0ed9581
1,c0ce4969bd,grassroot,1.0,06e0ed9581
1,aba64b26e7,grassroot,123.0,06e0ed9581
1,dc55b4184b,grassroot,70.0,06e0ed9581
1,5ae8fb9de5,grassroot,1.0,06e0ed9581
1,2b87a2384a,grassroot,11.0,06e0ed9581
1,72738084e9,grassroot,1.0,06e0ed9581
1,da6b526222,grassroot,1.0,06e0ed9581
1,1d44153b6a,grassroot,1.0,06e0ed9581
1,ad87ab6538,grassroot,8.0,06e0ed9581
1,78447b5e07,grassroot,1.0,06e0ed9581
1,85aba5f8c5,grassroot,1.0,06e0ed9581
1,92dff56857,grassroot,2.0,06e0ed9581
1,467be1e3cc,grassroot,1.0,06e0ed9581
1,2b9a028101,grassroot,7.0,06e0ed9581
1,41e4c92e45,grassroot,1.0,06e0ed9581
1,423a5f061f,grassroot,15.0,06e0ed9581
1,04e8a63915,grassroot,1.0,06e0ed9581
1,7fd076ab0c,grassroot,2.0,06e0ed9581
1,6d22721a02,grassroot,1.0,06e0ed9581
1,c006f2d2dc,grassroot,1.0,06e0ed9581
1,06c254d163,grassroot,12.0,06e0ed9581
1,4bb3aed4c3,grassroot,1.0,06e0ed9581
1,4b0511db13,grassroot,123.0,06e0ed9581
1,a8c4416f94,grassroot,3.0,06e0ed9581
1,c0468d9e51,grassroot,1.0,06e0ed9581
1,b387a19683,grassroot,1.0,06e0ed9581
1,05985abe31,grassroot,1.0,06e0ed9581
1,277d9ce5af,grassroot,11.0,06e0ed9581
1,f6dd2919eb,grassroot,8.0,06e0ed9581
1,c37b4176ab,grassroot,1.0,06e0ed9581
1,bb423c1eb5,grassroot,1.0,06e0ed9581
1,72624148ae,grassroot,1.0,06e0ed9581
1,18b943dbd2,grassroot,1.0,06e0ed9581
1,3c5a32038b,grassroot,1.0,06e0ed9581
1,842fc57dbd,grassroot,54.0,06e0ed9581
1,1fcf24a59b,grassroot,1.0,06e0ed9581
1,b91e4a96dc,grassroot,3.0,06e0ed9581
1,08e8337d83,grassroot,1.0,06e0ed9581
1,1f0c5c1a27,grassroot,9.0,06e0ed9581
1,65f8acbdaf,grassroot,1.0,06e0ed9581
1,a8b7d3bda7,grassroot,1.0,06e0ed9581
1,c813da779f,grassroot,1.0,06e0ed9581
1,f7583ffe34,grassroot,1.0,06e0ed9581
1,a1f288c0a3,grassroot,1.0,06e0ed9581
1,fb440be69d,grassroot,9.0,06e0ed9581
1,1f1a294883,grassroot,13.0,06e0ed9581
1,dfabbd22b7,grassroot,1.0,06e0ed9581
1,6e52dd3406,grassroot,1.0,06e0ed9581
1,2a2d7c1315,grassroot,1.0,06e0ed9581
1,c463c9fb58,grassroot,9.0,06e0ed9581
1,65d6afe9ae,grassroot,1.0,06e0ed9581
1,8ed6830863,grassroot,1.0,06e0ed9581
1,01b333e423,grassroot,1.0,06e0ed9581
1,369099c7f6,grassroot,2.0,06e0ed9581
1,9009575599,grassroot,24.0,06e0ed9581
1,8e9e654393,grassroot,1.0,06e0ed9581
1,d1c0d5af82,grassroot,1.0,06e0ed9581
1,3a3cfba03b,grassroot,11.0,06e0ed9581
1,186f3a88aa,grassroot,4.0,06e0ed9581
1,0fd3570c7a,grassroot,1.0,06e0ed9581
1,3c6d8be737,grassroot,143.0,06e0ed9581
1,c933fde475,grassroot,1.0,06e0ed9581
1,b30d9527e9,grassroot,1.0,06e0ed9581
1,d7b68e734a,grassroot,70.0,06e0ed9581
1,0d1b4b7929,grassroot,1.0,06e0ed9581
1,2d27629994,grassroot,1.0,06e0ed9581
1,9a58cf2943,grassroot,10.0,06e0ed9581
1,fc87005cc0,grassroot,1.0,06e0ed9581
1,9a9159cf52,grassroot,1.0,06e0ed9581
1,cc5b90c2c6,grassroot,7.0,06e0ed9581
1,e0de7f0d08,grassroot,1.0,06e0ed9581
1,471bb4eade,grassroot,1.0,06e0ed9581
1,b8a55ab075,grassroot,1.0,06e0ed9581
1,dc5752332e,grassroot,1.0,06e0ed9581
1,16f3a64122,grassroot,1.0,06e0ed9581
1,490c19783a,grassroot,1.0,06e0ed9581
1,a880241d3f,grassroot,7.0,06e0ed9581
1,594a655f22,grassroot,1.0,06e0ed9581
1,795e2ec6af,grassroot,1.0,06e0ed9581
1,42c6405ed0,grassroot,70.0,06e0ed9581
1,a6d04514d3,grassroot,1.0,06e0ed9581
1,cf8831b565,grassroot,1.0,06e0ed9581
1,20b272e6ec,grassroot,1.0,06e0ed9581
1,c32baaad63,grassroot,1.0,06e0ed9581
1,91b7d36409,grassroot,12.0,06e0ed9581
1,a0415709bb,grassroot,1.0,06e0ed9581
1,5986ab9a67,grassroot,4.0,06e0ed9581
1,120fbedb81,grassroot,1.0,06e0ed9581
1,95fe0a3281,grassroot,1.0,06e0ed9581
1,6851425a40,grassroot,1.0,06e0ed9581
1,f9408bb5a7,grassroot,1.0,06e0ed9581
1,b3775785ab,grassroot,1.0,06e0ed9581
1,580dc9685f,grassroot,1.0,06e0ed9581
1,ddbf5d0852,grassroot,1.0,06e0ed9581
1,3ac8e83a9c,grassroot,9.0,06e0ed9581
1,ef917e0550,grassroot,1.0,06e0ed9581
1,0d19169df8,grassroot,1.0,06e0ed9581
1,db141e375f,grassroot,1.0,06e0ed9581
1,8792da8217,grassroot,12.0,06e0ed9581
1,d558643316,grassroot,1.0,06e0ed9581
1,2ab466e232,grassroot,2.0,06e0ed9581
1,420a7919c0,grassroot,1.0,06e0ed9581
1,51d42b8d50,grassroot,1.0,06e0ed9581
1,87ac0047ed,grassroot,6.0,06e0ed9581
1,90aca45f90,grassroot,1.0,06e0ed9581
1,cf69884525,grassroot,1.0,06e0ed9581
1,cf383df253,grassroot,1.0,06e0ed9581
1,306a1bca02,grassroot,1.0,06e0ed9581
1,70768df9d9,grassroot,1.0,06e0ed9581
1,f1b51637f9,grassroot,1.0,06e0ed9581
1,11b2418677,grassroot,11.0,06e0ed9581
1,ce0b7966ba,grassroot,1.0,06e0ed9581
1,7a626e505f,grassroot,51.0,06e0ed9581
1,8ae74758e6,grassroot,1.0,06e0ed9581
1,173314a395,grassroot,1.0,06e0ed9581
1,803137c3bf,grassroot,1.0,06e0ed9581
1,a90a463129,grassroot,1.0,06e0ed9581
1,424f00b4fc,grassroot,1.0,06e0ed9581
1,fdcc0da35f,grassroot,1.0,06e0ed9581
1,0f6394d8fd,grassroot,70.0,06e0ed9581
1,82291fc0b9,grassroot,43.0,06e0ed9581
1,c10de35cb2,grassroot,86.0,06e0ed9581
1,fbf90235d0,grassroot,1.0,06e0ed9581
1,48500638bb,grassroot,1.0,06e0ed9581
1,32c17cbee1,grassroot,1.0,06e0ed9581
1,1e2b8e14f5,grassroot,1.0,06e0ed9581
1,9096090c0c,grassroot,69.0,06e0ed9581
1,10a455d693,grassroot,1.0,06e0ed9581
1,acc2381590,grassroot,1.0,06e0ed9581
1,ca1f1f50d1,grassroot,1.0,06e0ed9581
1,8edd0eadec,grassroot,1.0,06e0ed9581
1,e478fc126c,grassroot,1.0,06e0ed9581
1,d351671db2,grassroot,1.0,06e0ed9581
1,67516f46f7,grassroot,1.0,06e0ed9581
1,0405d15c52,grassroot,1.0,06e0ed9581
1,83cece919b,grassroot,2.0,06e0ed9581
1,37b6e72194,grassroot,1.0,06e0ed9581
1,8c2ef37f7c,grassroot,123.0,06e0ed9581
1,b009cddded,grassroot,6.0,06e0ed9581
1,953ea4a716,grassroot,1.0,06e0ed9581
1,115be5f409,grassroot,1.0,06e0ed9581
1,fa2210ef0f,grassroot,1.0,06e0ed9581
1,9fdfa7814e,grassroot,2.0,06e0ed9581
1,9ffca38b99,grassroot,1.0,06e0ed9581
1,903aaa4fc1,grassroot,1.0,06e0ed9581
1,e789362c7e,grassroot,9.0,06e0ed9581
1,a5c34a5cd5,grassroot,1.0,06e0ed9581
1,36d6eedf2d,grassroot,1.0,06e0ed9581
1,22d59c9831,grassroot,1.0,06e0ed9581
1,be4d9bf576,grassroot,2.0,06e0ed9581
1,933c9a2100,grassroot,1.0,06e0ed9581
1,db898c8cf4,grassroot,1.0,06e0ed9581
1,dfa20a6c73,grassroot,1.0,06e0ed9581
1,947676fa2f,grassroot,1.0,06e0ed9581
1,a05ca8fb29,grassroot,1.0,06e0ed9581
1,863b493473,grassroot,1.0,06e0ed9581
1,66c947d258,unknown,,06e0ed9581
1,000495a88b,grassroot,1.0,06e0ed9581
1,c10a3f8174,grassroot,1.0,06e0ed9581
1,a8daa8c4d1,grassroot,1.0,06e0ed9581
1,8ccd1fccdf,grassroot,1.0,06e0ed9581
2,380d9c3c46,grassroot,9.0,06e0ed9581
2,7221b32a7c,grassroot,86.0,06e0ed9581
2,5a126d801b,grassroot,11.0,06e0ed9581
2,0c007fe2c7,grassroot,11.0,06e0ed9581
2,91edd03b8d,grassroot,86.0,06e0ed9581
2,e24d2289d6,grassroot,58.0,06e0ed9581
2,bb595a36a2,elite/political,143.0,06e0ed9581
2,97755eacd7,grassroot,69.0,06e0ed9581
2,6d4806414e,grassroot,11.0,06e0ed9581
2,a8dbae3b2e,grassroot,1.0,06e0ed9581
2,d834b14d90,grassroot,51.0,06e0ed9581
2,5945b3d8cf,grassroot,143.0,06e0ed9581
2,28856fb432,grassroot,51.0,06e0ed9581
2,b702365a70,grassroot,11.0,06e0ed9581
2,3fb6cda9fa,grassroot,9.0,06e0ed9581
2,99a11b64e2,grassroot,51.0,06e0ed9581
2,013a4e79fa,grassroot,1.0,06e0ed9581
2,309e26ac9c,grassroot,69.0,06e0ed9581
2,13af8290c0,grassroot,35.0,06e0ed9581
2,83b90f4e0c,grassroot,51.0,06e0ed9581
3,75450e836d,grassroot,143.0,06e0ed9581
3,46a6f0e419,grassroot,35.0,06e0ed9581
3,3c917b3c87,grassroot,7.0,06e0ed9581
3,59df5f55fa,grassroot,51.0,06e0ed9581
3,a79e60d251,grassroot,143.0,06e0ed9581
3,ba70fba8c3,grassroot,35.0,06e0ed9581
3,0533681399,grassroot,51.0,06e0ed9581
3,e306e1ef39,grassroot,51.0,06e0ed9581
3,212126f3ec,grassroot,51.0,06e0ed9581
3,e182285675,grassroot,143.0,06e0ed9581
3,41e8c21a83,grassroot,51.0,06e0ed9581
3,4222b70368,grassroot,143.0,06e0ed9581
4,188e25972c,grassroot,51.0,06e0ed9581
4,d928e1be72,grassroot,51.0,06e0ed9581
4,60cccbb6ab,grassroot,7.0,06e0ed9581
4,73e708b1cf,grassroot,51.0,06e0ed9581
4,39a5575a71,grassroot,51.0,06e0ed9581
4,a2c06e37b1,grassroot,51.0,06e0ed9581
4,9f67aaed57,grassroot,35.0,06e0ed9581
4,3eea39fcc3,grassroot,35.0,06e0ed9581
4,4520e8c634,grassroot,86.0,06e0ed9581
4,7568a708a0,grassroot,51.0,06e0ed9581
4,08c62ce1f4,grassroot,51.0,06e0ed9581
5,d10632ff52,grassroot,7.0,06e0ed9581
5,71d18ab73d,grassroot,51.0,06e0ed9581
5,8dfbaa7739,grassroot,74.0,06e0ed9581
6,bbdfc210d4,grassroot,74.0,06e0ed9581
6,092274035f,grassroot,9.0,06e0ed9581
1,d3fefc514e,grassroot,9.0,726ca5939a
1,bb9b5f0882,grassroot,86.0,726ca5939a
1,06f1eea827,grassroot,9.0,726ca5939a
1,27525d5ee2,grassroot,9.0,726ca5939a
1,d91c2b6017,grassroot,9.0,726ca5939a
1,8188bf8261,grassroot,89.0,726ca5939a
1,f6318049d0,grassroot,9.0,726ca5939a
1,1b7a6eefb8,grassroot,42.0,726ca5939a
1,6ed2d5a359,grassroot,9.0,726ca5939a
1,0b52457d27,grassroot,9.0,726ca5939a
1,6e0048e325,grassroot,10.0,726ca5939a
1,534ee46100,grassroot,9.0,726ca5939a
1,ba1cc0b01a,grassroot,9.0,726ca5939a
1,6c378da4cb,grassroot,9.0,726ca5939a
1,324037d7b5,grassroot,9.0,726ca5939a
1,139284a52e,grassroot,51.0,726ca5939a
1,a943387ef5,grassroot,7.0,726ca5939a
1,8d6a1df420,grassroot,9.0,726ca5939a
1,45a1cf941d,grassroot,9.0,726ca5939a
1,19586f3712,grassroot,16.0,726ca5939a
1,1ee0b9817b,grassroot,9.0,726ca5939a
1,b060a27e31,grassroot,9.0,726ca5939a
1,ee706a3b6a,grassroot,9.0,726ca5939a
1,12aafae519,grassroot,9.0,726ca5939a
1,ed8112da7b,grassroot,9.0,726ca5939a
1,69e15d992b,grassroot,9.0,726ca5939a
1,9bc2e78aca,grassroot,9.0,726ca5939a
1,bfe854cbd5,grassroot,2.0,726ca5939a
1,6ff73a1c3f,grassroot,9.0,726ca5939a
1,11bb55f629,grassroot,2.0,726ca5939a
1,2d56c4b05e,grassroot,16.0,726ca5939a
1,69c646239e,grassroot,9.0,726ca5939a
1,3d23a69939,grassroot,16.0,726ca5939a
1,5fcbe15989,grassroot,9.0,726ca5939a
1,37f8e05789,grassroot,9.0,726ca5939a
1,bdcc52ec34,grassroot,9.0,726ca5939a
1,8c132fffe5,grassroot,9.0,726ca5939a
1,a1fba94742,grassroot,2.0,726ca5939a
1,0b492612cf,grassroot,9.0,726ca5939a
1,1565894f85,grassroot,9.0,726ca5939a
1,440bbc809d,grassroot,2.0,726ca5939a
1,e394764bda,grassroot,35.0,726ca5939a
1,2ef21609d3,grassroot,9.0,726ca5939a
1,9650364a04,grassroot,9.0,726ca5939a
1,1cd8054bb2,grassroot,43.0,726ca5939a
1,105eb851b5,grassroot,74.0,726ca5939a
1,c39d2aefac,grassroot,9.0,726ca5939a
1,37830871d4,grassroot,9.0,726ca5939a
1,de674ad358,grassroot,9.0,726ca5939a
1,3e467ad96a,grassroot,9.0,726ca5939a
1,4d720bfece,grassroot,9.0,726ca5939a
1,4409fcb533,grassroot,2.0,726ca5939a
1,80cefb62e3,grassroot,9.0,726ca5939a
1,a8c4416f94,grassroot,3.0,726ca5939a
1,540571f5f9,grassroot,9.0,726ca5939a
1,4a47e7f45b,grassroot,3.0,726ca5939a
1,03a0dc0dba,grassroot,7.0,726ca5939a
1,c6163f8b74,grassroot,9.0,726ca5939a
1,1c4ca23d8e,grassroot,3.0,726ca5939a
1,ca20dd89f7,grassroot,58.0,726ca5939a
1,0d4ced4371,grassroot,54.0,726ca5939a
1,346ffc7505,grassroot,3.0,726ca5939a
1,1f0c5c1a27,grassroot,9.0,726ca5939a
1,dc01fce48b,grassroot,9.0,726ca5939a
1,92c75a7482,grassroot,9.0,726ca5939a
1,84437d04a9,grassroot,9.0,726ca5939a
1,bceaf4487b,grassroot,9.0,726ca5939a
1,3ce6a116b1,grassroot,9.0,726ca5939a
1,e103f99f0f,grassroot,9.0,726ca5939a
1,bab34f061a,grassroot,9.0,726ca5939a
1,ebded6a4f9,grassroot,12.0,726ca5939a
1,7a54842ddd,grassroot,43.0,726ca5939a
1,c463c9fb58,grassroot,9.0,726ca5939a
1,eac26b8c92,grassroot,9.0,726ca5939a
1,6cecae8008,grassroot,9.0,726ca5939a
1,369099c7f6,grassroot,2.0,726ca5939a
1,a508239ac9,grassroot,9.0,726ca5939a
1,db56ce7f5c,grassroot,11.0,726ca5939a
1,4672bbbc70,grassroot,9.0,726ca5939a
1,46bea38214,grassroot,9.0,726ca5939a
1,a4e8aeb6d1,grassroot,13.0,726ca5939a
1,51a9d2f368,grassroot,11.0,726ca5939a
1,d7b68e734a,grassroot,70.0,726ca5939a
1,6c9c8ae816,grassroot,58.0,726ca5939a
1,5f5c7df942,grassroot,9.0,726ca5939a
1,df09fedf57,grassroot,9.0,726ca5939a
1,8dad19d33c,grassroot,9.0,726ca5939a
1,556f9e7668,grassroot,9.0,726ca5939a
1,2fc4b2cbbe,grassroot,9.0,726ca5939a
1,7270e285a9,grassroot,2.0,726ca5939a
1,6d747c43b1,grassroot,9.0,726ca5939a
1,12573975b8,grassroot,9.0,726ca5939a
1,072485c637,grassroot,9.0,726ca5939a
1,12f11e1643,grassroot,9.0,726ca5939a
1,91b7d36409,grassroot,12.0,726ca5939a
1,47c0417876,grassroot,9.0,726ca5939a
1,450e3f6ef8,grassroot,9.0,726ca5939a
1,1217729b1c,grassroot,9.0,726ca5939a
1,6b72f5dd13,grassroot,9.0,726ca5939a
1,8f2ebc212c,grassroot,51.0,726ca5939a
1,844de18574,grassroot,9.0,726ca5939a
1,eaa4239aa9,grassroot,9.0,726ca5939a
1,293fbb13bb,grassroot,9.0,726ca5939a
1,4302a2a384,grassroot,9.0,726ca5939a
1,a26a93a5fc,grassroot,2.0,726ca5939a
1,7dcd97358d,grassroot,9.0,726ca5939a
1,6b993bf274,grassroot,9.0,726ca5939a
1,ddbf5d0852,grassroot,1.0,726ca5939a
1,9b1e4f80bb,grassroot,9.0,726ca5939a
1,d7188aebfd,grassroot,9.0,726ca5939a
1,3ac8e83a9c,grassroot,9.0,726ca5939a
1,19d509ca17,grassroot,2.0,726ca5939a
1,87f7ca11fc,grassroot,9.0,726ca5939a
1,5a7d19dc87,grassroot,9.0,726ca5939a
1,9c03b420b0,grassroot,9.0,726ca5939a
1,a1ebc82f41,media/news,9.0,726ca5939a
1,2ab466e232,grassroot,2.0,726ca5939a
1,f51d3cec96,grassroot,2.0,726ca5939a
1,6317d4ebd1,grassroot,9.0,726ca5939a
1,7b681aa99d,grassroot,9.0,726ca5939a
1,804a53ac86,grassroot,9.0,726ca5939a
1,6341bfe456,grassroot,9.0,726ca5939a
1,11b4138b0e,grassroot,9.0,726ca5939a
1,8f1f4e3eba,grassroot,6.0,726ca5939a
1,14b4bd798d,grassroot,9.0,726ca5939a
1,2a08bbedb9,grassroot,9.0,726ca5939a
1,d120a92678,grassroot,9.0,726ca5939a
1,37668d21cc,grassroot,11.0,726ca5939a
1,b3017f3ef6,grassroot,9.0,726ca5939a
1,b47adfc0b9,grassroot,9.0,726ca5939a
1,819d8e49af,grassroot,9.0,726ca5939a
1,ee3e38cd0e,grassroot,9.0,726ca5939a
1,ff04df7515,grassroot,9.0,726ca5939a
1,5fdeec7d6d,grassroot,9.0,726ca5939a
1,0500410d85,grassroot,9.0,726ca5939a
1,72794c8f13,grassroot,9.0,726ca5939a
1,479041489e,grassroot,32.0,726ca5939a
1,bc57c06862,grassroot,3.0,726ca5939a
1,f76cb602a9,grassroot,58.0,726ca5939a
1,2772bc8c5f,grassroot,9.0,726ca5939a
1,137b32216b,grassroot,9.0,726ca5939a
1,5cd71a979e,grassroot,9.0,726ca5939a
1,acc616bc0d,grassroot,9.0,726ca5939a
1,091860ad4b,grassroot,43.0,726ca5939a
1,1c12f6a5b4,grassroot,9.0,726ca5939a
1,9f3e7eb300,grassroot,9.0,726ca5939a
1,cb23d9dbfb,grassroot,9.0,726ca5939a
1,c8ecafa472,grassroot,11.0,726ca5939a
1,17edf03bc0,grassroot,2.0,726ca5939a
1,21ab069c45,grassroot,9.0,726ca5939a
1,9096090c0c,grassroot,69.0,726ca5939a
1,4bcd2e5644,grassroot,9.0,726ca5939a
1,b715066d86,grassroot,9.0,726ca5939a
1,2c0df48c3b,grassroot,9.0,726ca5939a
1,0732d7ad4b,grassroot,9.0,726ca5939a
1,3b4c4fb408,grassroot,9.0,726ca5939a
1,6202b3aa54,grassroot,123.0,726ca5939a
1,f87ef0e6b4,grassroot,9.0,726ca5939a
1,60a84cf14b,grassroot,9.0,726ca5939a
1,8648321edd,grassroot,9.0,726ca5939a
1,974b8a212d,grassroot,2.0,726ca5939a
1,95d85217ae,grassroot,9.0,726ca5939a
1,568f973cc1,grassroot,9.0,726ca5939a
1,41a0d99032,grassroot,70.0,726ca5939a
1,287a14a511,grassroot,9.0,726ca5939a
1,2c90d1d16a,grassroot,9.0,726ca5939a
1,da05e53867,grassroot,16.0,726ca5939a
1,fd885f306f,grassroot,2.0,726ca5939a
1,b92b62587c,grassroot,9.0,726ca5939a
1,b1f63f1b9d,grassroot,2.0,726ca5939a
1,83cece919b,grassroot,2.0,726ca5939a
1,96ee756884,grassroot,2.0,726ca5939a
1,8fc9a091a9,grassroot,9.0,726ca5939a
1,580012f0cc,grassroot,7.0,726ca5939a
1,c2c77f4ebd,grassroot,2.0,726ca5939a
1,c9a380b7d6,grassroot,9.0,726ca5939a
1,d25b53c173,grassroot,9.0,726ca5939a
1,7604e3cf80,grassroot,9.0,726ca5939a
1,37de80177e,grassroot,9.0,726ca5939a
1,22d59c9831,grassroot,1.0,726ca5939a
1,f16f98f652,grassroot,9.0,726ca5939a
1,e0e5b693bf,grassroot,2.0,726ca5939a
1,600e16b3d9,grassroot,9.0,726ca5939a
1,e6960264ab,grassroot,9.0,726ca5939a
1,baee93defc,grassroot,9.0,726ca5939a
1,c65e0fd13a,grassroot,9.0,726ca5939a
1,9ff5f7f7ea,grassroot,9.0,726ca5939a
1,677cc83963,grassroot,58.0,726ca5939a
1,0b20f20645,grassroot,86.0,726ca5939a
1,3074eb9fab,grassroot,9.0,726ca5939a
1,88a75a1247,grassroot,3.0,726ca5939a
1,237894da65,grassroot,9.0,726ca5939a
1,9f2c4ed274,grassroot,9.0,726ca5939a
1,a1edcb93f3,grassroot,9.0,726ca5939a
1,de33da301c,grassroot,9.0,726ca5939a
2,5706606d38,grassroot,2.0,726ca5939a
2,21706111cb,grassroot,7.0,726ca5939a
2,2d331a8185,grassroot,14.0,726ca5939a
2,5a126d801b,grassroot,11.0,726ca5939a
2,9439eba3e2,grassroot,11.0,726ca5939a
2,8c89b0843b,grassroot,7.0,726ca5939a
2,4436c9e1bb,grassroot,7.0,726ca5939a
2,115be24911,grassroot,89.0,726ca5939a
2,8b605f4d17,grassroot,11.0,726ca5939a
2,dd8e004ad9,grassroot,7.0,726ca5939a
2,16e3e40aaf,grassroot,7.0,726ca5939a
2,031554430f,grassroot,7.0,726ca5939a
2,5ef89c9867,grassroot,7.0,726ca5939a
2,1dab3814f2,grassroot,11.0,726ca5939a
2,54d0bd60cc,grassroot,11.0,726ca5939a
2,b185bb2bd5,grassroot,11.0,726ca5939a
2,6bf621cb04,grassroot,7.0,726ca5939a
2,38e19f561f,grassroot,10.0,726ca5939a
2,89ce4d98da,grassroot,7.0,726ca5939a
2,83a8083017,grassroot,70.0,726ca5939a
2,6001ede4b8,grassroot,7.0,726ca5939a
2,f4ca72b56e,grassroot,7.0,726ca5939a
2,f923937d48,grassroot,7.0,726ca5939a
2,acee55cc88,grassroot,7.0,726ca5939a
2,5ded2b6375,grassroot,7.0,726ca5939a
2,11eff6b6e9,grassroot,2.0,726ca5939a
2,cfb88883a6,grassroot,7.0,726ca5939a
2,02f4f492cb,grassroot,7.0,726ca5939a
2,0c06e158c3,grassroot,7.0,726ca5939a
2,bdc74ec078,grassroot,54.0,726ca5939a
2,7e5c9c9898,grassroot,7.0,726ca5939a
2,415dfb0caf,grassroot,7.0,726ca5939a
2,a68f21693c,grassroot,7.0,726ca5939a
2,2b87a2384a,grassroot,11.0,726ca5939a
2,6b9488d19c,grassroot,7.0,726ca5939a
2,61a874f127,grassroot,86.0,726ca5939a
2,6a659adcff,grassroot,7.0,726ca5939a
2,44ea2e84b1,grassroot,7.0,726ca5939a
2,f1e06b6b0a,grassroot,7.0,726ca5939a
2,3c917b3c87,grassroot,7.0,726ca5939a
2,029bdc18d5,grassroot,7.0,726ca5939a
2,d467a0077a,grassroot,7.0,726ca5939a
2,69a14e05ac,grassroot,7.0,726ca5939a
2,89f9384855,grassroot,7.0,726ca5939a
2,31cdc3aaf3,grassroot,32.0,726ca5939a
2,24e2fdb307,grassroot,13.0,726ca5939a
2,332124f012,grassroot,7.0,726ca5939a
2,2af40c7e3b,grassroot,11.0,726ca5939a
2,8adc01cee6,grassroot,7.0,726ca5939a
2,1ca35c675c,grassroot,7.0,726ca5939a
2,0d16a4b5fa,grassroot,7.0,726ca5939a
2,d285e21852,grassroot,7.0,726ca5939a
2,b2f42a5dbb,grassroot,7.0,726ca5939a
2,a4b1d3e793,grassroot,7.0,726ca5939a
2,88fe34e738,grassroot,7.0,726ca5939a
2,1dae502ed3,grassroot,7.0,726ca5939a
2,6ed6ba2e80,grassroot,7.0,726ca5939a
2,842fc57dbd,grassroot,54.0,726ca5939a
2,8b3a248979,grassroot,49.0,726ca5939a
2,3eecc8d4c7,grassroot,11.0,726ca5939a
2,1a1352712a,grassroot,3.0,726ca5939a
2,bf5b739814,grassroot,7.0,726ca5939a
2,21417f6985,grassroot,7.0,726ca5939a
2,9014fe36c8,grassroot,7.0,726ca5939a
2,8c354d190c,grassroot,42.0,726ca5939a
2,96dd37a3f9,grassroot,7.0,726ca5939a
2,005197e9de,grassroot,7.0,726ca5939a
2,bf88daabef,grassroot,7.0,726ca5939a
2,3ffb70c9a9,grassroot,7.0,726ca5939a
2,c2f13e4cbf,grassroot,7.0,726ca5939a
2,bb33127bb9,grassroot,7.0,726ca5939a
2,b403b48b99,grassroot,7.0,726ca5939a
2,fdc8c7f0b7,grassroot,7.0,726ca5939a
2,309e26ac9c,grassroot,69.0,726ca5939a
2,4d27bfae45,grassroot,2.0,726ca5939a
2,d5884d1678,grassroot,7.0,726ca5939a
2,83b90f4e0c,grassroot,51.0,726ca5939a
2,13c9e2ea6f,grassroot,7.0,726ca5939a
2,10ea3a3217,grassroot,7.0,726ca5939a
2,f5c9eaa22c,grassroot,7.0,726ca5939a
2,f291768be8,grassroot,7.0,726ca5939a
2,34e9d49a6a,grassroot,7.0,726ca5939a
2,c0b602beb2,grassroot,7.0,726ca5939a
2,186c6e3cf1,grassroot,7.0,726ca5939a
2,97b61ae4b0,grassroot,11.0,726ca5939a
2,2775da1fe3,grassroot,8.0,726ca5939a
2,8dfbaa7739,grassroot,74.0,726ca5939a
2,5148abd178,grassroot,7.0,726ca5939a
2,d1c9ac5c0d,grassroot,11.0,726ca5939a
2,f2b7576c87,grassroot,7.0,726ca5939a
2,99ba5d3155,grassroot,11.0,726ca5939a
2,57af5af0ec,grassroot,43.0,726ca5939a
2,b2675c29e9,grassroot,7.0,726ca5939a
2,663da5060f,grassroot,8.0,726ca5939a
2,0d44918dd0,grassroot,7.0,726ca5939a
2,ccc332ece5,grassroot,7.0,726ca5939a
2,5b2a86314a,grassroot,2.0,726ca5939a
2,e5dfd5f8f3,grassroot,49.0,726ca5939a
2,a332c60fc8,grassroot,7.0,726ca5939a
2,1f8d6e0a36,grassroot,7.0,726ca5939a
2,0ecca49cea,grassroot,11.0,726ca5939a
2,d10632ff52,grassroot,7.0,726ca5939a
2,69a14a3c9c,grassroot,11.0,726ca5939a
2,e4b1c01821,grassroot,7.0,726ca5939a
2,3c77b9aa2c,grassroot,11.0,726ca5939a
2,c65319db0a,grassroot,6.0,726ca5939a
2,b2d585702f,grassroot,7.0,726ca5939a
2,6fd195a231,grassroot,123.0,726ca5939a
2,cb5caf32f0,grassroot,7.0,726ca5939a
2,4f3c3a55fc,grassroot,54.0,726ca5939a
2,b5deeccbde,grassroot,7.0,726ca5939a
2,9daca2086c,grassroot,14.0,726ca5939a
2,9302c81527,grassroot,7.0,726ca5939a
2,3b7c993cd4,grassroot,11.0,726ca5939a
2,e6e980b131,grassroot,7.0,726ca5939a
2,e671fe0843,grassroot,7.0,726ca5939a
2,dbf5d8f642,grassroot,11.0,726ca5939a
2,c7c2c97786,grassroot,7.0,726ca5939a
2,e8b5c4f465,grassroot,7.0,726ca5939a
2,882913c9b5,grassroot,14.0,726ca5939a
2,26396c3e05,grassroot,11.0,726ca5939a
2,3b21193ace,grassroot,3.0,726ca5939a
2,06a10e6145,grassroot,7.0,726ca5939a
2,c46f966619,grassroot,12.0,726ca5939a
2,98936b751a,grassroot,11.0,726ca5939a
2,a53d7b4d6d,grassroot,7.0,726ca5939a
2,8c4cd2408a,grassroot,58.0,726ca5939a
2,97755eacd7,grassroot,69.0,726ca5939a
2,c674156f5b,grassroot,7.0,726ca5939a
2,297076bf2a,grassroot,7.0,726ca5939a
2,bbf9cff641,grassroot,9.0,726ca5939a
2,233338c5cb,grassroot,6.0,726ca5939a
2,13530eedeb,grassroot,7.0,726ca5939a
2,d251f7bb58,grassroot,7.0,726ca5939a
2,ba0c202df7,grassroot,11.0,726ca5939a
2,6a9e021f48,grassroot,7.0,726ca5939a
2,646a0d9b64,grassroot,49.0,726ca5939a
2,a6902574e3,grassroot,7.0,726ca5939a
2,848ea75f19,grassroot,7.0,726ca5939a
2,e8c03bf72e,grassroot,70.0,726ca5939a
2,174b08fb51,grassroot,6.0,726ca5939a
2,60cccbb6ab,grassroot,7.0,726ca5939a
2,adf340cc2d,grassroot,7.0,726ca5939a
2,738fa3a38d,grassroot,7.0,726ca5939a
2,fea0caf7dc,grassroot,7.0,726ca5939a
2,3162a4d84f,grassroot,7.0,726ca5939a
2,ace7f887f8,grassroot,7.0,726ca5939a
2,cbb0c447f5,grassroot,7.0,726ca5939a
2,556dafa80b,grassroot,7.0,726ca5939a
2,5663b44f5c,grassroot,11.0,726ca5939a
2,4110098b4f,grassroot,7.0,726ca5939a
2,eab0fa95c2,grassroot,89.0,726ca5939a
2,e551f27618,grassroot,7.0,726ca5939a
2,3cfad94e2d,grassroot,11.0,726ca5939a
2,608ffbcc2b,grassroot,7.0,726ca5939a
2,8d26aa0529,grassroot,7.0,726ca5939a
2,cf414537a1,grassroot,24.0,726ca5939a
2,56c8b06dc7,grassroot,7.0,726ca5939a
2,68c36638a1,grassroot,11.0,726ca5939a
3,40b663ab15,grassroot,43.0,726ca5939a
3,00ddaeae76,grassroot,11.0,726ca5939a
3,59df5f55fa,grassroot,51.0,726ca5939a
3,092274035f,grassroot,9.0,726ca5939a
3,0533681399,grassroot,51.0,726ca5939a
3,2ac4b4b347,grassroot,43.0,726ca5939a
3,e306e1ef39,grassroot,51.0,726ca5939a
3,0c007fe2c7,grassroot,11.0,726ca5939a
3,319596f7bd,grassroot,7.0,726ca5939a
3,7a626e505f,grassroot,51.0,726ca5939a
3,da02f36e72,grassroot,35.0,726ca5939a
3,e0de7f0d08,grassroot,1.0,726ca5939a
3,bbdfc210d4,grassroot,74.0,726ca5939a
3,2b427fdb3d,grassroot,12.0,726ca5939a
3,0eddbf61a2,grassroot,7.0,726ca5939a
3,41e8c21a83,grassroot,51.0,726ca5939a
3,6d4806414e,grassroot,11.0,726ca5939a
4,188e25972c,grassroot,51.0,726ca5939a
4,73e708b1cf,grassroot,51.0,726ca5939a
4,28856fb432,grassroot,51.0,726ca5939a
4,a2c06e37b1,grassroot,51.0,726ca5939a
4,4520e8c634,grassroot,86.0,726ca5939a
4,7568a708a0,grassroot,51.0,726ca5939a
5,d928e1be72,grassroot,51.0,726ca5939a
5,71d18ab73d,grassroot,51.0,726ca5939a
5,39a5575a71,grassroot,51.0,726ca5939a
5,d834b14d90,grassroot,51.0,726ca5939a
5,99a11b64e2,grassroot,51.0,726ca5939a
5,08c62ce1f4,grassroot,51.0,726ca5939a
6,212126f3ec,grassroot,51.0,726ca5939a
1,32f737b5b4,grassroot,12.0,29dfe58c9e
1,bb9b5f0882,grassroot,86.0,29dfe58c9e
1,84a0adca1e,grassroot,2.0,29dfe58c9e
1,ac28975c4f,grassroot,49.0,29dfe58c9e
1,8a83dbc3e6,grassroot,12.0,29dfe58c9e
1,4436c9e1bb,grassroot,7.0,29dfe58c9e
1,b2a5b21040,grassroot,12.0,29dfe58c9e
1,dd8e004ad9,grassroot,7.0,29dfe58c9e
1,1b527cbc46,grassroot,12.0,29dfe58c9e
1,3310ecaca1,grassroot,12.0,29dfe58c9e
1,ca233ff170,grassroot,51.0,29dfe58c9e
1,e70e62e1f7,grassroot,49.0,29dfe58c9e
1,4e6774a2d3,grassroot,12.0,29dfe58c9e
1,6e3a8b6f21,grassroot,70.0,29dfe58c9e
1,eaf23a0575,grassroot,2.0,29dfe58c9e
1,fa45489932,grassroot,12.0,29dfe58c9e
1,0e1860bd04,grassroot,12.0,29dfe58c9e
1,b11b2ba2b8,grassroot,43.0,29dfe58c9e
1,32af1bae8e,grassroot,2.0,29dfe58c9e
1,5c265fd1db,grassroot,12.0,29dfe58c9e
1,ebcaca1b31,grassroot,69.0,29dfe58c9e
1,a10a720f1c,grassroot,32.0,29dfe58c9e
1,fcb30a6c62,grassroot,12.0,29dfe58c9e
1,ff78204d3f,grassroot,2.0,29dfe58c9e
1,14bec972a2,grassroot,2.0,29dfe58c9e
1,e8f50292ac,grassroot,35.0,29dfe58c9e
1,68f237e35e,grassroot,12.0,29dfe58c9e
1,a1fba94742,grassroot,2.0,29dfe58c9e
1,e1f1a03576,grassroot,12.0,29dfe58c9e
1,59c8955b44,grassroot,12.0,29dfe58c9e
1,2b87a2384a,grassroot,11.0,29dfe58c9e
1,604c05dd63,grassroot,12.0,29dfe58c9e
1,ea31c2eb07,grassroot,12.0,29dfe58c9e
1,741997c72d,grassroot,2.0,29dfe58c9e
1,282a2fee50,grassroot,12.0,29dfe58c9e
1,d7b4f18707,grassroot,12.0,29dfe58c9e
1,820ec37c9b,grassroot,9.0,29dfe58c9e
1,991a47ef57,grassroot,2.0,29dfe58c9e
1,0d59731cde,grassroot,12.0,29dfe58c9e
1,bfc94c5b7f,grassroot,12.0,29dfe58c9e
1,5a01314e84,grassroot,12.0,29dfe58c9e
1,c4291ddb43,grassroot,2.0,29dfe58c9e
1,e9f18c2767,grassroot,12.0,29dfe58c9e
1,722125657e,grassroot,12.0,29dfe58c9e
1,6a6f60a724,grassroot,2.0,29dfe58c9e
1,fc3ab17ec1,grassroot,2.0,29dfe58c9e
1,1fc136a038,grassroot,2.0,29dfe58c9e
1,90c1f713c5,grassroot,12.0,29dfe58c9e
1,a71704afea,grassroot,2.0,29dfe58c9e
1,8064caeb20,grassroot,42.0,29dfe58c9e
1,89baa3f721,grassroot,49.0,29dfe58c9e
1,08ae8231e8,grassroot,12.0,29dfe58c9e
1,03c5256b54,grassroot,7.0,29dfe58c9e
1,0a2044cf26,grassroot,12.0,29dfe58c9e
1,26eb46e0dd,grassroot,2.0,29dfe58c9e
1,cefc9a8da1,grassroot,12.0,29dfe58c9e
1,46fa83bb96,grassroot,2.0,29dfe58c9e
1,749aa807a8,grassroot,12.0,29dfe58c9e
1,9b597ad838,grassroot,12.0,29dfe58c9e
1,1ea49f6c4e,grassroot,12.0,29dfe58c9e
1,ca0a48ff3b,grassroot,12.0,29dfe58c9e
1,ebded6a4f9,grassroot,12.0,29dfe58c9e
1,039656a4d0,grassroot,2.0,29dfe58c9e
1,c413db24fd,grassroot,12.0,29dfe58c9e
1,1a572db0b6,grassroot,12.0,29dfe58c9e
1,fa02340404,grassroot,12.0,29dfe58c9e
1,32e4a15b00,grassroot,2.0,29dfe58c9e
1,a2d550f8e2,grassroot,2.0,29dfe58c9e
1,02ef473826,grassroot,12.0,29dfe58c9e
1,135037514f,grassroot,12.0,29dfe58c9e
1,98a792df7f,grassroot,12.0,29dfe58c9e
1,c2bb47b607,grassroot,123.0,29dfe58c9e
1,871c00d4cf,grassroot,12.0,29dfe58c9e
1,e4eb65ba1a,grassroot,2.0,29dfe58c9e
1,555f49b7e8,grassroot,12.0,29dfe58c9e
1,7b47283175,grassroot,7.0,29dfe58c9e
1,d89bd3a7f4,grassroot,12.0,29dfe58c9e
1,7270e285a9,grassroot,2.0,29dfe58c9e
1,706ee19445,grassroot,2.0,29dfe58c9e
1,a222666730,grassroot,12.0,29dfe58c9e
1,80c2087eb0,grassroot,12.0,29dfe58c9e
1,b3478b0fac,grassroot,3.0,29dfe58c9e
1,91b7d36409,grassroot,12.0,29dfe58c9e
1,09063ae7e7,grassroot,12.0,29dfe58c9e
1,f129196ffe,grassroot,12.0,29dfe58c9e
1,550c87f148,grassroot,12.0,29dfe58c9e
1,74ffb516a7,grassroot,2.0,29dfe58c9e
1,42a38f7458,grassroot,7.0,29dfe58c9e
1,8f66a6f918,grassroot,2.0,29dfe58c9e
1,0d1dbecae5,grassroot,16.0,29dfe58c9e
1,73c71d6ce0,grassroot,49.0,29dfe58c9e
1,878206903a,grassroot,12.0,29dfe58c9e
1,9ab4bc42e6,grassroot,12.0,29dfe58c9e
1,8255d0b45f,grassroot,12.0,29dfe58c9e
1,400415f8bb,grassroot,49.0,29dfe58c9e
1,4614048e19,grassroot,12.0,29dfe58c9e
1,61e8531e43,grassroot,12.0,29dfe58c9e
1,65e0496146,grassroot,12.0,29dfe58c9e
1,052e91b5c7,grassroot,12.0,29dfe58c9e
1,93c5a99ceb,grassroot,12.0,29dfe58c9e
1,89978a9320,grassroot,12.0,29dfe58c9e
1,d7f35f967b,grassroot,12.0,29dfe58c9e
1,b13e21709e,grassroot,69.0,29dfe58c9e
1,39fdc94d38,grassroot,43.0,29dfe58c9e
1,dc86964370,grassroot,3.0,29dfe58c9e
1,b6d2f09424,grassroot,12.0,29dfe58c9e
1,dc4245c6fb,grassroot,12.0,29dfe58c9e
1,4617e9d3ba,grassroot,12.0,29dfe58c9e
1,5caac5104b,grassroot,12.0,29dfe58c9e
1,52f7fd1120,grassroot,2.0,29dfe58c9e
1,aa689a21e7,grassroot,12.0,29dfe58c9e
1,2b427fdb3d,grassroot,12.0,29dfe58c9e
1,f95a46d155,grassroot,12.0,29dfe58c9e
1,935be783ea,grassroot,2.0,29dfe58c9e
1,f1d6f7eb4f,grassroot,12.0,29dfe58c9e
1,31b0df1498,grassroot,12.0,29dfe58c9e
1,228e9e7b9c,grassroot,12.0,29dfe58c9e
1,8e9cebea15,grassroot,2.0,29dfe58c9e
1,40a5b0eaa4,grassroot,12.0,29dfe58c9e
1,7c55a0f0d4,grassroot,12.0,29dfe58c9e
1,f9a95db9a0,grassroot,12.0,29dfe58c9e
1,189367753a,grassroot,2.0,29dfe58c9e
1,433edd5961,grassroot,86.0,29dfe58c9e
1,0e8854a4d8,grassroot,2.0,29dfe58c9e
1,97755eacd7,grassroot,69.0,29dfe58c9e
1,9c5d2a9d20,grassroot,12.0,29dfe58c9e
1,3ad9a0d76d,grassroot,2.0,29dfe58c9e
1,b0193c869c,grassroot,2.0,29dfe58c9e
1,c96c0f89d7,grassroot,2.0,29dfe58c9e
1,b4e0d2c0fc,grassroot,2.0,29dfe58c9e
1,7cea7f4fa8,grassroot,24.0,29dfe58c9e
1,2a67f415ca,grassroot,12.0,29dfe58c9e
1,2107f1c324,grassroot,2.0,29dfe58c9e
1,3f0dcb840a,elite/political,12.0,29dfe58c9e
1,f5804847cd,grassroot,12.0,29dfe58c9e
1,737395a6c8,grassroot,12.0,29dfe58c9e
1,9c7360d4d3,grassroot,12.0,29dfe58c9e
1,9210854672,grassroot,12.0,29dfe58c9e
1,83cece919b,grassroot,2.0,29dfe58c9e
1,5be974ebf1,grassroot,12.0,29dfe58c9e
1,e56c8a0df6,grassroot,12.0,29dfe58c9e
1,c2c77f4ebd,grassroot,2.0,29dfe58c9e
1,f517a94f62,grassroot,2.0,29dfe58c9e
1,200b414187,grassroot,12.0,29dfe58c9e
1,52b4001e9d,grassroot,12.0,29dfe58c9e
1,406a0a7ba6,grassroot,123.0,29dfe58c9e
1,fe3e02f445,grassroot,12.0,29dfe58c9e
1,8dad4c538f,grassroot,12.0,29dfe58c9e
1,7555c646fb,grassroot,24.0,29dfe58c9e
1,ce72f592f5,grassroot,12.0,29dfe58c9e
1,0ffe5d80cb,grassroot,12.0,29dfe58c9e
1,01db25cd54,grassroot,2.0,29dfe58c9e
1,11aceed442,grassroot,14.0,29dfe58c9e
1,87cb767844,grassroot,2.0,29dfe58c9e
1,0a7f446a17,grassroot,12.0,29dfe58c9e
1,6227df8746,grassroot,7.0,29dfe58c9e
1,c55c1956bf,grassroot,2.0,29dfe58c9e
1,908700dff3,grassroot,12.0,29dfe58c9e
1,62b12de4a2,grassroot,74.0,29dfe58c9e
1,a3588cb4dc,grassroot,12.0,29dfe58c9e
2,de0550d666,grassroot,43.0,29dfe58c9e
2,0c007fe2c7,grassroot,11.0,29dfe58c9e
2,5a126d801b,grassroot,11.0,29dfe58c9e
2,6d4806414e,grassroot,11.0,29dfe58c9e
2,08c62ce1f4,grassroot,51.0,29dfe58c9e
2,298b74baa6,grassroot,2.0,29dfe58c9e
2,ba1cc0b01a,grassroot,9.0,29dfe58c9e
2,0f4aa4becf,grassroot,43.0,29dfe58c9e
2,39a5575a71,grassroot,51.0,29dfe58c9e
2,cd42ac3afe,grassroot,74.0,29dfe58c9e
2,d834b14d90,grassroot,51.0,29dfe58c9e
2,7568a708a0,grassroot,51.0,29dfe58c9e
2,3ac8e83a9c,grassroot,9.0,29dfe58c9e
2,f4161c5bcd,grassroot,51.0,29dfe58c9e
2,8987a67b37,grassroot,2.0,29dfe58c9e
2,08e5077e44,grassroot,74.0,29dfe58c9e
2,1a582db865,grassroot,74.0,29dfe58c9e
2,ecb20b004b,grassroot,74.0,29dfe58c9e
2,7b3468fd67,grassroot,43.0,29dfe58c9e
2,99a11b64e2,grassroot,51.0,29dfe58c9e
2,bb08e8b412,grassroot,43.0,29dfe58c9e
2,98e8a12e93,grassroot,74.0,29dfe58c9e
2,d928e1be72,grassroot,51.0,29dfe58c9e
2,67ac11dcf1,grassroot,3.0,29dfe58c9e
2,d79e0dbbb0,grassroot,43.0,29dfe58c9e
2,059c0572b6,grassroot,74.0,29dfe58c9e
2,1ef15e8e0b,grassroot,74.0,29dfe58c9e
2,eb45ecd427,grassroot,43.0,29dfe58c9e
2,83b90f4e0c,grassroot,51.0,29dfe58c9e
2,1931102c16,grassroot,43.0,29dfe58c9e
3,50817efb0f,grassroot,54.0,29dfe58c9e
3,59df5f55fa,grassroot,51.0,29dfe58c9e
3,3337cbe091,grassroot,74.0,29dfe58c9e
3,0533681399,grassroot,51.0,29dfe58c9e
3,e306e1ef39,grassroot,51.0,29dfe58c9e
3,212126f3ec,grassroot,51.0,29dfe58c9e
3,21147f3f89,grassroot,74.0,29dfe58c9e
3,7a626e505f,grassroot,51.0,29dfe58c9e
3,d31ffb4953,grassroot,2.0,29dfe58c9e
3,d05e729496,grassroot,74.0,29dfe58c9e
3,41e8c21a83,grassroot,51.0,29dfe58c9e
3,70027a300a,grassroot,74.0,29dfe58c9e
3,7c59d88abc,grassroot,74.0,29dfe58c9e
3,544ef343d3,grassroot,74.0,29dfe58c9e
4,188e25972c,grassroot,51.0,29dfe58c9e
4,73e708b1cf,grassroot,51.0,29dfe58c9e
4,a2c06e37b1,grassroot,51.0,29dfe58c9e
4,28856fb432,grassroot,51.0,29dfe58c9e
4,4520e8c634,grassroot,86.0,29dfe58c9e
5,71d18ab73d,grassroot,51.0,29dfe58c9e
1,67f6ac7ef3,grassroot,3.0,f290e08e9c
1,5cc0864346,grassroot,3.0,f290e08e9c
1,27525d5ee2,grassroot,9.0,f290e08e9c
1,16bcb7b44a,grassroot,3.0,f290e08e9c
1,63e6f744c6,grassroot,2.0,f290e08e9c
1,1d1241b984,grassroot,3.0,f290e08e9c
1,45a6639bbf,grassroot,3.0,f290e08e9c
1,337237f3f1,grassroot,3.0,f290e08e9c
1,b2b563a799,grassroot,3.0,f290e08e9c
1,a943387ef5,grassroot,7.0,f290e08e9c
1,19586f3712,grassroot,16.0,f290e08e9c
1,563f22aa48,grassroot,3.0,f290e08e9c
1,bd203b2921,grassroot,3.0,f290e08e9c
1,83bef51d5d,grassroot,3.0,f290e08e9c
1,1a5c7eb8d6,grassroot,3.0,f290e08e9c
1,5d0d42d19b,grassroot,3.0,f290e08e9c
1,7116d35491,grassroot,3.0,f290e08e9c
1,1704f8cffc,grassroot,3.0,f290e08e9c
1,6ff73a1c3f,grassroot,9.0,f290e08e9c
1,5e46692cd2,grassroot,3.0,f290e08e9c
1,3d23a69939,grassroot,16.0,f290e08e9c
1,aca90a1dcb,grassroot,3.0,f290e08e9c
1,56d446d018,grassroot,3.0,f290e08e9c
1,7a5b191019,grassroot,3.0,f290e08e9c
1,be88e975f8,grassroot,3.0,f290e08e9c
1,b1a1f88e6d,grassroot,3.0,f290e08e9c
1,29620dd87d,grassroot,3.0,f290e08e9c
1,dc55b4184b,grassroot,70.0,f290e08e9c
1,937e044912,grassroot,3.0,f290e08e9c
1,64957c5c61,grassroot,3.0,f290e08e9c
1,2b87a2384a,grassroot,11.0,f290e08e9c
1,1b97c118da,grassroot,3.0,f290e08e9c
1,7396a3c1cb,grassroot,3.0,f290e08e9c
1,1b98f442b7,grassroot,70.0,f290e08e9c
1,61df94837f,grassroot,3.0,f290e08e9c
1,c59d3cd12c,grassroot,3.0,f290e08e9c
1,b752d5c05b,grassroot,3.0,f290e08e9c
1,69547e1690,grassroot,11.0,f290e08e9c
1,8530da6741,grassroot,3.0,f290e08e9c
1,813f15254a,grassroot,3.0,f290e08e9c
1,ffd532782f,grassroot,3.0,f290e08e9c
1,027405357d,grassroot,3.0,f290e08e9c
1,5580421202,grassroot,3.0,f290e08e9c
1,38e70c855e,grassroot,3.0,f290e08e9c
1,dcc5bea680,grassroot,3.0,f290e08e9c
1,a8c4416f94,grassroot,3.0,f290e08e9c
1,094d65851f,grassroot,3.0,f290e08e9c
1,01f3074862,grassroot,3.0,f290e08e9c
1,1fbd0b3ed1,grassroot,5.0,f290e08e9c
1,4a47e7f45b,grassroot,3.0,f290e08e9c
1,c33cb2f580,grassroot,3.0,f290e08e9c
1,45b09d3744,grassroot,3.0,f290e08e9c
1,6e3708cd24,grassroot,3.0,f290e08e9c
1,e1e1517a96,grassroot,3.0,f290e08e9c
1,dfc35db50f,grassroot,3.0,f290e08e9c
1,1c4ca23d8e,grassroot,3.0,f290e08e9c
1,b1da463e34,grassroot,3.0,f290e08e9c
1,604c419d44,grassroot,3.0,f290e08e9c
1,5c792dfcd0,grassroot,58.0,f290e08e9c
1,04081423dd,grassroot,3.0,f290e08e9c
1,77d72f5a6b,grassroot,3.0,f290e08e9c
1,ea4b5f764f,grassroot,70.0,f290e08e9c
1,f18ea88395,grassroot,3.0,f290e08e9c
1,642c65c48d,grassroot,3.0,f290e08e9c
1,4f82a5e14a,grassroot,42.0,f290e08e9c
1,aa1aba9b12,grassroot,2.0,f290e08e9c
1,f5f617f109,grassroot,3.0,f290e08e9c
1,db25a9b515,grassroot,3.0,f290e08e9c
1,236c83e618,grassroot,3.0,f290e08e9c
1,3b0104a8f6,grassroot,3.0,f290e08e9c
1,9f0f73d2e7,grassroot,3.0,f290e08e9c
1,c23fbfe1ca,grassroot,3.0,f290e08e9c
1,3d6e693731,grassroot,3.0,f290e08e9c
1,69e83592a9,grassroot,3.0,f290e08e9c
1,4b6342a3f3,grassroot,3.0,f290e08e9c
1,a7c627c628,grassroot,3.0,f290e08e9c
1,bb32694c2a,grassroot,11.0,f290e08e9c
1,6115bbe8b3,grassroot,10.0,f290e08e9c
1,7216ac8be0,grassroot,3.0,f290e08e9c
1,a136ba5462,grassroot,3.0,f290e08e9c
1,6a49be3625,grassroot,3.0,f290e08e9c
1,42c6405ed0,grassroot,70.0,f290e08e9c
1,92b95ac839,grassroot,3.0,f290e08e9c
1,12d590ea93,grassroot,86.0,f290e08e9c
1,91b7d36409,grassroot,12.0,f290e08e9c
1,042a142935,grassroot,3.0,f290e08e9c
1,b102060375,grassroot,3.0,f290e08e9c
1,7634288c30,grassroot,3.0,f290e08e9c
1,b0c7b51001,grassroot,3.0,f290e08e9c
1,00b527e658,grassroot,7.0,f290e08e9c
1,1b45c3299a,grassroot,3.0,f290e08e9c
1,3ac8e83a9c,grassroot,9.0,f290e08e9c
1,c140da9303,grassroot,3.0,f290e08e9c
1,f8b5889080,grassroot,3.0,f290e08e9c
1,b5b1c54efd,grassroot,24.0,f290e08e9c
1,3737e70661,grassroot,49.0,f290e08e9c
1,2ab466e232,grassroot,2.0,f290e08e9c
1,cce045f9d7,grassroot,3.0,f290e08e9c
1,a20eea7e93,grassroot,4.0,f290e08e9c
1,69fa94af7e,grassroot,3.0,f290e08e9c
1,fa89ebe2c9,grassroot,8.0,f290e08e9c
1,f20469872c,grassroot,3.0,f290e08e9c
1,77b19a0ec6,grassroot,3.0,f290e08e9c
1,edb0171457,grassroot,2.0,f290e08e9c
1,57c603966f,grassroot,2.0,f290e08e9c
1,86b940a80b,grassroot,3.0,f290e08e9c
1,e5cab16944,grassroot,3.0,f290e08e9c
1,befca014a8,grassroot,3.0,f290e08e9c
1,46e19b558f,grassroot,3.0,f290e08e9c
1,b3a4ae86ad,grassroot,3.0,f290e08e9c
1,9f1f326265,grassroot,3.0,f290e08e9c
1,286e232018,grassroot,3.0,f290e08e9c
1,7e229a972c,grassroot,54.0,f290e08e9c
1,6b2fa44e21,grassroot,3.0,f290e08e9c
1,e794c8ec69,grassroot,3.0,f290e08e9c
1,a35b94db36,grassroot,3.0,f290e08e9c
1,4e29b73fb8,grassroot,3.0,f290e08e9c
1,c10de35cb2,grassroot,86.0,f290e08e9c
1,7775ad0043,grassroot,3.0,f290e08e9c
1,fbd7131691,grassroot,3.0,f290e08e9c
1,da8150cb72,grassroot,3.0,f290e08e9c
1,d087010868,grassroot,3.0,f290e08e9c
1,d87f7f93eb,grassroot,3.0,f290e08e9c
1,7e13cffffa,grassroot,42.0,f290e08e9c
1,d2e2c325ac,grassroot,3.0,f290e08e9c
1,1c2affb28b,grassroot,70.0,f290e08e9c
1,44ae8cc5ce,grassroot,3.0,f290e08e9c
1,df3eb0c1a6,grassroot,3.0,f290e08e9c
1,eae1627ce2,grassroot,3.0,f290e08e9c
1,b2a6cd07f5,grassroot,3.0,f290e08e9c
1,b5368f2fd5,grassroot,3.0,f290e08e9c
1,7c1c012793,grassroot,3.0,f290e08e9c
1,e25998b29b,grassroot,3.0,f290e08e9c
1,d93509da5f,grassroot,2.0,f290e08e9c
1,091c8d3bab,grassroot,3.0,f290e08e9c
1,5b1d6e0881,grassroot,9.0,f290e08e9c
1,f6118246ec,grassroot,3.0,f290e08e9c
1,4cf0a58adf,grassroot,3.0,f290e08e9c
1,0dfd67adaa,grassroot,3.0,f290e08e9c
1,073f5c8ff3,grassroot,3.0,f290e08e9c
1,1ed1c5a124,grassroot,3.0,f290e08e9c
1,3bc144eb7e,grassroot,86.0,f290e08e9c
1,67ac11dcf1,grassroot,3.0,f290e08e9c
1,dc88dc4c61,grassroot,152.0,f290e08e9c
1,28b7107afb,grassroot,3.0,f290e08e9c
1,148a00f703,grassroot,3.0,f290e08e9c
1,f9d8e182c9,grassroot,9.0,f290e08e9c
1,812258d60f,grassroot,3.0,f290e08e9c
1,0c541c40b7,grassroot,3.0,f290e08e9c
1,fb8091455a,grassroot,3.0,f290e08e9c
1,b11e6b5f80,grassroot,3.0,f290e08e9c
1,620fe6c655,grassroot,3.0,f290e08e9c
1,06d6759e0f,grassroot,3.0,f290e08e9c
2,554497c92f,grassroot,3.0,f290e08e9c
2,5a126d801b,grassroot,11.0,f290e08e9c
2,0c007fe2c7,grassroot,11.0,f290e08e9c
2,7221b32a7c,grassroot,86.0,f290e08e9c
2,c85069f39f,grassroot,3.0,f290e08e9c
2,b436f88266,grassroot,24.0,f290e08e9c
2,de29752baa,grassroot,70.0,f290e08e9c
2,842fc57dbd,grassroot,54.0,f290e08e9c
2,91edd03b8d,grassroot,86.0,f290e08e9c
2,948c3388c0,grassroot,9.0,f290e08e9c
2,97755eacd7,grassroot,69.0,f290e08e9c
2,6d4806414e,grassroot,11.0,f290e08e9c
2,cb0ff109b2,grassroot,3.0,f290e08e9c
1,fbbe9cce20,grassroot,6.0,f2e3cb1eab
1,67f6ac7ef3,grassroot,3.0,f2e3cb1eab
1,573ab9fed2,grassroot,6.0,f2e3cb1eab
1,78f56785f2,grassroot,6.0,f2e3cb1eab
1,2d331a8185,grassroot,14.0,f2e3cb1eab
1,74efbec221,grassroot,6.0,f2e3cb1eab
1,8b56b5c3d9,grassroot,10.0,f2e3cb1eab
1,2afcee522b,grassroot,2.0,f2e3cb1eab
1,acf3b530c8,grassroot,6.0,f2e3cb1eab
1,a84c2e4b3d,grassroot,6.0,f2e3cb1eab
1,04ce3282b1,grassroot,6.0,f2e3cb1eab
1,ed7f10f379,grassroot,6.0,f2e3cb1eab
1,63e6f744c6,grassroot,2.0,f2e3cb1eab
1,5a78fb4674,grassroot,6.0,f2e3cb1eab
1,704dfba275,grassroot,6.0,f2e3cb1eab
1,afde946541,grassroot,6.0,f2e3cb1eab
1,bd40df678c,grassroot,8.0,f2e3cb1eab
1,bd203b2921,grassroot,3.0,f2e3cb1eab
1,2ce863c534,grassroot,6.0,f2e3cb1eab
1,8c8eeac1cb,grassroot,6.0,f2e3cb1eab
1,4071b20277,grassroot,6.0,f2e3cb1eab
1,531ed53133,grassroot,6.0,f2e3cb1eab
1,8ba68f8518,grassroot,6.0,f2e3cb1eab
1,bfe854cbd5,grassroot,2.0,f2e3cb1eab
1,160df7d9fe,grassroot,6.0,f2e3cb1eab
1,128636bbd5,grassroot,6.0,f2e3cb1eab
1,ab71867e17,grassroot,6.0,f2e3cb1eab
1,3bf6998dfb,grassroot,70.0,f2e3cb1eab
1,694ab3b0d3,grassroot,6.0,f2e3cb1eab
1,0fe3df5a59,grassroot,6.0,f2e3cb1eab
1,32af1bae8e,grassroot,2.0,f2e3cb1eab
1,ec5c38d937,grassroot,6.0,f2e3cb1eab
1,f4f1ec058b,grassroot,6.0,f2e3cb1eab
1,342b8f6746,grassroot,6.0,f2e3cb1eab
1,29e02446ed,grassroot,86.0,f2e3cb1eab
1,e0bdc2c126,grassroot,6.0,f2e3cb1eab
1,44b2316d0a,grassroot,6.0,f2e3cb1eab
1,0fb8b8fc0f,grassroot,6.0,f2e3cb1eab
1,fd4637eb60,grassroot,6.0,f2e3cb1eab
1,dc55b4184b,grassroot,70.0,f2e3cb1eab
1,93b85dd2d0,grassroot,6.0,f2e3cb1eab
1,2b87a2384a,grassroot,11.0,f2e3cb1eab
1,5846eb4ee4,grassroot,6.0,f2e3cb1eab
1,2b9a028101,grassroot,7.0,f2e3cb1eab
1,084e539a98,grassroot,6.0,f2e3cb1eab
1,8e86ae124f,grassroot,10.0,f2e3cb1eab
1,3c0ca7ad09,grassroot,6.0,f2e3cb1eab
1,ce64b98f6c,grassroot,6.0,f2e3cb1eab
1,1fe6d40bca,grassroot,6.0,f2e3cb1eab
1,758e46dcab,grassroot,9.0,f2e3cb1eab
1,eee840b13b,grassroot,6.0,f2e3cb1eab
1,923f56a40c,grassroot,6.0,f2e3cb1eab
1,d3ed3b3be5,grassroot,6.0,f2e3cb1eab
1,ea0e826d57,grassroot,6.0,f2e3cb1eab
1,b34d011613,grassroot,6.0,f2e3cb1eab
1,e0361010f0,grassroot,6.0,f2e3cb1eab
1,6b41c10a7b,grassroot,6.0,f2e3cb1eab
1,a9821f99bf,grassroot,6.0,f2e3cb1eab
1,e60d1f4fb2,grassroot,6.0,f2e3cb1eab
1,d088882300,grassroot,6.0,f2e3cb1eab
1,946dacea28,grassroot,6.0,f2e3cb1eab
1,d56f28b297,grassroot,6.0,f2e3cb1eab
1,e27a06406b,grassroot,6.0,f2e3cb1eab
1,7c051ecbde,grassroot,6.0,f2e3cb1eab
1,13337e92db,grassroot,6.0,f2e3cb1eab
1,a0948292b4,grassroot,6.0,f2e3cb1eab
1,62446636b8,grassroot,6.0,f2e3cb1eab
1,2d0bdc1e4d,grassroot,6.0,f2e3cb1eab
1,6f1e2daac0,grassroot,6.0,f2e3cb1eab
1,48c538ec6c,grassroot,6.0,f2e3cb1eab
1,789717c0e4,grassroot,6.0,f2e3cb1eab
1,69578f9dba,grassroot,6.0,f2e3cb1eab
1,c6cb2be1c2,grassroot,2.0,f2e3cb1eab
1,ab04620cd9,grassroot,6.0,f2e3cb1eab
1,e20f8b58b0,grassroot,6.0,f2e3cb1eab
1,b25847e295,grassroot,2.0,f2e3cb1eab
1,2aed9d52b2,grassroot,6.0,f2e3cb1eab
1,2af0cae725,grassroot,6.0,f2e3cb1eab
1,2bc25b5c67,grassroot,6.0,f2e3cb1eab
1,06494f799f,grassroot,6.0,f2e3cb1eab
1,4a3eafe262,grassroot,6.0,f2e3cb1eab
1,da397f08c5,grassroot,6.0,f2e3cb1eab
1,41be61d20a,grassroot,6.0,f2e3cb1eab
1,454c73eced,grassroot,6.0,f2e3cb1eab
1,342f23ea22,grassroot,6.0,f2e3cb1eab
1,51f0deaa7a,grassroot,6.0,f2e3cb1eab
1,38c42ceb0e,grassroot,11.0,f2e3cb1eab
1,f09f2a376a,grassroot,6.0,f2e3cb1eab
1,887948ae59,grassroot,6.0,f2e3cb1eab
1,f6f948e954,grassroot,6.0,f2e3cb1eab
1,0376441e27,grassroot,6.0,f2e3cb1eab
1,91b7d36409,grassroot,12.0,f2e3cb1eab
1,11ffc710ea,grassroot,6.0,f2e3cb1eab
1,069ab1226a,grassroot,6.0,f2e3cb1eab
1,ca34b1bacd,grassroot,6.0,f2e3cb1eab
1,c9ec22964b,grassroot,6.0,f2e3cb1eab
1,1a7e9a71ff,grassroot,6.0,f2e3cb1eab
1,5579eb4223,grassroot,6.0,f2e3cb1eab
1,48d896b602,grassroot,6.0,f2e3cb1eab
1,2ac7a353b5,grassroot,6.0,f2e3cb1eab
1,dd9646e968,grassroot,6.0,f2e3cb1eab
1,0dde09ed01,grassroot,6.0,f2e3cb1eab
1,d38a18ffc1,grassroot,6.0,f2e3cb1eab
1,332b679b2c,grassroot,6.0,f2e3cb1eab
1,d7fc91b8bf,grassroot,6.0,f2e3cb1eab
1,faea6b539b,grassroot,6.0,f2e3cb1eab
1,8f1f4e3eba,grassroot,6.0,f2e3cb1eab
1,4fbe31cac6,grassroot,6.0,f2e3cb1eab
1,63659c5f25,grassroot,6.0,f2e3cb1eab
1,08e00dfeed,grassroot,6.0,f2e3cb1eab
1,ea4d50a835,grassroot,6.0,f2e3cb1eab
1,6745bdc190,grassroot,6.0,f2e3cb1eab
1,f7c8d87a03,grassroot,6.0,f2e3cb1eab
1,45bc815efd,grassroot,6.0,f2e3cb1eab
1,152cad47a6,grassroot,123.0,f2e3cb1eab
1,7313278010,grassroot,6.0,f2e3cb1eab
1,27e942e9ca,grassroot,6.0,f2e3cb1eab
1,66c5466b8a,grassroot,6.0,f2e3cb1eab
1,bf51d5cd21,grassroot,2.0,f2e3cb1eab
1,0562d0c2a6,grassroot,6.0,f2e3cb1eab
1,372777d913,grassroot,6.0,f2e3cb1eab
1,b0260c55f0,grassroot,6.0,f2e3cb1eab
1,b009cddded,grassroot,6.0,f2e3cb1eab
1,6a08ae79ba,grassroot,6.0,f2e3cb1eab
1,9c50a21b4d,grassroot,69.0,f2e3cb1eab
1,e65ca0a664,grassroot,6.0,f2e3cb1eab
1,795103f6d6,grassroot,6.0,f2e3cb1eab
1,d5d6699291,grassroot,6.0,f2e3cb1eab
1,174b08fb51,grassroot,6.0,f2e3cb1eab
1,5b1d6e0881,grassroot,9.0,f2e3cb1eab
1,e9c8d3747b,grassroot,6.0,f2e3cb1eab
1,2db02ee444,grassroot,6.0,f2e3cb1eab
1,9b7b3d7e63,grassroot,6.0,f2e3cb1eab
1,29b197d94a,grassroot,6.0,f2e3cb1eab
1,06a3663220,grassroot,6.0,f2e3cb1eab
1,ef0cb0f28b,grassroot,6.0,f2e3cb1eab
1,f9d8e182c9,grassroot,9.0,f2e3cb1eab
1,0cf81c631b,grassroot,6.0,f2e3cb1eab
1,ca8d56e396,grassroot,74.0,f2e3cb1eab
1,b3175aa70d,grassroot,7.0,f2e3cb1eab
2,319a15ada8,grassroot,6.0,f2e3cb1eab
2,020603cc06,grassroot,7.0,f2e3cb1eab
2,0c007fe2c7,grassroot,11.0,f2e3cb1eab
2,5a126d801b,grassroot,11.0,f2e3cb1eab
2,ddeff919b4,grassroot,2.0,f2e3cb1eab
2,784b05c9c6,grassroot,6.0,f2e3cb1eab
2,6d4806414e,grassroot,11.0,f2e3cb1eab
2,12cdf4ca61,grassroot,6.0,f2e3cb1eab
2,5cb01c374d,grassroot,6.0,f2e3cb1eab
2,a895f7726d,grassroot,6.0,f2e3cb1eab
2,2620556203,grassroot,123.0,f2e3cb1eab
2,a943387ef5,grassroot,7.0,f2e3cb1eab
2,6463b86e40,grassroot,123.0,f2e3cb1eab
2,33047b33b5,grassroot,6.0,f2e3cb1eab
2,5b2a86314a,grassroot,2.0,f2e3cb1eab
2,0174568997,grassroot,6.0,f2e3cb1eab
2,a89f0c4365,grassroot,2.0,f2e3cb1eab
2,c65319db0a,grassroot,6.0,f2e3cb1eab
2,0c06e158c3,grassroot,7.0,f2e3cb1eab
2,b3b7ccf13f,grassroot,6.0,f2e3cb1eab
2,688c56f1d8,grassroot,6.0,f2e3cb1eab
2,4d27bfae45,grassroot,2.0,f2e3cb1eab
3,e91e12a732,grassroot,123.0,f2e3cb1eab
1,5706606d38,grassroot,2.0,580012f0cc
1,21706111cb,grassroot,7.0,580012f0cc
1,2d331a8185,grassroot,14.0,580012f0cc
1,9439eba3e2,grassroot,11.0,580012f0cc
1,8c89b0843b,grassroot,7.0,580012f0cc
1,4436c9e1bb,grassroot,7.0,580012f0cc
1,6e0048e325,grassroot,10.0,580012f0cc
1,115be24911,grassroot,89.0,580012f0cc
1,dd8e004ad9,grassroot,7.0,580012f0cc
1,16e3e40aaf,grassroot,7.0,580012f0cc
1,031554430f,grassroot,7.0,580012f0cc
1,a943387ef5,grassroot,7.0,580012f0cc
1,5ef89c9867,grassroot,7.0,580012f0cc
1,6bf621cb04,grassroot,7.0,580012f0cc
1,38e19f561f,grassroot,10.0,580012f0cc
1,89ce4d98da,grassroot,7.0,580012f0cc
1,6001ede4b8,grassroot,7.0,580012f0cc
1,f4ca72b56e,grassroot,7.0,580012f0cc
1,f923937d48,grassroot,7.0,580012f0cc
1,acee55cc88,grassroot,7.0,580012f0cc
1,5ded2b6375,grassroot,7.0,580012f0cc
1,cfb88883a6,grassroot,7.0,580012f0cc
1,02f4f492cb,grassroot,7.0,580012f0cc
1,0c06e158c3,grassroot,7.0,580012f0cc
1,7e5c9c9898,grassroot,7.0,580012f0cc
1,415dfb0caf,grassroot,7.0,580012f0cc
1,a68f21693c,grassroot,7.0,580012f0cc
1,2b87a2384a,grassroot,11.0,580012f0cc
1,6b9488d19c,grassroot,7.0,580012f0cc
1,61a874f127,grassroot,86.0,580012f0cc
1,6a659adcff,grassroot,7.0,580012f0cc
1,44ea2e84b1,grassroot,7.0,580012f0cc
1,f1e06b6b0a,grassroot,7.0,580012f0cc
1,3c917b3c87,grassroot,7.0,580012f0cc
1,029bdc18d5,grassroot,7.0,580012f0cc
1,d467a0077a,grassroot,7.0,580012f0cc
1,69a14e05ac,grassroot,7.0,580012f0cc
1,89f9384855,grassroot,7.0,580012f0cc
1,31cdc3aaf3,grassroot,32.0,580012f0cc
1,03a0dc0dba,grassroot,7.0,580012f0cc
1,332124f012,grassroot,7.0,580012f0cc
1,8adc01cee6,grassroot,7.0,580012f0cc
1,1ca35c675c,grassroot,7.0,580012f0cc
1,0d16a4b5fa,grassroot,7.0,580012f0cc
1,d285e21852,grassroot,7.0,580012f0cc
1,b2f42a5dbb,grassroot,7.0,580012f0cc
1,a4b1d3e793,grassroot,7.0,580012f0cc
1,88fe34e738,grassroot,7.0,580012f0cc
1,1dae502ed3,grassroot,7.0,580012f0cc
1,6ed6ba2e80,grassroot,7.0,580012f0cc
1,8b3a248979,grassroot,49.0,580012f0cc
1,bf5b739814,grassroot,7.0,580012f0cc
1,21417f6985,grassroot,7.0,580012f0cc
1,9014fe36c8,grassroot,7.0,580012f0cc
1,96dd37a3f9,grassroot,7.0,580012f0cc
1,005197e9de,grassroot,7.0,580012f0cc
1,bf88daabef,grassroot,7.0,580012f0cc
1,3ffb70c9a9,grassroot,7.0,580012f0cc
1,c2f13e4cbf,grassroot,7.0,580012f0cc
1,bb33127bb9,grassroot,7.0,580012f0cc
1,b403b48b99,grassroot,7.0,580012f0cc
1,fdc8c7f0b7,grassroot,7.0,580012f0cc
1,d5884d1678,grassroot,7.0,580012f0cc
1,13c9e2ea6f,grassroot,7.0,580012f0cc
1,10ea3a3217,grassroot,7.0,580012f0cc
1,f5c9eaa22c,grassroot,7.0,580012f0cc
1,f291768be8,grassroot,7.0,580012f0cc
1,34e9d49a6a,grassroot,7.0,580012f0cc
1,c0b602beb2,grassroot,7.0,580012f0cc
1,186c6e3cf1,grassroot,7.0,580012f0cc
1,2775da1fe3,grassroot,8.0,580012f0cc
1,8dfbaa7739,grassroot,74.0,580012f0cc
1,5148abd178,grassroot,7.0,580012f0cc
1,91b7d36409,grassroot,12.0,580012f0cc
1,f2b7576c87,grassroot,7.0,580012f0cc
1,b2675c29e9,grassroot,7.0,580012f0cc
1,663da5060f,grassroot,8.0,580012f0cc
1,0d44918dd0,grassroot,7.0,580012f0cc
1,ccc332ece5,grassroot,7.0,580012f0cc
1,e5dfd5f8f3,grassroot,49.0,580012f0cc
1,a332c60fc8,grassroot,7.0,580012f0cc
1,1f8d6e0a36,grassroot,7.0,580012f0cc
1,d10632ff52,grassroot,7.0,580012f0cc
1,e4b1c01821,grassroot,7.0,580012f0cc
1,b2d585702f,grassroot,7.0,580012f0cc
1,2ab466e232,grassroot,2.0,580012f0cc
1,6fd195a231,grassroot,123.0,580012f0cc
1,cb5caf32f0,grassroot,7.0,580012f0cc
1,b5deeccbde,grassroot,7.0,580012f0cc
1,8f1f4e3eba,grassroot,6.0,580012f0cc
1,9daca2086c,grassroot,14.0,580012f0cc
1,9302c81527,grassroot,7.0,580012f0cc
1,e6e980b131,grassroot,7.0,580012f0cc
1,e671fe0843,grassroot,7.0,580012f0cc
1,c7c2c97786,grassroot,7.0,580012f0cc
1,e8b5c4f465,grassroot,7.0,580012f0cc
1,882913c9b5,grassroot,14.0,580012f0cc
1,3b21193ace,grassroot,3.0,580012f0cc
1,06a10e6145,grassroot,7.0,580012f0cc
1,c46f966619,grassroot,12.0,580012f0cc
1,a53d7b4d6d,grassroot,7.0,580012f0cc
1,c674156f5b,grassroot,7.0,580012f0cc
1,297076bf2a,grassroot,7.0,580012f0cc
1,233338c5cb,grassroot,6.0,580012f0cc
1,13530eedeb,grassroot,7.0,580012f0cc
1,d251f7bb58,grassroot,7.0,580012f0cc
1,6a9e021f48,grassroot,7.0,580012f0cc
1,646a0d9b64,grassroot,49.0,580012f0cc
1,a6902574e3,grassroot,7.0,580012f0cc
1,848ea75f19,grassroot,7.0,580012f0cc
1,e8c03bf72e,grassroot,70.0,580012f0cc
1,60cccbb6ab,grassroot,7.0,580012f0cc
1,adf340cc2d,grassroot,7.0,580012f0cc
1,738fa3a38d,grassroot,7.0,580012f0cc
1,fea0caf7dc,grassroot,7.0,580012f0cc
1,3162a4d84f,grassroot,7.0,580012f0cc
1,ace7f887f8,grassroot,7.0,580012f0cc
1,cbb0c447f5,grassroot,7.0,580012f0cc
1,556dafa80b,grassroot,7.0,580012f0cc
1,4110098b4f,grassroot,7.0,580012f0cc
1,eab0fa95c2,grassroot,89.0,580012f0cc
1,e551f27618,grassroot,7.0,580012f0cc
1,608ffbcc2b,grassroot,7.0,580012f0cc
1,8d26aa0529,grassroot,7.0,580012f0cc
1,cf414537a1,grassroot,24.0,580012f0cc
1,56c8b06dc7,grassroot,7.0,580012f0cc
1,68c36638a1,grassroot,11.0,580012f0cc
2,092274035f,grassroot,9.0,580012f0cc
2,5a126d801b,grassroot,11.0,580012f0cc
2,0c007fe2c7,grassroot,11.0,580012f0cc
2,319596f7bd,grassroot,7.0,580012f0cc
2,c65319db0a,grassroot,6.0,580012f0cc
2,da02f36e72,grassroot,35.0,580012f0cc
2,2b427fdb3d,grassroot,12.0,580012f0cc
2,bbdfc210d4,grassroot,74.0,580012f0cc
2,0eddbf61a2,grassroot,7.0,580012f0cc
2,6d4806414e,grassroot,11.0,580012f0cc
