username;community;account_type;in_degree;out_degree
0c1e59f19c;0;grassroot;0;1
293caa8d67;0;grassroot;2;0
66c947d258;1;grassroot;0;1
06e0ed9581;1;media/news;206;0
d3318700fe;2;grassroot;0;2
de70bf1dc1;2;elite/political;483;0
752b42cc35;2;elite/political;621;0
371077c5b0;3;grassroot;0;1
70607be8e5;3;grassroot;34;0
b44d7e9992;4;grassroot;0;2
33041d548c;4;media/news;73;0
2fbb75d021;5;grassroot;0;1
92a5b0aa51;5;grassroot;3;1
e5ed80ece2;5;media/news;20;0
8f1f4e3eba;6;grassroot;1;16
fc8fa39f0b;7;media/news;261;3
ae74c0f210;8;media/news;27;0
580012f0cc;7;grassroot;127;11
526a6eeee9;6;grassroot;1;0
81645dcfef;6;grassroot;1;0
554564a7bd;6;grassroot;1;0
f2e3cb1eab;6;media/news;140;0
53ebfdbc71;6;grassroot;1;0
726ca5939a;9;media/news;195;0
a646b0e60f;6;grassroot;1;0
12094da497;6;grassroot;1;0
24326da422;6;grassroot;1;0
c65319db0a;6;grassroot;1;1
bf000887fd;6;grassroot;1;0
76b0b720a0;10;media/news;307;0
7550e97f9b;6;grassroot;1;0
5c48494a9e;11;grassroot;7;0
98942d5c62;7;grassroot;6;0
9b2c8d49d0;7;grassroot;2;0
a64ab60a26;7;grassroot;1;0
f1fe1d3a49;12;grassroot;77;0
282c72f91e;7;media/news;2;0
d863394a80;7;grassroot;6;0
dd6f7b96df;7;grassroot;1;0
719f82fbdc;13;grassroot;2;0
1ccb498c6b;7;grassroot;1;0
997c95aa13;7;grassroot;1;0
28e4b90c60;14;grassroot;1;1
386dac40dc;14;grassroot;6;0
28e58e0720;3;grassroot;0;2
58f38f08ea;3;media/news;15;0
8a391f3158;3;grassroot;0;2
a826f6264c;3;grassroot;6;1
d51334f481;2;grassroot;113;0
26b9f999f4;15;grassroot;0;2
275f9f7042;15;grassroot;43;0
1ead266323;15;grassroot;29;4
e91231b62e;15;grassroot;1;3
b457022995;15;grassroot;2;0
73521bdf59;15;grassroot;1;2
ff410f317b;16;grassroot;0;1
e7acd10eaf;16;media/news;38;0
b4e0b0def7;17;grassroot;0;1
6d5482c4cb;17;grassroot;1;0
52f4b660e0;18;grassroot;0;2
9da65f519a;18;grassroot;1;0
fea13029df;18;grassroot;1;0
bda4f99b19;7;grassroot;0;1
d4fb71a041;19;grassroot;0;1
a880bc5c5e;19;grassroot;1;0
25564f012c;4;grassroot;0;1
e15820cee3;4;grassroot;13;1
7aae6b6076;4;grassroot;13;0
ad206fa373;21;grassroot;0;1
9f13f930fb;21;media/news;1;0
d64c097b51;22;grassroot;0;1
542e862ecd;22;grassroot;1;0
3053681746;10;grassroot;0;1
fa6f0f8248;23;grassroot;0;1
3565f15396;23;grassroot;2;0
cfac692604;10;grassroot;0;1
f06e9539b6;3;grassroot;0;4
5d2873a0a2;16;grassroot;10;0
46464bc202;24;grassroot;10;0
e872ae9cee;25;grassroot;0;1
82289203e5;25;grassroot;1;0
d32edda229;2;grassroot;0;3
20253a4935;2;grassroot;1;0
78a5d7fbc8;2;grassroot;44;4
6f58b334cb;2;elite/political;50;0
5a0bf18aec;2;elite/political;46;0
f9a95db9a0;12;grassroot;0;2
e3557309a4;12;grassroot;1;0
29dfe58c9e;12;elite/political;160;0
daf36f8630;16;grassroot;0;1
a1c8b58010;16;media/news;81;0
454c73eced;6;grassroot;0;1
2a2d7c1315;1;grassroot;0;4
19290827fa;1;grassroot;1;0
3c39d0171f;1;grassroot;1;0
5fcbe15989;9;grassroot;0;1
9229fb9770;1;grassroot;0;4
724c67b036;1;grassroot;1;0
062c821041;1;grassroot;14;0
735b5ce52f;2;grassroot;0;2
09e632b342;2;elite/political;1;0
d0c6c597ba;26;grassroot;0;1
292f2918d7;26;grassroot;1;0
29a0c3aebe;27;grassroot;0;1
290f5e382d;27;grassroot;1;0
a7b4c71d60;9;grassroot;0;1
15549288b7;9;grassroot;3;0
b98abd0963;28;grassroot;0;1
ce78969a3f;28;grassroot;4;0
c413db24fd;12;grassroot;0;1
958edbaff0;2;grassroot;0;4
85682b56cb;2;grassroot;1;0
c52d5d8c65;2;elite/political;110;0
e4e4e27ab2;10;grassroot;0;1
9472df37ba;24;grassroot;0;1
31a26fb0ed;24;elite/political;12;0
b4f390fda1;29;grassroot;0;1
3ab3490a17;29;grassroot;1;0
73a2985b7d;3;grassroot;0;1
9cfae5961d;3;grassroot;25;0
561de22f22;30;grassroot;0;3
04e9adca88;30;grassroot;1;0
9c5c5b964d;30;grassroot;1;0
ab52b80b83;30;grassroot;1;0
4409429de1;31;grassroot;0;1
fca295e5d2;31;grassroot;1;0
65d6b26dba;32;grassroot;0;1
f06ccedcad;32;grassroot;19;1
cc5b90c2c6;7;grassroot;0;3
67ab55a1a6;7;grassroot;8;0
6b053ac0dc;15;grassroot;0;2
9c8b7cf64e;33;grassroot;0;1
8099865a9f;33;grassroot;2;0
ce6bcbf653;34;grassroot;0;1
17a4435634;34;grassroot;1;0
a500ccdc78;35;grassroot;0;11
bd8c7a6c85;35;grassroot;15;11
424a5db86b;35;grassroot;15;0
73139c388f;35;grassroot;15;0
6ecc877338;35;grassroot;19;0
1e1881ed7a;35;grassroot;17;0
6c23df5c5c;35;grassroot;15;0
aeab53803a;35;grassroot;15;0
7c14116240;35;grassroot;14;10
8c2935c55c;35;grassroot;15;0
947c556472;35;grassroot;15;0
3bbf8fe7ac;35;grassroot;19;2
f21dd232a3;16;grassroot;9;0
07bd5f1b62;11;grassroot;18;0
57733ad1fe;36;grassroot;0;1
9258b5ba0a;36;grassroot;1;0
69ccf1d4f8;37;grassroot;0;5
88fd2c1bba;37;grassroot;1;0
a8c4daf4f6;37;grassroot;1;0
9e77739047;37;grassroot;1;0
63bfd49b2a;37;grassroot;1;0
9d89188ee2;37;grassroot;1;0
e893f7acc9;38;grassroot;0;1
4e992e665c;38;grassroot;1;1
8d6980aeff;38;grassroot;1;0
6c8bb660f5;39;grassroot;0;1
a657afae34;39;grassroot;4;0
54d6bb6a69;40;grassroot;0;1
2aaccff9bc;40;grassroot;1;0
f9181106c2;41;grassroot;0;1
0822024eed;41;grassroot;1;0
81d4630eb9;42;grassroot;0;1
202b2ae675;42;grassroot;10;1
05202179cf;42;grassroot;85;0
e068a84d03;43;grassroot;0;2
1586fdcf58;43;grassroot;8;0
d35ed31e6b;43;grassroot;1;2
5555f49fb4;43;grassroot;2;0
ade3b59c13;43;grassroot;1;0
2af0cae725;6;grassroot;0;2
404a8ac67a;6;grassroot;67;0
abc0dbac20;44;grassroot;0;1
d557891ff4;44;grassroot;1;0
e8ed77296d;45;grassroot;0;1
f1c70b7cf0;45;grassroot;1;0
7b21876996;7;grassroot;0;1
0402aa41fd;7;grassroot;8;0
b162dd5f8c;46;grassroot;0;1
e045935a25;46;grassroot;1;0
0a76431639;10;grassroot;0;1
e015521c3c;47;grassroot;0;1
152090dd9c;47;grassroot;1;0
53ee613ff3;48;grassroot;0;2
80716a4630;48;grassroot;1;0
9bc1ef4984;48;grassroot;1;0
9657e28dd9;3;grassroot;0;1
863a400c6e;7;grassroot;0;2
84b971215a;7;grassroot;1;0
7b52f67f05;2;grassroot;0;1
0d0b70b144;11;grassroot;0;2
20c7976e01;11;grassroot;3;0
681e0554a5;7;grassroot;0;11
0042e2e6db;11;grassroot;10;0
713d1944a8;7;grassroot;1;1
81b3b4d922;49;elite/political;3;0
a335fdf024;9;grassroot;27;1
92c1fe3f62;24;grassroot;30;0
7fdbbf66ce;10;grassroot;28;0
8e8922802a;7;media/news;2;0
0fa1636ee8;2;media/news;70;3
b040c53c21;50;grassroot;3;1
f6f44f1efc;50;grassroot;1;0
59df5f55fa;51;grassroot;3;2
83b90f4e0c;51;grassroot;5;58
73e708b1cf;51;grassroot;3;2
fb3afd5b5e;51;grassroot;7;0
0574f94541;51;grassroot;7;0
3943420fdb;51;grassroot;6;0
4d907001d9;51;grassroot;1;0
408fcf6926;51;grassroot;7;0
2084171e97;51;grassroot;7;0
9b405af3d6;51;grassroot;7;0
b925e0a9d9;51;grassroot;10;0
9a71004a9e;51;grassroot;1;0
08c62ce1f4;51;grassroot;6;50
c174493424;51;grassroot;7;0
f6f65674e3;51;grassroot;7;0
9c03733dfd;51;grassroot;7;0
620ae51c8c;51;grassroot;9;0
41e8c21a83;51;grassroot;1;12
d516e9b502;51;grassroot;7;0
7b22dfc2e8;51;grassroot;1;0
5739872925;51;grassroot;7;0
6e2f2ba5d6;51;grassroot;6;0
73e5114eb0;51;grassroot;7;0
28504ae8a8;51;grassroot;2;0
78d1f43f16;51;grassroot;6;0
b9b1affcf3;51;grassroot;1;0
212126f3ec;51;grassroot;7;3
a4370bd976;51;grassroot;1;0
d57345cc22;51;grassroot;1;0
ed66cf6147;51;grassroot;1;0
fa1f722165;51;grassroot;6;0
f929c8ef09;51;grassroot;1;0
7f025921be;51;grassroot;6;0
74dd5f7d96;9;grassroot;29;0
8d4e6d0306;51;grassroot;6;4
cf9a7f3883;51;grassroot;6;0
7a626e505f;51;grassroot;3;2
139284a52e;51;grassroot;1;6
9f0232006d;51;grassroot;1;0
e33cfd661b;51;grassroot;7;0
d58dfba7a3;51;grassroot;7;0
60f0d19751;51;grassroot;6;1
453f1e93a7;51;grassroot;3;2
ca233ff170;51;grassroot;8;2
4b88935520;51;grassroot;7;0
d834b14d90;51;grassroot;2;50
32e13b72ce;51;grassroot;7;0
ce4424b8b7;51;grassroot;7;0
2905a2905b;51;grassroot;7;0
f7e55803a8;51;grassroot;7;0
f57fd9b25c;51;grassroot;12;0
b698d61e04;51;grassroot;7;0
d31a8b5d3c;51;grassroot;7;0
b114bd6860;51;grassroot;6;0
d1bc1887cd;51;grassroot;6;0
156282335d;51;grassroot;7;0
7568a708a0;51;grassroot;9;51
a282074497;51;grassroot;1;0
efd0174103;51;grassroot;7;0
0533681399;51;grassroot;4;3
09ebd87dd5;13;grassroot;0;3
abf9f90056;13;grassroot;27;0
cefb6a20fa;13;grassroot;2;3
fc16c34032;43;grassroot;1;6
069ed44f29;13;grassroot;1;0
091bf9270a;2;elite/political;7;0
e26bca24c5;43;grassroot;27;1
3d60a3611d;43;grassroot;8;0
0151d435a4;43;grassroot;7;0
8e8859e049;2;elite/political;14;0
6ebe8980e0;2;grassroot;6;0
6efcd87760;7;grassroot;3;3
3dbeccac3c;12;grassroot;0;1
b4e19522e5;12;grassroot;26;0
15b37b0aa3;2;grassroot;0;1
acf1dc7d80;11;grassroot;0;6
7c87362f20;11;grassroot;1;3
bcdfbc6e1d;11;grassroot;5;0
2e35b14f09;11;grassroot;85;0
4f53b0705a;11;grassroot;1;0
216d1c81ba;14;grassroot;0;1
8dd6acdfed;14;grassroot;22;0
842fc57dbd;54;grassroot;0;8
0e344837d2;54;grassroot;1;0
7e229a972c;54;grassroot;1;4
0d4ced4371;54;grassroot;3;4
6b921e4b8e;54;grassroot;3;0
f290e08e9c;3;media/news;153;0
55958822fb;54;grassroot;1;0
f42d4746e8;2;media/news;26;0
c7c452e835;54;grassroot;1;0
bdc74ec078;54;grassroot;1;3
8586d8322f;54;grassroot;2;0
4f3c3a55fc;54;grassroot;1;17
9f9a2473c1;5;grassroot;0;3
595d58924e;5;media/news;21;0
10418cd8f7;5;grassroot;1;0
7bc37db46a;55;grassroot;0;1
14a00612d0;55;grassroot;1;0
54427667ee;56;grassroot;0;1
4401578d52;56;grassroot;2;0
e5fcc01750;10;grassroot;0;1
8a55597443;57;grassroot;0;1
03e1e62c87;57;grassroot;1;0
2f92f6ab8d;2;grassroot;0;3
2fa646ac01;16;grassroot;1;3
e6887feac7;16;grassroot;1;1
5b2a86314a;2;grassroot;0;2
bfe854cbd5;2;grassroot;2;7
c02f932c49;2;grassroot;27;0
c2f2bc9653;2;elite/political;22;0
611cf976e2;58;grassroot;0;2
567f5ed22d;58;grassroot;49;0
8f39ecf53e;58;grassroot;1;0
87a0b4c2b2;59;grassroot;0;1
31e1c8ee69;59;grassroot;1;0
f69c70b259;60;grassroot;0;1
be6166d442;60;grassroot;1;0
98447a995f;61;grassroot;0;2
83b4aac697;61;grassroot;1;0
6c2060e3d5;61;grassroot;1;0
0ab3961991;11;grassroot;1;3
d9261310a6;11;grassroot;2;0
0e1cd2e4e5;11;grassroot;1;0
f81bb91c62;11;grassroot;9;0
2a3e880291;12;grassroot;0;1
af9c80c37c;62;grassroot;0;1
17466bb8bc;62;grassroot;1;0
55c4c70e05;10;grassroot;0;1
92bd1c2f3a;10;grassroot;10;0
3e54b35d6d;63;grassroot;0;1
76b1ea8d23;63;grassroot;1;0
bc7e4efddf;64;grassroot;1;1
d7fb466cf8;64;grassroot;1;1
b2a54e877c;65;grassroot;0;1
aab2f38cdb;65;grassroot;2;0
36e9a70bb9;11;grassroot;0;1
ac249c6ebd;11;grassroot;2;0
5870ae6404;66;grassroot;0;1
025e363bce;66;grassroot;1;0
8f3d993186;7;grassroot;0;1
79261e623a;7;grassroot;2;0
8fc79c5d3d;67;grassroot;0;2
4e24b8a6a4;67;grassroot;1;0
a63ad4fdc5;67;grassroot;1;0
5ed75e2559;2;grassroot;0;1
ea31c2eb07;12;grassroot;0;3
a84c2e4b3d;6;grassroot;0;1
0b0ae702b5;42;grassroot;0;3
2ee76f0817;42;grassroot;1;0
af977a6429;42;grassroot;1;0
1a0f90ac27;7;grassroot;0;2
4bb0d979a6;68;grassroot;0;1
9aa7295a99;68;grassroot;2;0
260ef7d1f5;24;grassroot;0;2
7f1430f4a9;24;grassroot;55;1
b18ad4b71b;24;grassroot;2;0
b5deeccbde;7;grassroot;0;1
468a7e3e44;15;grassroot;1;4
0c8a8a6679;15;grassroot;1;8
758dd92201;15;grassroot;3;0
f3e6e58289;15;grassroot;2;0
048762e43a;15;grassroot;2;0
50ba92cf7c;15;grassroot;1;0
a61104e1c5;43;grassroot;8;0
9f6b480c7c;9;grassroot;0;2
710b8a34aa;9;grassroot;4;0
634380c516;11;grassroot;20;0
ae039f4a4a;69;grassroot;1;19
6c26dfcd7e;69;grassroot;4;0
06660213e4;11;grassroot;3;0
bccb7e32af;69;grassroot;1;0
88670bff73;43;grassroot;7;0
c815ef9994;69;grassroot;2;0
be2e804716;69;grassroot;1;0
824ce5d8af;69;grassroot;9;0
d2b18416d8;9;grassroot;72;0
488c0fbeed;9;grassroot;7;0
b92f8a6006;69;grassroot;2;23
e472ef2620;42;grassroot;12;0
c5a1a61500;69;grassroot;3;0
7ad86f6e90;69;grassroot;1;0
8349b8dbef;43;grassroot;2;0
d0c9d3451c;70;elite/political;53;1
789df3cc58;35;grassroot;8;0
e6b5b96006;35;grassroot;6;0
1aa1f2a670;69;grassroot;3;0
c5f60233c4;69;grassroot;3;28
6bb050e54d;69;grassroot;2;0
e5712b08db;69;grassroot;10;0
240c5fa48d;69;elite/political;2;0
d247e7a8a8;69;grassroot;3;0
0aa07be81c;69;grassroot;2;1
6e23193c02;69;grassroot;2;0
000a4ccabe;69;grassroot;2;0
409a918876;69;grassroot;2;0
dbedf21fd3;69;grassroot;2;0
ceed5e95eb;69;grassroot;2;0
5f9680c940;69;grassroot;2;0
576eee7840;69;grassroot;2;0
af61178b00;69;elite/political;5;0
171788c7ab;69;grassroot;2;0
0636f48d6c;69;grassroot;3;0
694c14d0c9;69;grassroot;2;0
4683dcc268;69;grassroot;2;0
94624238f3;69;grassroot;2;2
83b8307933;69;grassroot;2;0
46c856072f;69;grassroot;3;1
3ebcffb2db;69;grassroot;2;0
24e6654bfd;70;grassroot;22;0
1b67dfe9df;69;grassroot;1;0
2ba7eccf9e;9;elite/political;23;0
b1ddb21527;69;grassroot;1;0
c54ba1a915;69;grassroot;1;0
55973eabc5;10;grassroot;0;1
1c5ca9d2f6;1;grassroot;0;1
fefe3105ff;12;grassroot;0;3
f45bd7e2bb;71;grassroot;0;1
e11f54d162;71;grassroot;1;0
8917f84731;72;grassroot;0;1
ab55b9bd85;72;grassroot;1;0
01655325c0;14;grassroot;0;1
0a53075bb0;73;grassroot;0;1
92a1a59171;73;grassroot;2;0
ab71867e17;6;grassroot;0;2
4b764860ad;7;grassroot;0;1
f4852101da;7;grassroot;4;0
105eb851b5;74;grassroot;0;2
ead271f5bb;74;grassroot;2;0
ec802a441e;2;grassroot;0;1
0b8665589b;10;grassroot;0;1
4406a89cfe;75;grassroot;0;3
891babe1be;75;grassroot;2;0
f11ee2f349;75;grassroot;2;0
e35a829d63;75;grassroot;1;3
361f7c4a73;75;grassroot;1;0
84a2c35d2a;76;grassroot;0;1
283e998d07;76;grassroot;3;0
cad2dfdae2;77;grassroot;1;1
9a0a9926ef;77;grassroot;1;0
7bbfcd8153;2;grassroot;0;2
921baa09f4;78;grassroot;1;2
947c7e874c;78;grassroot;1;0
525265a853;78;grassroot;1;0
dd7b4c956f;3;grassroot;0;1
f991c94743;3;media/news;44;0
428e14fdf3;14;grassroot;0;2
f3a5f326f8;14;grassroot;2;0
dffb927ee3;14;grassroot;14;0
d7ff62c5a8;79;grassroot;0;1
a192f98709;79;grassroot;1;0
8622968d36;3;grassroot;0;2
8b94bde15e;3;grassroot;3;0
dd9d768191;3;grassroot;3;0
fd60993c4f;80;grassroot;0;1
38e518d52a;80;grassroot;1;0
0ad1204403;13;grassroot;0;1
8885e7a160;13;grassroot;4;0
8e86ae124f;10;grassroot;0;3
e34895073a;2;grassroot;0;1
6755c0cde5;81;grassroot;0;1
17027a776f;81;grassroot;2;0
946dacea28;6;grassroot;0;1
81011ac79d;82;grassroot;0;1
35254c2dd2;82;grassroot;1;0
32c17cbee1;1;grassroot;0;2
90c9d6e06f;3;grassroot;0;1
fa8815d57c;13;grassroot;0;1
d135aa7e9b;13;media/news;25;0
f47b799c42;83;grassroot;0;2
6da4c9d251;83;grassroot;1;0
578809a231;83;grassroot;12;0
d564dde9fc;7;grassroot;0;1
f30f54c3dc;7;grassroot;4;0
c3453a5133;43;grassroot;4;3
343cc33f50;43;grassroot;7;0
21dd0d257b;84;grassroot;0;2
f46a0b4aa6;84;grassroot;4;0
7dc23aac89;84;grassroot;2;0
4648756528;85;grassroot;0;1
04a2f3c8b2;85;grassroot;14;0
a1be120964;2;grassroot;0;6
45811bd396;35;elite/political;6;0
581aa55a0d;2;grassroot;3;0
67bbcc6c83;2;grassroot;1;0
2e43527c1c;2;grassroot;2;0
28912d465b;15;grassroot;0;2
8361fe7aac;70;grassroot;0;1
b386a8b1ac;70;grassroot;4;4
2583c7d7de;70;elite/political;26;1
c2b152fe46;70;grassroot;7;5
17fb3c29eb;70;grassroot;1;0
d9594e5f02;70;grassroot;1;0
4d12fbc9c6;86;grassroot;0;1
06f1a0d8c2;86;grassroot;103;0
552beb0cb2;87;grassroot;0;1
4fbd442271;87;grassroot;1;0
409c85c6e3;88;grassroot;0;1
c1d0f79ad0;88;grassroot;1;0
3ce8766161;70;grassroot;0;1
9bf47b9889;70;media/news;59;0
08e269ec17;9;grassroot;0;1
b635b7c851;9;grassroot;13;0
13eca5e637;13;grassroot;0;1
ae8e63abfb;13;grassroot;3;0
e995ad22af;58;grassroot;0;1
f66f18ce9f;58;grassroot;68;0
eab0fa95c2;89;grassroot;0;4
bf21405d3d;89;grassroot;25;0
3842e6fc12;90;grassroot;0;1
cbcfdcd785;90;grassroot;2;0
ad835d2dbb;91;grassroot;0;1
7ff751e25f;91;grassroot;1;0
0b0860f14f;2;grassroot;0;2
2b464d3d15;92;grassroot;0;1
ac7840f6b3;92;grassroot;4;0
31a4247c46;93;grassroot;0;1
111fe98684;93;grassroot;1;0
6929854b08;86;grassroot;0;1
9bbc5b97d2;86;grassroot;78;0
67b0a59a66;10;grassroot;0;1
a985ac0652;10;grassroot;3;0
8e3e88e036;86;grassroot;0;1
e864930034;86;grassroot;2;0
277d9ce5af;11;grassroot;0;5
93e418807f;11;grassroot;5;0
7d8368a288;11;grassroot;24;6
1ac47c2ae5;43;grassroot;12;0
520f7ad16e;11;grassroot;1;0
51a301726e;11;grassroot;1;0
374a76acd4;2;grassroot;9;5
b29b0c7cba;11;grassroot;1;0
9fe3c6019e;69;grassroot;0;2
16560a3c7a;69;grassroot;13;0
cda02ebb23;2;grassroot;1;0
7e2fd27b7b;2;grassroot;1;0
f699fba229;2;media/news;2;0
0ef5c1be00;94;grassroot;0;1
7ee38161b8;94;grassroot;3;0
e847ae7262;69;grassroot;0;1
4a8c18ca88;69;grassroot;6;0
bb3b557c9a;1;grassroot;0;1
c16ba8b38c;1;media/news;5;0
1b6be16d39;15;grassroot;0;1
78e825e0cc;11;grassroot;0;1
2b6b2917ee;11;media/news;6;0
f5e820923b;5;grassroot;0;5
f952126470;5;elite/political;5;0
7d6d29f3f2;5;grassroot;3;0
1468f6be98;86;grassroot;0;1
45569bf341;96;grassroot;0;1
bc2616fe72;96;grassroot;1;0
38edf7d826;10;grassroot;0;1
108ec173d4;86;grassroot;0;2
686a1def80;86;grassroot;1;0
6680cb5ff8;2;grassroot;0;2
25fe350c0d;2;elite/political;62;0
b8e72cbe22;16;grassroot;0;1
fd2ae764cb;16;media/news;7;0
15338dc8a6;97;grassroot;0;1
78bdced320;97;grassroot;1;0
029bdc18d5;7;grassroot;0;2
aeff4a6660;7;grassroot;3;0
8d31a993ff;70;grassroot;0;1
8fc5fc3b7f;98;grassroot;1;3
73f04a8686;98;grassroot;1;3
0d296b51eb;98;grassroot;10;0
80684762a0;98;grassroot;3;5
5acb882cc8;98;grassroot;1;0
3d8123d1f2;98;grassroot;1;0
6255e4d816;98;grassroot;1;0
af4683ab8c;98;grassroot;1;0
86a4b3d5c4;12;grassroot;1;2
529367cc33;11;media/news;3;0
f44e33b03f;12;media/news;57;1
2caecffab5;2;grassroot;0;1
04081423dd;3;grassroot;1;1
290826aad8;2;grassroot;0;2
a4fd28b61e;2;grassroot;1;0
30f7b924c9;32;grassroot;0;1
cbef789d13;32;grassroot;42;0
53663a5062;11;grassroot;0;1
1ba0f35fdb;11;media/news;18;0
bbf9cff641;9;grassroot;0;1
8d6a1df420;9;grassroot;1;1
1dab3814f2;11;grassroot;0;1
db56ce7f5c;11;grassroot;25;1
937da47d9b;70;grassroot;0;1
bb08e8b412;43;grassroot;0;12
9d4a6e79b5;43;grassroot;11;0
39fdc94d38;43;grassroot;12;8
105e5608da;43;grassroot;1;0
4416a8c301;9;grassroot;15;0
9d3d570dad;2;grassroot;22;4
2c18c60e65;43;grassroot;1;0
f694e6e204;43;grassroot;1;0
ef3593d345;43;grassroot;8;0
c014dd4912;43;grassroot;9;3
f1c6f19f2b;43;grassroot;5;1
8ef0ed878f;49;elite/political;8;0
b1b48a558c;4;grassroot;1;2
2b10a189fc;2;grassroot;5;3
f030421a42;43;grassroot;3;1
bebc06d911;43;grassroot;3;0
756d737e55;43;grassroot;1;1
35bf6b1026;2;grassroot;33;0
d2a271ed9e;9;elite/political;6;0
2a021cd007;43;grassroot;6;0
c649e7b250;100;grassroot;0;2
3f645e7ceb;100;grassroot;1;0
05d586bf49;100;grassroot;1;0
454596e0fb;2;grassroot;0;1
2ed4bdb974;101;grassroot;0;1
867171af6f;101;grassroot;1;0
4a2e63ed36;13;grassroot;0;2
32621ed55a;3;grassroot;0;1
2107f1c324;2;grassroot;0;2
9ea6600f37;2;grassroot;0;4
f19190e117;32;grassroot;6;0
ffca696c78;102;grassroot;0;1
d30f43df80;102;grassroot;1;0
7fd076ab0c;2;grassroot;0;4
2b7b9d780b;11;grassroot;0;1
6aad2a69bf;86;grassroot;0;1
1590017792;103;grassroot;0;1
ddce79a45d;103;grassroot;1;0
dfabbd22b7;1;grassroot;1;1
bf429aeaad;69;grassroot;0;4
6c9eae0099;69;grassroot;17;0
e242bfc8c2;24;grassroot;0;3
750fb45943;42;grassroot;0;1
b72a6e8c64;104;grassroot;0;3
13579b50d2;104;grassroot;12;0
ef0c2fdc51;104;grassroot;1;1
2faee8d88d;14;grassroot;0;1
95b4f2908b;2;grassroot;1;1
d7fffc55c5;43;grassroot;0;1
1c2affb28b;70;grassroot;0;2
136105106b;7;grassroot;0;2
0c41a1c3da;7;grassroot;2;2
8f632e31bc;7;grassroot;4;3
14aa5fdb1d;7;grassroot;1;0
3509a3d92c;7;grassroot;1;0
e345f65947;7;grassroot;1;0
0c00ace904;105;grassroot;0;1
c18d6c8040;105;grassroot;2;0
c0a02fcc4e;43;grassroot;0;1
dd09fa3045;2;grassroot;0;3
11cce1052c;2;grassroot;34;0
4c509b1d53;2;grassroot;7;0
13a62c3619;2;grassroot;0;1
1eb2b59aca;58;grassroot;1;4
704dfba275;6;grassroot;0;1
2e706f0673;16;grassroot;0;1
6bfbe374bc;106;grassroot;0;1
c7601a0b1f;106;grassroot;2;0
25ab78268b;107;grassroot;0;1
56a481a724;107;grassroot;8;0
3b2b3c70cf;35;grassroot;1;2
1c8692ab98;35;grassroot;1;0
118c43e1a6;35;grassroot;2;0
0ed06f69fb;16;grassroot;0;1
73723da559;10;grassroot;0;2
5116a185a7;2;media/news;10;0
56d446d018;3;grassroot;0;1
befca014a8;3;grassroot;0;1
1ef2dd24e3;70;grassroot;0;2
0733a1e40a;70;grassroot;6;0
cdd03c698f;70;grassroot;1;0
c8cb22e9d5;5;grassroot;0;2
ebded6a4f9;12;grassroot;0;4
afb4b449d6;12;grassroot;1;0
eaf0051e81;108;grassroot;0;1
051aa3a412;108;grassroot;1;0
3d13ac583a;2;grassroot;0;1
5020dea46f;86;grassroot;0;1
e2a3cbf0d0;109;grassroot;0;2
33d3c9cbf7;109;grassroot;1;0
43af60c9e3;109;grassroot;1;0
b7e8f2ccd6;2;grassroot;0;1
34881bfa45;16;grassroot;0;1
88b8e035bf;110;grassroot;0;2
9fcefb35e8;110;grassroot;1;0
32cfa28007;110;grassroot;1;0
b5830c6a53;2;grassroot;0;8
b0215c1800;2;elite/political;6;0
277f642724;2;elite/political;3;0
dc43aeb51f;32;elite/political;24;0
54eacea913;111;grassroot;0;1
2af1863322;111;grassroot;1;0
0e5b688772;112;grassroot;0;1
deea8ab643;112;grassroot;13;0
91912bc35a;16;grassroot;0;1
75c8e0d77c;2;grassroot;1;1
70a7386046;70;grassroot;0;9
996cb62be3;70;grassroot;1;0
3972dc1e77;9;grassroot;4;0
5af8ca8956;69;grassroot;6;0
8cc5fa0363;10;grassroot;13;1
69b5b6ba0f;70;grassroot;1;0
f2fc4108f5;113;grassroot;0;1
25b2ab6982;113;grassroot;1;0
13080836fb;2;grassroot;0;4
70b0d1510f;2;grassroot;3;0
555225f75a;2;grassroot;0;1
a3c8ef8176;114;grassroot;0;1
efcd5e2e24;114;grassroot;1;0
88a4a5523b;115;grassroot;0;2
d8e073a6ed;115;grassroot;3;0
70e1682f1d;115;grassroot;3;0
f9b843fe33;116;grassroot;0;1
0ecd82ed2b;116;grassroot;1;0
e17ddfe156;7;grassroot;0;3
d41467980e;7;grassroot;3;0
cb7da8dee4;7;grassroot;1;0
f5d2063322;11;grassroot;0;1
ca20dd89f7;58;grassroot;0;5
6c9c8ae816;58;grassroot;5;2
4feebde374;58;grassroot;25;0
2486205a0c;117;grassroot;0;1
dfc24b6519;117;grassroot;1;0
175107cc38;2;grassroot;0;3
814f19b417;43;grassroot;0;3
062e7973b9;43;grassroot;10;1
47a36edfb1;43;elite/political;7;0
82483cab16;104;grassroot;0;1
67752e4d36;89;grassroot;1;2
6fd0e36064;89;grassroot;2;0
60f3be055d;118;grassroot;0;1
b418273b5b;118;grassroot;1;0
7dfe0de0e9;10;grassroot;0;1
51beacfea5;69;grassroot;1;3
81026a413c;69;grassroot;1;0
6ce69efcab;69;grassroot;7;0
486eab7229;69;grassroot;1;4
28f37a23ab;69;grassroot;1;0
cfb19170c6;69;grassroot;1;0
b47f28060c;10;grassroot;0;1
84eb35ba1b;12;grassroot;0;1
c447d7bf26;10;grassroot;0;1
3ad50257be;119;grassroot;0;1
29612e1824;119;elite/political;1;0
8a49e6d171;9;grassroot;0;1
c2c77f4ebd;2;grassroot;0;84
7af6debdbe;2;grassroot;1;0
b66c604109;2;grassroot;1;0
b6d48af7cd;2;grassroot;1;0
499a3eb82b;2;grassroot;1;0
6f9a2f77b6;2;grassroot;1;0
7cc97f4965;2;elite/political;1;0
1287072f60;2;grassroot;2;0
5256539bcb;2;grassroot;1;0
2e80be3019;2;grassroot;1;0
81a0cdd9de;2;elite/political;1;0
1c67dd2a6a;2;grassroot;1;0
1bcf36e498;2;grassroot;2;0
0581f3c287;2;grassroot;1;0
0aa832d9b0;2;grassroot;1;0
3b8b975cb2;12;grassroot;13;0
c1803b5684;2;grassroot;8;0
cb5f9d3a97;35;grassroot;7;0
41b9c6b913;2;grassroot;1;0
724eb423b9;4;elite/political;2;0
ec248c0e2f;2;grassroot;1;0
045a837ef2;2;grassroot;8;0
e0b6187259;2;grassroot;4;0
eafde9d1c1;3;grassroot;49;0
dd4810a49f;2;grassroot;1;0
5d1d30915a;2;grassroot;2;0
45694f5c14;9;elite/political;2;0
afad9cd0b8;42;elite/political;3;0
2949f3762e;2;elite/political;3;0
768134b1d0;2;elite/political;1;0
4c396a84d5;2;elite/political;15;0
d06a8b47a1;2;elite/political;2;0
370d467d1d;2;elite/political;22;0
701ebb7829;2;elite/political;2;0
9656bed8ec;2;elite/political;3;0
0a052bb907;2;elite/political;1;0
3910e6cc9e;2;grassroot;1;0
b73a2d1699;2;grassroot;6;0
b65bdad04d;9;media/news;39;0
ace49bfac1;2;elite/political;1;0
36db2691e8;2;grassroot;1;0
3ae933d146;2;grassroot;1;0
81e215555d;2;elite/political;15;0
4c5e40b33f;2;elite/political;5;0
1412b68d70;12;grassroot;47;0
9b4be1f9c0;2;grassroot;2;0
ca43e448a3;70;grassroot;2;0
8f2a973b48;2;grassroot;1;0
d36d98ba5a;2;grassroot;1;0
1de8b2828d;2;grassroot;2;0
f89e15dac4;2;grassroot;1;0
88ab676129;2;grassroot;5;0
7173c71e4b;9;grassroot;2;0
00e45a5210;2;grassroot;1;0
2079f08b60;2;grassroot;3;0
27041e46bb;2;grassroot;6;0
842b147c7c;2;grassroot;4;0
ad05e82499;2;grassroot;1;0
e98bfa419e;2;grassroot;1;0
45d383732f;3;elite/political;8;0
a7ed93ee80;70;elite/political;5;0
b0193c869c;2;grassroot;0;7
3bfe99d5dd;2;elite/political;12;0
4de303bc9f;54;grassroot;0;1
7eb0ec07fd;54;grassroot;2;0
37d9c8ef8b;2;grassroot;0;2
8da96dcab1;2;elite/political;8;0
df8450f848;2;grassroot;0;1
0df13c1446;11;grassroot;0;1
76d729e88b;16;grassroot;0;1
e6ff843892;120;grassroot;0;1
96038fb6ca;120;grassroot;1;0
380e8d89d1;2;grassroot;0;4
7bd1c1dab2;121;grassroot;0;2
dcb9ddcbad;121;grassroot;4;0
57a4814892;121;grassroot;9;0
b4aeafe258;10;grassroot;0;4
b3b1ff5ffe;10;grassroot;1;0
1dd92d1b6a;12;grassroot;0;1
c0b6f29689;12;media/news;6;0
7c0848fad3;32;grassroot;0;1
66670c3233;122;grassroot;0;1
8864373327;122;grassroot;1;0
c108c6f4ef;2;grassroot;0;1
6db4c9715d;11;grassroot;0;1
478c673a4a;11;grassroot;19;3
eda3ef1111;11;grassroot;1;0
f0a4d87584;11;grassroot;1;1
4a47e7f45b;3;grassroot;0;14
d8f55bb471;3;grassroot;1;4
82c1d92f7b;123;media/news;58;0
565c80bff0;9;grassroot;10;0
c9c012c90c;2;grassroot;10;0
7296888328;8;grassroot;0;1
9b5332de42;8;grassroot;29;0
fc0ab4b33e;42;grassroot;0;1
03f07c3cad;5;grassroot;0;6
d88fea2e03;5;grassroot;1;0
de4f3dba22;5;grassroot;1;0
1a414628d1;5;grassroot;1;0
3089f99392;5;grassroot;10;1
fc84071ebc;5;grassroot;1;0
f48cdeaa10;5;grassroot;1;0
baf92725ac;5;grassroot;1;0
831b1de3b3;5;grassroot;0;1
0825346b9c;124;grassroot;0;1
4c574cca55;124;grassroot;1;0
1a14f056ad;49;grassroot;0;1
687472c393;49;grassroot;27;0
23688f0971;69;grassroot;0;4
fb808eada8;2;grassroot;1;1
237533ea0a;7;grassroot;0;1
696f6a1039;10;grassroot;0;1
bd140c9062;125;grassroot;0;1
1189006eda;125;grassroot;1;0
0ffa8e831d;126;grassroot;0;1
38bc72187c;126;grassroot;1;0
6b2fa44e21;3;grassroot;1;1
38e37c9e28;127;grassroot;0;9
246afe8911;127;grassroot;6;0
79eddba7b2;127;grassroot;32;0
4ba5ecad86;127;grassroot;6;0
e7e62b450f;127;grassroot;29;0
33f01d2518;127;grassroot;3;0
8921c072ab;127;grassroot;35;0
8fb682e851;127;grassroot;5;0
0c96f87a46;127;grassroot;3;0
9888de3af0;127;grassroot;38;0
41e719eca8;128;grassroot;0;2
34dc7871d0;128;grassroot;1;0
d640599d85;128;grassroot;1;0
d26853ca26;129;grassroot;0;1
3aaeac31ae;129;grassroot;1;0
a9da6732dc;2;grassroot;0;1
a8f316c509;2;grassroot;0;1
535a54f105;2;grassroot;2;0
f5374c3389;35;grassroot;0;11
bbacb6ce1a;130;grassroot;0;1
325650207d;130;grassroot;3;0
5e4de31a06;7;grassroot;0;1
e7769d7607;7;grassroot;18;0
4529643f6b;131;grassroot;0;1
56df58fee7;131;grassroot;4;0
6a49be3625;3;grassroot;0;1
22310110d9;9;grassroot;0;1
efb88dcc28;132;grassroot;0;1
a5c290d6f6;132;grassroot;3;0
b0ce40c409;133;grassroot;0;1
9f6a14ba6e;133;grassroot;1;0
9b66d0578d;115;grassroot;0;2
df074924be;115;grassroot;12;0
2a30b5aa7c;115;grassroot;13;8
1344268641;115;grassroot;1;0
4e68a65930;115;grassroot;1;0
a676fa194b;115;grassroot;1;0
e51d310bfc;115;grassroot;2;0
8509a2d4f1;115;grassroot;1;0
5e1e9d61f4;115;grassroot;1;0
4149b0b428;115;grassroot;1;0
f71050f368;5;grassroot;0;1
71d898cb65;134;grassroot;0;4
647ee93f77;134;grassroot;7;0
69b493933c;134;grassroot;7;0
4dd2a0976c;134;grassroot;7;0
502d18c522;134;grassroot;7;0
534ceaa75a;10;grassroot;0;1
11e58659dd;10;grassroot;0;1
fb54c85842;69;grassroot;0;1
424f00b4fc;1;grassroot;0;1
608e81e9ab;135;grassroot;0;1
99ac2ec16a;135;grassroot;1;0
b30a46f456;7;grassroot;0;1
ed30200058;10;grassroot;0;1
7f9dea33ec;136;grassroot;0;1
9dc9cc9e17;136;grassroot;1;0
a1ffa7c160;86;grassroot;1;4
aa686040af;86;grassroot;1;0
0eb5e4304c;86;grassroot;1;0
8b0d8c3872;86;grassroot;2;1
228e9e7b9c;12;grassroot;0;1
67c07cccc7;4;grassroot;0;2
d6e3dbea67;4;grassroot;1;3
8ca9a20391;4;grassroot;9;0
2450d23d8e;4;grassroot;1;0
b8f21ac2a4;4;grassroot;1;0
dc86964370;3;grassroot;0;3
17f0bf8d16;137;grassroot;0;1
7c869b30d0;137;grassroot;15;0
44ae8cc5ce;3;grassroot;0;1
0b52457d27;9;grassroot;0;1
cb03a52522;138;grassroot;0;1
1da63178f0;138;grassroot;1;0
8b7fb99886;139;grassroot;0;1
fddb6423a0;139;grassroot;1;0
02e150fc4f;12;grassroot;0;1
68f2c6350c;12;grassroot;5;0
69faf4c965;2;grassroot;0;1
f7414ab8d4;7;grassroot;0;1
ada1088fb9;2;grassroot;0;6
c27ff51ad5;2;grassroot;1;0
59fe1151e1;2;grassroot;1;0
37c622e2ce;12;grassroot;5;3
4e539d0c09;2;grassroot;1;0
987239ebf5;12;grassroot;1;0
0e874f84b9;12;grassroot;9;1
1696b07101;24;grassroot;0;8
1361ed3130;24;grassroot;2;0
b3421cbd7b;12;grassroot;9;0
9c71d4f7f7;69;grassroot;17;0
37f19fd50d;86;grassroot;0;2
42abd22533;86;grassroot;11;0
045aede512;86;grassroot;1;0
be9a9aad08;9;grassroot;0;2
7b76f6df19;9;grassroot;1;0
c30d831cf8;9;grassroot;3;0
0c21f15825;70;grassroot;0;1
54ecb75493;7;grassroot;0;1
60d037ab92;140;grassroot;0;2
c7d1a5d720;140;grassroot;1;0
9262f1556f;140;grassroot;6;0
c0d107eb4a;15;grassroot;0;2
e147927d88;12;grassroot;0;3
ea884da821;12;grassroot;1;0
36374a656d;12;grassroot;1;0
d9d4a4ba18;141;grassroot;0;1
57bdb50c0a;141;grassroot;1;0
2c4c4562e2;142;grassroot;0;1
af8231799e;142;grassroot;8;0
b1da33ce67;70;grassroot;0;1
3530461cff;51;grassroot;0;1
96baf55e5b;51;grassroot;15;0
5ae5537a59;9;grassroot;0;3
2830b269de;7;grassroot;0;1
2a29b8f2f3;10;grassroot;0;1
643c99a29d;10;grassroot;0;1
de0df2dd1e;43;grassroot;0;1
094d65851f;3;grassroot;0;1
3e01a973bd;9;grassroot;0;4
fc0eec7fcc;9;grassroot;3;0
086a1ab914;9;grassroot;2;0
c453fdb4f7;9;grassroot;2;0
346c4ea685;143;grassroot;0;1
d21961e2d2;143;grassroot;7;0
2ebd2a5052;2;grassroot;0;1
5c0e38ca6d;14;grassroot;0;1
63be6bde6d;144;grassroot;0;1
32936ed0f6;144;grassroot;3;0
c2a4cc97f0;98;grassroot;0;1
fe1221f0b1;98;grassroot;2;0
bc6b5621c1;42;grassroot;0;2
6d7d426623;145;grassroot;0;1
f869179b67;145;grassroot;2;0
7b26282c67;51;grassroot;0;4
19f2c8ec65;51;grassroot;7;2
20a3eddfdc;51;grassroot;5;0
e6e0ce80ab;8;grassroot;0;1
ef130918a2;8;grassroot;20;0
276affc5c9;2;grassroot;0;2
b03aba3686;16;grassroot;0;1
0a7f8c933d;13;grassroot;0;3
7756aab28a;13;grassroot;1;0
61b059910d;146;grassroot;0;1
bf89a62816;146;grassroot;5;0
0c541c40b7;3;grassroot;0;5
85ecb1aba3;3;grassroot;14;2
18495dff3e;3;grassroot;12;0
0049ef08af;11;grassroot;13;6
aff024df7c;3;media/news;30;0
effbb98e50;11;grassroot;1;0
bcbacb6f7b;35;grassroot;3;0
b5f4675d35;11;grassroot;1;0
b7c4558c34;10;grassroot;0;1
a3588cb4dc;12;grassroot;0;5
2aee7e8f69;12;grassroot;6;0
d30ae70aa4;12;grassroot;6;0
4eecb6ba8d;12;grassroot;4;0
9f07bb4e0c;2;grassroot;0;3
3fb6cda9fa;9;grassroot;0;2
fb440be69d;9;grassroot;6;7
cae2a0bbc1;9;grassroot;1;0
8f93a48034;9;media/news;37;0
1d88c7ec23;7;grassroot;0;2
53ebb41cce;7;grassroot;0;1
8c4b7b8e47;69;grassroot;0;1
589bf79fd8;69;grassroot;3;0
aab8bc9387;7;grassroot;0;1
765773e972;147;grassroot;0;1
0538257aa5;147;grassroot;1;0
2d290aed1a;7;grassroot;0;1
0328538f13;7;grassroot;5;0
0474489a07;7;grassroot;1;1
2f8f064b7e;7;grassroot;1;3
61f6b48e33;7;grassroot;1;0
e54ba0828b;15;grassroot;0;2
4bf87a0139;43;grassroot;0;4
acaa73980e;43;grassroot;5;0
290ada9b39;2;grassroot;0;1
499615b70c;2;grassroot;2;0
7eb5442441;9;grassroot;0;1
06e6015fe3;2;grassroot;0;3
46763f892e;9;grassroot;10;0
ccb1e60798;49;grassroot;0;1
e7d129ae19;49;grassroot;5;0
f0fd8be1bf;148;grassroot;0;1
ed2c117bfb;148;grassroot;1;0
71adf08867;84;grassroot;0;1
7a1d066513;8;grassroot;0;2
728b3564d9;149;grassroot;1;1
4153b724b6;149;grassroot;1;1
841513ef70;150;grassroot;0;1
738aee1277;150;grassroot;1;0
eb6c2e3c11;6;grassroot;0;1
8e94218fa2;151;grassroot;0;2
6874174b54;151;grassroot;1;0
801ac3a204;151;grassroot;1;0
dad195f51d;152;elite/political;10;1
41946963cf;153;grassroot;0;1
9180f50997;153;grassroot;1;0
abd1b42a3b;154;grassroot;0;1
1bbef1cc75;154;grassroot;1;0
9d0932d721;155;grassroot;0;1
70d2e59314;155;media/news;1;0
98e7d81f96;4;grassroot;0;1
58a6a3e30f;12;grassroot;0;1
ce55ee4e9b;12;grassroot;2;1
effd7b1a20;2;grassroot;0;2
33531e878b;143;grassroot;0;1
cd93252fff;16;grassroot;0;1
b67872d344;156;grassroot;0;1
6efd21f53f;156;grassroot;1;0
94f6157d6b;12;grassroot;0;1
6731e205a2;157;grassroot;0;2
9dbd187e3a;157;grassroot;1;0
a5107f361c;157;grassroot;1;0
c292f6af49;11;grassroot;0;1
c3178f6773;11;grassroot;3;0
d1d7297803;7;grassroot;0;1
1315b6aa36;1;grassroot;0;1
92a3de7f67;158;grassroot;0;1
d19b86339b;158;grassroot;1;0
2e882354bf;2;grassroot;0;1
fa63d0701f;10;grassroot;0;1
136e2f7eab;35;grassroot;0;1
13b72d91c0;12;grassroot;0;2
49a271907b;69;grassroot;0;1
d6f59d0bd2;69;grassroot;7;0
1a80f76d64;152;grassroot;0;1
6f03c265df;159;grassroot;0;1
5321981fe0;159;grassroot;1;0
44fc13b4aa;2;grassroot;0;1
b4cee843fa;49;grassroot;0;1
2864a06196;49;grassroot;7;0
1f9e649b61;161;grassroot;0;1
4373a066c7;161;grassroot;1;0
d07669e776;10;grassroot;0;2
b671a399e5;10;grassroot;4;0
33388b90b8;2;grassroot;0;2
220d893d58;58;grassroot;0;1
3aa2328818;2;grassroot;0;1
f7412c4ccb;162;grassroot;0;1
2073aae956;162;grassroot;1;0
46e19b558f;3;grassroot;0;2
301b5ac64c;3;grassroot;1;0
b501996182;86;grassroot;0;1
8a5d4071a6;86;grassroot;4;0
b6d12d8c30;10;grassroot;0;1
d256eff6f3;163;grassroot;1;1
a5285250b7;163;grassroot;1;0
e441fce5bd;2;grassroot;0;1
e3e7b4c825;6;grassroot;0;1
17b04d73d1;6;grassroot;2;0
e41a3a0c1a;2;grassroot;0;5
0dd9a6b048;2;grassroot;1;0
8b13fa24a3;69;grassroot;0;1
125a084ad2;86;grassroot;1;6
9775523a5e;86;grassroot;1;2
1875573e95;86;grassroot;1;0
bbd0e23102;86;grassroot;1;0
91edd03b8d;86;grassroot;1;2
c10de35cb2;86;grassroot;2;17
1c7b137f90;86;grassroot;4;0
81d0b99978;86;grassroot;1;0
f113b87c7e;86;grassroot;1;0
b3dd66c8e0;86;grassroot;1;0
dc4041a8eb;42;grassroot;0;2
eb79176262;42;grassroot;1;2
51cf6a6bd8;42;grassroot;1;0
7178e36139;12;grassroot;0;1
7e93d64d53;2;grassroot;0;1
e8d6168fcf;164;grassroot;0;1
2249573e3d;164;grassroot;1;0
3337cbe091;74;grassroot;0;3
2d65fc49ac;74;grassroot;10;2
059c0572b6;74;grassroot;9;16
5f4298a29e;74;grassroot;5;0
c4eaa0c617;74;grassroot;2;0
057ef90748;74;grassroot;1;0
154d5eff9d;74;grassroot;1;0
75ca683705;9;grassroot;2;0
7a9370aef4;74;grassroot;1;0
830b5542ad;74;grassroot;1;0
188d741122;74;grassroot;1;1
ceb28361a2;74;grassroot;1;0
a9089b92e1;74;grassroot;1;0
301fe0c8f9;74;grassroot;1;0
032c44cc99;2;grassroot;2;0
21147f3f89;74;grassroot;1;1
fd821daf6e;74;grassroot;1;0
55d78b9243;49;grassroot;5;0
62b12de4a2;74;grassroot;7;9
f8db818ef9;16;grassroot;0;2
e7bad4e6d3;16;grassroot;1;0
995aacb8f5;12;grassroot;0;1
fe7b3b61ac;165;grassroot;0;1
97aa88cce0;165;grassroot;1;0
a439e996b5;166;grassroot;0;1
f015270195;166;grassroot;1;0
84f0f3eff4;167;grassroot;0;2
bcf806f599;167;grassroot;1;0
2f659661e4;167;grassroot;1;0
954f9a1977;168;grassroot;0;1
55e8652a23;168;grassroot;1;0
999776d504;69;grassroot;0;1
66114d842a;169;grassroot;0;1
3efe72ed5d;169;grassroot;1;0
b7d00fd10b;2;grassroot;0;2
5495274628;14;grassroot;0;1
07dfd863cd;2;grassroot;0;1
d6f569bea2;2;grassroot;0;1
1f67df28dd;1;grassroot;0;1
467bb2f3e7;170;grassroot;0;1
60a7de4afb;170;grassroot;1;0
977442b3da;171;grassroot;0;1
1fd1608f4d;171;grassroot;2;0
9a9159cf52;1;grassroot;0;1
4320ab3e1c;3;grassroot;0;2
e79aacffbc;172;grassroot;0;1
cd3e2c2080;172;grassroot;1;0
624689d182;24;grassroot;0;8
d1df3c2c01;24;grassroot;18;1
b40fe974e1;24;grassroot;1;0
770fe61fb3;24;grassroot;3;0
52a76e1e69;11;grassroot;17;0
a6dc5d72f2;24;grassroot;1;0
907305ef04;16;elite/political;4;0
6c8e024a58;173;grassroot;0;1
b71bf252fe;173;grassroot;1;0
516a6463ed;3;grassroot;0;1
c7636afa7d;127;grassroot;0;7
bbbf973b0b;127;grassroot;26;0
4fb7598642;127;grassroot;7;0
a24856c4a2;127;grassroot;27;0
39da9d57f8;9;grassroot;0;2
36fc189f3f;9;grassroot;22;0
679a4633e4;9;grassroot;2;0
e72857d190;9;grassroot;0;1
0fe4ca8857;42;grassroot;0;1
ccc0873463;14;grassroot;0;1
d3dfeb8303;174;grassroot;0;1
0833117601;174;grassroot;3;0
ef454b96e7;175;grassroot;0;1
e74a556a0c;175;grassroot;1;0
0c55a0fc0a;2;grassroot;0;1
c53a90d198;69;grassroot;0;1
2bc25b5c67;6;grassroot;0;1
233338c5cb;6;grassroot;0;2
ed644180a0;2;grassroot;0;1
3ab266312e;142;grassroot;0;1
13ade9099a;11;grassroot;0;1
a05ca8fb29;1;grassroot;0;1
1cd8054bb2;43;grassroot;0;4
9e6f4b6332;2;grassroot;0;1
7270e285a9;2;grassroot;0;7
8d6546721a;2;media/news;1;0
dbb6f1242c;24;grassroot;0;1
37218291b6;176;grassroot;0;1
a4a2e87450;176;grassroot;1;0
556f9e7668;9;grassroot;0;1
484c536ea3;2;grassroot;0;3
6843e10808;13;grassroot;0;1
d120a92678;9;grassroot;0;1
bc8f7f4673;2;grassroot;0;2
2775da1fe3;8;grassroot;0;4
b37ee0fbdc;8;grassroot;5;0
1b91b151a8;8;grassroot;0;1
6615db7391;14;grassroot;0;2
12d1c31a92;14;grassroot;1;0
3f6cd909e3;177;grassroot;2;1
60371b311b;177;grassroot;3;1
125209c2c7;9;grassroot;0;1
087ebb778b;11;grassroot;1;2
e21b9a54cf;11;grassroot;3;0
20a7ffa975;178;grassroot;0;1
55d143651b;178;grassroot;1;0
94134447c7;43;grassroot;0;3
0fcad5cd44;179;grassroot;0;1
1fdd882541;179;grassroot;3;0
783190f30c;180;grassroot;0;1
b956c9aa66;180;grassroot;3;0
2a3dae4d88;2;grassroot;0;1
5f289c3014;2;grassroot;1;1
e6062d4807;94;grassroot;0;2
1dd5434fbd;94;grassroot;4;0
c1a6e982d7;69;grassroot;0;5
d7ca2ac111;69;grassroot;2;0
c76f378f8c;181;grassroot;0;1
df389c09b4;181;grassroot;1;0
4a3c609fef;69;grassroot;0;1
6f344ff7e1;11;grassroot;0;2
70ee72578f;11;grassroot;5;0
e4e4554b0b;182;grassroot;0;1
f06239231f;182;grassroot;15;0
f813507871;183;grassroot;0;1
aa9a88ba75;183;grassroot;1;0
8caadda13e;184;grassroot;0;2
06710fd6a1;184;grassroot;1;0
010323dc0e;184;grassroot;3;0
d6833f1238;32;grassroot;0;1
4a3eafe262;6;grassroot;0;2
1c72e1eb8f;2;grassroot;0;2
02b03782e7;185;grassroot;0;1
62396925ca;185;grassroot;1;0
0b90bf23b9;12;grassroot;0;1
aadd9af525;12;grassroot;4;0
bcf63c17b0;14;grassroot;0;1
32eed987db;14;grassroot;13;0
4c17e25d46;69;grassroot;17;2
70042e3be9;54;grassroot;0;1
2423150d34;54;grassroot;4;0
b48d82eeb7;8;grassroot;0;1
812258d60f;3;grassroot;0;2
5474afb33f;58;grassroot;0;1
616c3f975b;186;grassroot;0;1
ba88792b76;186;grassroot;1;0
4fec3fbf89;9;grassroot;0;1
a9f1329914;163;grassroot;0;1
b2f093671d;187;grassroot;0;1
78af561865;187;grassroot;1;0
af48d8099e;3;grassroot;0;1
78447b5e07;1;grassroot;0;1
785534870a;188;grassroot;0;1
6531da9210;188;grassroot;2;0
efd1b7e849;58;grassroot;0;1
5cf77af393;1;grassroot;0;1
e623f7b550;2;grassroot;0;1
a485b61279;189;grassroot;0;1
fed8b10002;189;grassroot;1;0
c71dbab5e7;190;grassroot;0;1
d7cdbf8680;190;grassroot;1;0
c0df438914;191;grassroot;0;1
aa96a86dd1;191;grassroot;1;0
d351671db2;1;grassroot;0;1
93cff5ba49;7;grassroot;0;1
ded6c76939;192;grassroot;0;1
876d6bb998;192;elite/political;1;0
77b19a0ec6;3;grassroot;0;1
29021f2272;143;grassroot;0;1
f4acae8f7e;143;grassroot;16;0
7f637d986b;193;grassroot;0;1
ba8f6c4e13;193;grassroot;1;0
923f56a40c;6;grassroot;0;2
ea84a1085c;85;grassroot;0;1
a81920f8db;194;grassroot;1;1
a6537ad980;194;grassroot;2;0
c45a2d65a5;4;grassroot;0;2
a332688cb6;4;grassroot;6;0
7550ca499a;35;grassroot;0;1
460b305170;195;grassroot;0;1
2e1e0fb499;195;grassroot;1;0
92416f0a2c;6;grassroot;1;1
82caa6801d;2;grassroot;0;1
72eed614df;196;grassroot;0;1
9c3c32d655;196;grassroot;1;0
f94160c37f;24;grassroot;0;1
df2a52193b;197;grassroot;0;1
d7ed016d7a;197;grassroot;2;0
89c764f728;198;grassroot;0;1
be309ef146;198;grassroot;1;0
8ce0fdb36c;58;grassroot;0;1
7b09ba0e06;16;grassroot;0;2
2b8e7eca8e;49;grassroot;1;2
1c5060cda2;49;grassroot;11;0
f22b7b98c4;49;grassroot;2;0
0dce402fff;86;grassroot;0;2
37cb5d018d;14;grassroot;0;1
bf143c68af;199;grassroot;0;1
3987292f1c;199;grassroot;1;0
9aa1916485;49;grassroot;0;1
f4e5beac9d;49;grassroot;5;0
a2f714f3ea;5;grassroot;0;1
09077baaf6;200;grassroot;0;2
e9aa4b05ca;200;grassroot;1;0
c93e406699;200;grassroot;1;0
4a0c3aef13;2;grassroot;0;1
580dc9685f;1;grassroot;0;5
2e4570c6fc;1;grassroot;1;0
a01907098d;1;grassroot;1;0
f7583ffe34;1;grassroot;0;6
7a9760278a;1;grassroot;1;0
a75304bc7f;1;grassroot;1;0
c0894cab1f;1;grassroot;1;0
b41ca52be2;1;grassroot;1;0
c4d3bfc928;2;grassroot;0;2
a8ba957476;201;grassroot;0;1
be4f6e9377;201;grassroot;1;0
fa89ebe2c9;8;grassroot;0;2
9c407b0c8d;89;grassroot;0;3
9683b1543d;7;grassroot;0;1
9e2794378c;202;grassroot;0;1
a7ad2c3273;202;grassroot;1;0
c65e0fd13a;9;grassroot;0;2
8007e325c9;16;grassroot;0;1
81ee2929e3;203;grassroot;0;1
9f4b19febf;203;grassroot;1;0
d15a6f153e;2;grassroot;0;2
0b4e469364;127;grassroot;0;8
a1e27191c4;127;grassroot;1;0
187e32df8d;12;grassroot;0;2
ccb57b88de;12;grassroot;1;0
bb423c1eb5;1;grassroot;0;1
30dc349b39;204;grassroot;0;1
5d647593e5;204;grassroot;1;0
145225664d;11;grassroot;0;2
2d8f4c99a3;11;grassroot;5;0
8abee51e1d;2;grassroot;0;1
49e30deb15;8;grassroot;0;2
984a4d8da2;8;grassroot;1;0
413418ba8b;12;grassroot;0;2
4eb542ffe9;12;grassroot;10;0
ac28975c4f;49;grassroot;0;2
d3c411c763;49;grassroot;10;0
25e541ee0d;123;grassroot;0;2
95df7e1781;123;grassroot;3;0
6b0db3bd56;123;grassroot;2;0
d285e21852;7;grassroot;0;3
8d2715af7e;35;grassroot;0;1
5ae6ec5adc;35;grassroot;10;0
6efc62cfc5;143;grassroot;0;1
d195c073bc;49;grassroot;0;2
ff8bc7ba93;49;grassroot;1;0
b92b62587c;9;grassroot;0;1
ebce62241d;205;grassroot;0;1
d38a7e37e8;205;grassroot;1;0
8150bf8a78;206;grassroot;0;1
d0bdd72c57;206;grassroot;1;0
641698a921;207;grassroot;0;1
a514dfdca2;207;grassroot;2;0
1ba8b0a220;70;grassroot;0;8
1b2a6ce8cd;69;grassroot;0;1
75450e836d;143;grassroot;0;2
ee2ebf35c0;143;grassroot;1;0
bb595a36a2;143;elite/political;5;1
3c6d8be737;143;grassroot;2;2
9a93d3f0fd;15;grassroot;0;2
465ddecee6;86;grassroot;0;1
f731300995;208;grassroot;0;1
bbde19278c;208;grassroot;1;0
b355334286;209;grassroot;0;1
4f7ae281fe;209;grassroot;1;0
9c5d2a9d20;12;grassroot;0;3
32ca8153ef;210;grassroot;0;3
2a6436b23e;210;grassroot;5;0
4a59acd7ed;210;grassroot;6;0
4384fe4bd2;210;grassroot;10;0
619ad2ad7e;127;grassroot;0;8
04fd03a361;127;grassroot;22;0
090e120751;127;grassroot;20;0
384585cda9;123;grassroot;0;3
791e99fa28;123;grassroot;1;0
534194e490;2;grassroot;0;4
a59dd1e247;11;grassroot;0;3
6ae27d0aa0;11;grassroot;27;0
a12fa02dda;211;grassroot;0;1
0a14ea20f3;211;grassroot;1;0
79e0859510;143;grassroot;0;2
a07a2e0b67;143;grassroot;1;0
a6bba3bafa;1;grassroot;0;2
04fbfd2d70;1;grassroot;4;0
9ec74e6ebd;123;grassroot;0;1
fca6722ba8;70;grassroot;0;5
cee34a35d6;2;grassroot;8;0
249e1fbf69;12;grassroot;0;1
f2663cbcef;2;grassroot;0;1
dc18b33e8d;2;grassroot;7;0
0959fe09a6;13;grassroot;0;5
b359346c74;13;grassroot;10;0
312792f986;11;grassroot;0;7
4d56d03d00;11;grassroot;1;0
9c8f213a2b;11;grassroot;1;0
c467dd27c5;6;grassroot;0;2
4f3d34a178;35;grassroot;0;1
137b32216b;9;grassroot;0;4
f9405c5261;9;grassroot;1;0
8ab50cf09a;16;grassroot;0;2
bb33127bb9;7;grassroot;0;3
623b05b62a;7;grassroot;2;2
aaeaac476f;7;grassroot;1;0
9cd8117e9d;2;grassroot;0;1
4f3e6f0e57;13;grassroot;0;1
b92f74a6f5;13;grassroot;7;0
09063ae7e7;12;grassroot;0;1
d558643316;1;grassroot;0;1
820ec37c9b;9;grassroot;0;3
9a58cf2943;10;grassroot;0;6
87aa41bba2;86;grassroot;0;1
d26643337e;16;grassroot;0;2
9a553a66bd;35;grassroot;0;11
edb0171457;2;grassroot;0;2
230c7dc9b3;9;grassroot;0;2
36fa80ad11;12;grassroot;0;1
5f44a686cb;11;grassroot;0;2
d9769436ee;2;grassroot;0;2
25b068560c;2;grassroot;1;6
e5bce541d1;2;grassroot;2;0
aa4bead783;212;grassroot;0;1
1be3c44c05;212;media/news;2;0
f09f2a376a;6;grassroot;0;1
d5d939392d;9;grassroot;0;1
a1edcb93f3;9;grassroot;0;1
8223f35600;7;grassroot;0;1
450810f921;10;grassroot;0;1
25b3b8974e;213;grassroot;0;1
c5a15789a9;213;grassroot;1;0
c31882c304;58;grassroot;0;2
7834e41047;58;media/news;5;0
09f16a109b;215;grassroot;0;1
be039f950b;215;grassroot;1;0
9248c8ceda;24;grassroot;3;2
aa8e22bb75;24;grassroot;1;0
c7f4a04318;24;media/news;6;0
274c5460b0;9;grassroot;0;1
9e1b255661;3;grassroot;0;1
cfcf7b823d;2;grassroot;0;1
09640bb43b;2;grassroot;6;5
62ea7c069f;2;grassroot;1;0
4313b05951;2;grassroot;2;0
3fe738cba3;2;grassroot;10;0
cb0f864b78;2;grassroot;0;1
a48ce97719;7;grassroot;0;1
c214e56623;2;grassroot;0;3
abe46ddc2e;2;grassroot;10;0
1a5c7eb8d6;3;grassroot;0;1
1db69e88d5;9;grassroot;0;1
3c0ca7ad09;6;grassroot;0;2
d06466b990;58;grassroot;0;2
90946383b0;58;grassroot;4;0
e6c60ed7d0;6;grassroot;0;1
88342d55c7;6;grassroot;2;0
c61ac1023c;216;grassroot;0;1
ef3d42feec;216;grassroot;8;0
ce0ef47918;217;grassroot;0;1
f5ca83f8da;217;grassroot;5;0
41297b723c;7;grassroot;0;1
7ef5568aa1;7;grassroot;5;0
29a11041a7;5;grassroot;0;1
cbb0c447f5;7;grassroot;0;2
c30f97771f;7;grassroot;1;0
1905ac163f;218;grassroot;0;1
7d4aff62b1;218;grassroot;1;0
310e7a6a7c;24;grassroot;0;1
1b73e7aaba;58;grassroot;0;1
b87627429c;70;grassroot;0;3
c253e02a51;219;grassroot;0;1
2c1ace48a9;219;grassroot;1;0
423a5f061f;15;grassroot;0;2
f7ab118a14;58;grassroot;0;2
a8d052b51d;58;grassroot;1;0
882913c9b5;14;grassroot;0;4
c0cfd0bcc3;14;grassroot;2;0
288a115d6f;7;grassroot;0;1
32f737b5b4;12;grassroot;0;1
5434ddc8a6;8;grassroot;0;2
992cc4678c;8;grassroot;1;0
806d9a14ba;43;grassroot;0;4
ace508d341;16;grassroot;2;0
91dcad5dfd;10;grassroot;0;1
8064caeb20;42;grassroot;0;2
b3c207a510;42;grassroot;5;0
965978dcbe;220;grassroot;0;1
82afed43d0;220;grassroot;1;0
41397f003c;12;grassroot;0;1
8447801bfc;221;grassroot;0;1
7a86ca0e5f;221;grassroot;2;0
6ff2944f41;222;grassroot;0;1
416aaec04b;222;grassroot;1;0
cf69884525;1;grassroot;0;1
fe99770573;12;grassroot;0;1
74115b202a;86;grassroot;0;1
803aabd45b;223;grassroot;0;1
8d4fbacebc;223;grassroot;2;0
61335c81e7;224;grassroot;0;1
938f859ba2;224;grassroot;4;0
e102dcdf20;3;grassroot;0;1
a1b5f304b5;3;grassroot;1;1
f39381269e;2;grassroot;0;1
503cb46c8b;10;grassroot;0;1
d087010868;3;grassroot;0;1
5d00114b9b;225;grassroot;0;1
b1838710fc;225;grassroot;1;0
0833128bd9;3;grassroot;0;1
a05ba5f33e;3;grassroot;3;0
d1030416b4;10;grassroot;0;2
1960bc8e1e;226;grassroot;0;1
3f72e90c89;226;grassroot;1;0
9c37c9864e;9;grassroot;0;1
4e00aeb1f8;227;grassroot;0;1
dd09f6d674;227;grassroot;1;0
821ef0cb81;3;grassroot;0;3
7382fb179c;14;grassroot;0;1
c70f888227;4;grassroot;0;11
505519c9d0;4;grassroot;1;0
525bbd8312;4;grassroot;1;0
14cc6a0aab;4;grassroot;1;0
41297bcb02;4;grassroot;1;1
a49a8bb1d5;4;media/news;10;0
9ff5f7f7ea;9;grassroot;0;1
a47642fc18;112;grassroot;0;1
0dfd67adaa;3;grassroot;0;1
8a83dbc3e6;12;grassroot;0;2
ca772aa5a9;12;grassroot;1;0
480821bfc2;16;grassroot;1;1
def2dea5f6;69;grassroot;0;3
b00b387a1f;69;grassroot;1;0
b9b7de6ec2;69;grassroot;2;0
3f4630142c;69;grassroot;3;0
b4e05a057e;228;grassroot;0;1
61e9e49208;228;grassroot;1;0
a5bd959109;4;grassroot;0;1
904d39e7aa;35;grassroot;0;1
022727c5d5;16;grassroot;0;1
abb52aeb0b;70;grassroot;0;1
cf8ca6c194;4;grassroot;9;0
1f32f34a0c;2;grassroot;1;0
37f8e05789;9;grassroot;0;5
e33545513e;9;grassroot;1;0
5041dd31aa;11;media/news;9;0
363cf4c9c2;6;grassroot;0;4
d08abbc509;6;grassroot;1;0
eacb5cc4c0;6;grassroot;1;0
9080ed5f5c;6;grassroot;1;0
4a78c4cc2c;11;grassroot;0;1
0a3e072e97;11;grassroot;3;2
6e0b8d0a82;11;grassroot;1;0
c768e59475;11;grassroot;2;2
13ed381c6d;229;grassroot;0;1
5f2cf23d81;229;grassroot;1;0
987b849cba;10;grassroot;0;2
a45b26f86c;10;grassroot;1;0
1dd057ea7b;58;grassroot;0;1
8de0b121f8;58;grassroot;2;0
90650095e5;230;grassroot;0;1
fa50bf31c6;230;grassroot;1;0
c6e2df30f8;231;grassroot;0;1
2c9f57d9fc;231;grassroot;1;0
9883b6db1c;86;grassroot;0;1
3ef6eb8069;2;grassroot;0;1
ce64b98f6c;6;grassroot;0;1
44f9253587;2;grassroot;0;1
2929de87a1;16;grassroot;0;1
4809814212;232;grassroot;0;1
fb4d225844;232;media/news;4;0
55c461a4aa;233;grassroot;0;1
8b47cd14c2;233;grassroot;1;0
3905793fd5;2;grassroot;0;1
34705a46ad;2;grassroot;0;1
9302c81527;7;grassroot;0;2
1f99a4c0a0;7;grassroot;1;0
e05525010d;15;grassroot;0;1
0f18238ed1;15;grassroot;6;0
b0755845d9;7;grassroot;0;1
3207fd5b6c;234;grassroot;0;1
8d515128b5;234;grassroot;1;0
d01131b01d;9;grassroot;0;1
4614048e19;12;grassroot;0;3
439bebbe4d;12;grassroot;1;0
aa9672cf46;86;grassroot;0;1
16e48048a0;16;grassroot;0;1
03b05ac9a4;235;grassroot;0;1
143c14ad29;235;grassroot;1;0
4b3ccf699b;4;grassroot;0;1
c2a1695ec0;236;grassroot;0;1
655fca07fd;236;grassroot;1;0
03bb65291a;237;grassroot;0;1
ded61c7695;237;grassroot;1;1
a16672ed55;237;grassroot;1;0
7705b8dcac;238;grassroot;0;8
a61b08640a;238;grassroot;1;0
027d8ac93e;238;grassroot;1;0
5afbc85735;238;grassroot;1;0
9082718eca;238;grassroot;1;0
e96d11d5b4;238;grassroot;1;0
4ae3a89dce;238;grassroot;1;0
4a1bde471c;238;grassroot;1;0
4a0e321226;238;grassroot;1;0
15479e1d4b;14;grassroot;0;1
60cccbb6ab;7;grassroot;2;8
616037a4ae;7;grassroot;1;0
b158d7e311;7;grassroot;1;0
216f366c3e;7;grassroot;1;0
b14da6da0a;7;grassroot;1;0
f2e9f92fe5;7;grassroot;1;0
3c917b3c87;7;grassroot;1;3
0d44918dd0;7;grassroot;1;2
5685885831;239;grassroot;0;1
d79c9cf758;239;grassroot;1;0
fa7df0597a;24;grassroot;0;2
339678d32c;24;grassroot;1;0
58523a0756;240;grassroot;0;1
f324e0c164;240;grassroot;5;0
48a106f7ca;127;grassroot;0;8
0f30a2e77c;127;grassroot;0;1
e4b1c01821;7;grassroot;0;1
338b56a712;241;grassroot;0;1
f453be9488;241;media/news;3;0
952920d947;10;grassroot;0;1
b6d2f09424;12;grassroot;0;1
a117ad02d3;10;grassroot;0;1
9445bedbd7;242;grassroot;0;1
05eb5261da;242;grassroot;1;0
160df7d9fe;6;grassroot;0;1
3c4e97b699;7;grassroot;0;2
ce750287f6;7;grassroot;1;0
12f11e1643;9;grassroot;0;1
60f66ec78e;210;grassroot;0;1
ff3ca2fa80;49;grassroot;0;1
d5f3bdd215;49;grassroot;18;0
e8f50292ac;35;grassroot;0;3
6e2e6e988e;35;grassroot;1;0
b17dc732b8;4;grassroot;0;1
fbfe904bad;4;grassroot;3;2
4d72d7ca98;9;grassroot;0;1
ea03a2bb41;12;grassroot;0;3
b2992d957a;12;grassroot;1;0
fc0b60b1af;12;grassroot;1;0
f856b8ffb5;42;grassroot;2;4
a7081044ab;42;grassroot;1;0
cf6918eec3;51;grassroot;0;3
f2774f69e8;51;grassroot;1;0
62ed96e55d;7;grassroot;2;2
b125a41ab2;7;grassroot;0;1
e70f1d80dd;14;grassroot;0;1
e5dfd5f8f3;49;grassroot;1;8
eedb60e83d;49;grassroot;2;0
8f8aef3faa;49;grassroot;3;1
6e56934116;49;grassroot;3;0
558e3be28d;243;grassroot;0;1
b6636cd709;243;grassroot;1;0
1242fea9df;244;grassroot;0;1
c65816b7fc;244;grassroot;3;0
b3a4ae86ad;3;grassroot;0;3
90d202c5e0;3;grassroot;2;0
69e83592a9;3;grassroot;1;2
166c0bb8e4;43;grassroot;0;3
abcd26e53b;43;grassroot;3;3
839be8c57d;2;elite/political;4;0
a6aac5db41;43;grassroot;7;1
d69c7f63ca;43;grassroot;2;0
a965834aea;43;grassroot;1;0
e0cda2bdfe;3;grassroot;0;1
20d59aee1f;245;grassroot;0;1
cca9ad3062;245;grassroot;1;0
b3f57217ce;246;grassroot;0;1
bca1b93289;246;grassroot;1;0
9b1e4f80bb;9;grassroot;0;1
e05f5a5438;2;grassroot;0;4
cb0ff109b2;3;grassroot;0;3
8eb8777835;3;grassroot;4;0
93e11006f6;3;grassroot;1;0
7bb17e31ec;42;grassroot;0;4
a59c63d798;7;grassroot;0;1
a32d81442d;2;grassroot;0;1
f57ec2f602;43;grassroot;0;1
57208ba52b;42;grassroot;0;3
aecf8f0cac;247;grassroot;0;1
cfdd6d9b82;247;grassroot;5;0
2eded4fd1e;14;grassroot;0;2
2e1eb4fb01;14;grassroot;1;1
5c6caed0e3;137;grassroot;0;2
e405d58024;137;grassroot;3;0
c595463a57;137;grassroot;1;0
102a576e3f;248;grassroot;0;1
1302a7237e;248;grassroot;1;0
5705ba8cf5;70;grassroot;1;1
5e3912ee15;70;grassroot;1;0
1c5b72c085;11;grassroot;0;3
a972b63d30;11;grassroot;5;0
2b6691fccf;2;grassroot;0;5
57ad188434;2;grassroot;3;0
a868b813a6;70;grassroot;4;0
707ae1e6e1;11;grassroot;0;5
a1f288c0a3;1;grassroot;0;1
af499fb29d;249;grassroot;0;1
a48b1da4ca;249;grassroot;1;0
2714e08560;70;grassroot;0;2
4b0463e7ff;2;grassroot;0;1
369099c7f6;2;grassroot;0;7
da5cb261a7;42;grassroot;2;0
57af5af0ec;43;grassroot;4;7
16313e8539;43;grassroot;2;0
66d6566888;43;grassroot;2;0
5d5c7a05f5;43;grassroot;2;0
aa3e568bf3;11;grassroot;0;1
269cffaad6;11;grassroot;5;0
2f096675d0;250;grassroot;0;1
6dd110a015;250;grassroot;5;0
8b4d13ee0a;2;grassroot;0;1
eeee853512;7;grassroot;0;2
14ab0fd501;7;grassroot;2;0
e9d0084f3c;13;grassroot;0;2
bdef4e2bc3;123;grassroot;0;3
c71ecb42c3;123;grassroot;1;0
9022f47c56;7;grassroot;0;1
ce1c8f14e7;251;grassroot;0;1
8e648aed96;251;grassroot;2;0
86b8d4bd32;4;grassroot;0;1
e67e292655;4;grassroot;0;1
b5b7074c3c;4;grassroot;4;0
8622725feb;86;grassroot;0;1
b20e896cd7;86;grassroot;5;0
4c136b37f4;2;grassroot;0;1
19de76216a;16;grassroot;0;1
67c7f264d0;9;grassroot;0;1
a5058d0442;252;grassroot;0;1
1c18715873;252;grassroot;1;0
70850d6f2e;253;grassroot;0;1
5cc06fecf5;253;grassroot;1;0
863b493473;1;grassroot;0;1
79313303c1;254;grassroot;0;1
6cede2b058;254;grassroot;1;0
fc13263ebc;51;grassroot;2;3
dc5752332e;1;grassroot;0;1
ec4d8576db;32;grassroot;0;1
5d2cc378f7;43;grassroot;0;2
f9fa5d001b;70;grassroot;0;5
df896542a9;11;elite/political;8;0
38ae3bb4a4;70;grassroot;1;0
3a67061edd;70;grassroot;5;0
4d7988c403;70;grassroot;1;0
f836e3ba3d;24;grassroot;0;2
84a63b1451;24;grassroot;1;0
440bbc809d;2;grassroot;0;4
90e0c75aea;2;grassroot;3;3
6a6f60a724;2;grassroot;0;2
d25435d092;11;grassroot;0;1
bd73f97af2;51;grassroot;0;1
5a38dd951e;42;grassroot;0;2
48114f057b;42;grassroot;1;0
2fc6be024e;2;grassroot;0;2
4222b70368;143;grassroot;0;2
cb1304d375;143;grassroot;1;0
2aed9d52b2;6;grassroot;0;4
42c5257d29;6;grassroot;9;0
c3ae31d2fc;7;grassroot;0;1
117f1a4ea2;2;grassroot;0;3
a157cc163a;2;grassroot;0;2
753cf0e084;2;grassroot;6;0
0d226636fa;3;grassroot;0;1
664b49df51;2;grassroot;0;1
d2ac4c2191;127;grassroot;0;9
e01c2b28be;127;grassroot;6;0
fda4387bf4;4;grassroot;0;1
fb9104187a;255;grassroot;0;1
43a5cc02fa;255;grassroot;1;0
a399659898;256;grassroot;0;1
b992f0a038;256;grassroot;1;0
97cc400039;257;grassroot;0;1
38c839209b;257;grassroot;1;0
1edbc5fc66;258;grassroot;0;1
c667271343;258;grassroot;1;0
c24a230efe;259;grassroot;0;1
96d41dba6d;259;grassroot;1;0
40333ac608;51;grassroot;0;2
6c86bd7f80;16;grassroot;0;1
d80e8aef56;11;grassroot;0;1
025f9eb2e0;260;grassroot;0;1
7430a3e5aa;260;grassroot;2;0
6e62fd0725;32;grassroot;0;1
eeb8722dcb;32;grassroot;2;0
0c87a4beaf;10;grassroot;0;1
a362c6ebdd;15;grassroot;0;2
23f2e62fe7;261;grassroot;0;1
73fff44aaa;261;grassroot;1;0
b992fb8c3b;7;grassroot;0;3
278093b1f6;7;grassroot;1;0
43d91d13a9;7;grassroot;2;0
538acd2e20;262;grassroot;0;1
3d568651f9;262;grassroot;1;0
23139c750c;2;grassroot;0;1
f6f89153a7;70;grassroot;0;5
d256de8271;70;grassroot;1;0
b7bd45dd30;70;grassroot;1;0
484821c705;70;grassroot;3;0
a6ed448af7;2;grassroot;0;3
7de4046cb2;70;grassroot;0;1
bdf2aac2f5;70;grassroot;2;0
069ab1226a;6;grassroot;0;1
786f017f3f;2;grassroot;0;1
761a53694f;7;grassroot;0;1
3a8307e1c8;263;grassroot;0;1
b6162ce416;263;grassroot;1;0
8385554f45;10;grassroot;0;1
8cab5f7141;54;grassroot;0;1
b08159fa78;54;grassroot;2;0
2bc6a18179;264;grassroot;0;1
e696eaa283;264;grassroot;1;0
3d5b4b0a5a;13;grassroot;0;1
b2d585702f;7;grassroot;0;1
df14e798a1;265;grassroot;0;1
0936cd2ede;265;grassroot;4;0
b41d99d017;86;grassroot;0;1
2d4e0d9cbb;2;grassroot;0;1
a10a720f1c;32;grassroot;0;4
2ee2d05d6d;2;grassroot;0;2
4231991819;9;grassroot;0;2
6791ce7e66;9;grassroot;1;0
c78b41cd74;266;grassroot;0;2
1f006977be;266;grassroot;1;0
3a818a60e0;266;grassroot;1;0
97dd3ec36f;137;grassroot;0;1
22773dc60b;267;grassroot;0;1
36591cda9e;267;grassroot;1;0
ebac3e633f;268;grassroot;0;1
f1758be630;268;grassroot;1;0
ec07eb33ca;1;grassroot;0;1
00f6e9e7ab;1;elite/political;4;0
f3bfe8ff2a;58;grassroot;0;2
675d059646;58;grassroot;9;0
7479a3a17e;12;grassroot;0;1
c82112026b;10;grassroot;0;1
a96e8e7bf0;7;grassroot;0;2
b7c7616e1c;7;grassroot;2;0
d3dd5a8407;7;grassroot;1;0
d17abd359a;269;grassroot;0;1
b0afde0a70;269;elite/political;5;0
f722b80a2a;269;grassroot;0;1
8f996bb583;270;grassroot;0;1
ff02b9d72d;270;grassroot;1;0
d80baba977;271;grassroot;0;1
488b323d02;271;grassroot;1;0
a04fe1054f;272;grassroot;0;1
76d556427b;272;grassroot;1;0
072485c637;9;grassroot;0;1
172df2587d;188;grassroot;0;1
8ccac1fdfa;68;grassroot;0;2
f6d272ff9f;68;grassroot;1;0
44b2316d0a;6;grassroot;0;2
e45994bacf;2;grassroot;0;2
2e8c2a527d;86;grassroot;0;1
1d1241b984;3;grassroot;0;1
0db9664b72;49;grassroot;0;1
02fe1f01a2;2;grassroot;0;1
34ee46cac4;273;grassroot;0;1
5c77f9b455;273;grassroot;1;0
adfd788bc9;2;grassroot;0;9
00e08c8388;2;grassroot;1;0
5364f2f2fc;2;grassroot;1;0
b715066d86;9;grassroot;0;1
edd02bb85d;1;grassroot;0;1
af6b7056a7;274;grassroot;0;1
d7a6fe23e2;274;grassroot;1;0
dacfc511cf;74;grassroot;0;1
0f32b99932;74;grassroot;4;0
6ddb9ae5a4;275;grassroot;0;1
78aaeecab1;275;grassroot;1;0
dea73d2da6;276;grassroot;0;1
22e0be5148;276;grassroot;1;0
cf958c5309;2;grassroot;0;2
1d6e17e7e8;49;grassroot;0;1
78a3ca3767;49;grassroot;3;1
a1433150e9;49;media/news;19;0
ff2cdf80c8;15;grassroot;0;2
5fb768fa78;277;grassroot;0;1
ec6bd35e61;277;grassroot;1;0
8184ec7732;2;grassroot;7;19
bbcc75c251;2;grassroot;1;0
ee86ef4104;9;grassroot;3;0
719f4b82f4;70;grassroot;3;0
da23919daa;2;grassroot;1;0
2fa623447c;2;grassroot;3;0
0f4117d2d1;2;grassroot;1;0
ac0daa82bc;2;grassroot;1;0
8e8a7ec783;2;grassroot;3;0
1f0c5c1a27;9;grassroot;0;19
18e6865429;51;grassroot;4;0
6a7df3c636;54;grassroot;2;0
4cee40884b;51;grassroot;6;0
844a665bae;2;elite/political;4;0
139d3d1348;9;grassroot;2;0
4cd2745c3e;10;grassroot;0;3
ca625618bd;10;grassroot;8;0
e9f935bb10;10;grassroot;1;0
0b400fab25;10;grassroot;1;2
7a7695024b;10;grassroot;1;0
dd259c0958;58;grassroot;0;3
bee3f2c4ff;58;grassroot;1;0
2ae079cd7a;58;grassroot;1;0
c0617e95d6;278;grassroot;0;7
06ddd2e54a;278;grassroot;1;0
1810b6fcd4;278;media/news;1;0
91cb46b7f1;278;grassroot;1;0
73dea01fd4;278;grassroot;1;0
f7e6d372eb;278;grassroot;1;0
eb9589e453;278;grassroot;1;0
3972f69c2f;216;grassroot;0;1
68f5abea95;279;grassroot;0;3
9465429088;279;grassroot;1;0
abd007adef;279;grassroot;1;0
ad6d16eeeb;279;grassroot;1;0
dd8868c1c2;11;grassroot;0;1
b59588a0f4;10;grassroot;0;1
fa133c67eb;10;grassroot;0;1
0aeee5ea82;12;grassroot;0;2
08fc94ffd4;12;grassroot;4;0
c2271a53e2;280;grassroot;0;1
66220f704f;280;grassroot;1;0
6bce9c9a70;281;grassroot;0;1
9188de593d;281;grassroot;1;0
6c4cd88b9c;282;grassroot;0;1
033187655f;282;grassroot;1;0
9177a51734;2;grassroot;0;32
4c42c8b221;2;grassroot;3;0
533dd3c983;2;grassroot;8;0
db863d4ace;2;grassroot;2;0
164253d613;2;grassroot;6;0
b4e93c98b1;2;grassroot;5;0
9d3e35a4d9;2;grassroot;1;0
ae6c33181a;2;grassroot;1;0
6dca8d65c5;2;grassroot;1;0
cdb1374577;2;grassroot;1;0
fb3260356b;2;grassroot;1;6
a5da7f581b;2;grassroot;1;0
84fcdfa2a7;69;grassroot;2;0
31599a01b0;2;grassroot;1;0
e68b9c7124;283;grassroot;0;1
2149e32cc8;283;grassroot;1;0
0138f7df18;98;grassroot;0;2
ae85e6dff7;98;grassroot;1;0
c42b80a2e5;284;grassroot;0;1
d70d32e183;284;grassroot;1;0
34a91e7b71;210;grassroot;0;1
65d46d3d27;210;grassroot;8;0
e432d082da;285;grassroot;0;1
dee4cb8570;285;grassroot;1;0
403f7e0d1f;86;grassroot;0;1
e2f043df84;286;grassroot;0;1
259fe73cd0;286;grassroot;1;0
99aa30a43b;287;grassroot;0;1
0de3c2a471;287;grassroot;1;0
9da9a58fdc;288;grassroot;0;1
1f4d8eafac;288;grassroot;1;0
606646407c;289;grassroot;0;1
5e17869723;289;grassroot;3;0
5ddbe3ba7d;70;grassroot;0;2
48cdfe2a7d;70;grassroot;2;0
6beb5b2a91;11;grassroot;1;1
11ffc710ea;6;grassroot;0;2
adf5c7be6a;2;grassroot;0;1
778d555e31;2;grassroot;5;0
77d72f5a6b;3;grassroot;0;1
86320a0d69;70;grassroot;0;2
dd34b76ee9;70;grassroot;1;0
9ae17eafc9;70;grassroot;3;0
52c97f582e;244;grassroot;0;1
bbfca98ed3;290;grassroot;0;1
66af3644e6;290;grassroot;1;0
eb618e51a9;143;grassroot;0;1
1b1de784c6;2;grassroot;0;2
c144185cbe;13;grassroot;3;1
37624b6941;12;grassroot;0;1
5eb258adc3;143;grassroot;0;1
90b6b5f599;4;grassroot;0;2
faeebb8ec8;24;grassroot;0;1
f28b061d99;291;grassroot;0;2
edc41eca56;291;grassroot;5;0
f970a2257e;291;grassroot;1;0
1931102c16;43;grassroot;0;1
fec06dbbea;51;grassroot;4;0
e8a73e6198;51;grassroot;3;0
1c1e4ccd89;51;grassroot;4;2
3bc52f2dd7;51;grassroot;3;0
a47f1c5867;51;grassroot;3;0
d928e1be72;51;grassroot;2;50
7995c40060;51;grassroot;3;0
646748704a;51;grassroot;3;0
52723bb563;51;grassroot;3;0
4b285e3f80;51;grassroot;3;0
1ee96aabc2;51;grassroot;3;0
6ddc18ef17;51;media/news;1;0
8ca494ff9d;11;grassroot;2;0
aa1363bdec;51;grassroot;1;0
39a5575a71;51;grassroot;1;50
e148192784;10;grassroot;0;1
31729f3326;3;grassroot;0;1
a22a23558f;43;grassroot;0;1
7624b38bad;70;grassroot;0;2
b9cc87df10;292;grassroot;0;1
24f4111b33;292;grassroot;3;0
11b4138b0e;9;grassroot;0;1
349fb6e078;293;grassroot;0;1
627b15c161;293;grassroot;1;0
4b20b87971;294;grassroot;0;1
9cadaf5e5b;294;grassroot;1;0
fb70dac4db;8;grassroot;0;1
cfe0a64ecd;295;grassroot;0;2
e1cd976107;295;grassroot;1;0
0f8f207a90;295;grassroot;1;0
e57dc30190;86;grassroot;0;1
74bd00ce35;296;grassroot;0;1
77173ace11;296;grassroot;2;0
fc7315dd69;10;grassroot;0;1
b7469927b9;3;grassroot;0;1
d2ab0a9909;297;grassroot;3;4
828da09051;297;grassroot;1;0
3ae4ce6d1e;297;grassroot;1;0
59ca700cf5;297;grassroot;1;1
c12f57b084;297;grassroot;1;0
2b334c668a;10;grassroot;0;3
cd3b37a823;10;grassroot;2;0
ff8fcad97d;86;grassroot;0;1
da8725afe1;2;grassroot;0;1
b9d5057810;127;grassroot;0;8
98ef3ea0c0;12;grassroot;0;5
c6daced46a;12;grassroot;2;0
e06dd75671;12;grassroot;11;1
fe9403376e;7;grassroot;0;1
77feb4cb0c;10;grassroot;0;2
563f22aa48;3;grassroot;0;1
9c6cf3776b;11;grassroot;0;1
ae5db142d1;298;grassroot;0;1
aaaa8ad116;298;grassroot;4;0
f5f617f109;3;grassroot;0;1
11a4c66077;299;grassroot;1;1
4990d80604;299;grassroot;1;0
722125657e;12;grassroot;0;1
e9951fcbfa;24;grassroot;0;1
654980b022;24;grassroot;2;0
2dcbdbb9e4;9;grassroot;0;1
a4feac339a;11;grassroot;0;1
c7b4ab8f20;7;grassroot;0;1
7fe8ef71a9;300;grassroot;0;2
e652405640;300;grassroot;1;0
7e26b5e2d8;300;grassroot;1;0
8689853e1e;11;grassroot;0;12
e3140de15a;11;grassroot;2;0
e2349ee7b6;11;grassroot;3;1
d0ee764524;11;grassroot;1;0
0f7e35c833;11;grassroot;4;0
587771cd0a;11;grassroot;2;0
88ad7f24f2;11;grassroot;2;1
5b1d6e0881;9;grassroot;0;9
feb2dde915;9;grassroot;1;0
95084f1945;49;media/news;3;4
5df8e9527b;9;grassroot;1;0
1247269de8;49;grassroot;2;0
dd52231050;49;grassroot;3;0
7f4755fa15;49;grassroot;2;0
bfd13613d6;51;grassroot;1;1
9d304660df;51;grassroot;1;0
8f45373d9c;58;grassroot;0;4
c1414e2543;58;grassroot;1;0
906f248691;58;grassroot;1;0
5d93c54c60;58;grassroot;1;0
6b993bf274;9;grassroot;0;1
fdbbf70bda;301;grassroot;0;1
8bf3885831;301;grassroot;1;0
a5463bb822;12;grassroot;0;1
1821b2fa15;302;grassroot;1;1
4ffca3529b;302;grassroot;1;1
5a0e4b2517;32;grassroot;0;1
fea0caf7dc;7;grassroot;0;1
3cd43cb0b6;303;grassroot;0;3
0d36931d12;303;grassroot;1;0
acbf1d733c;303;grassroot;1;0
e94dc80f85;303;grassroot;1;0
e05cb598d4;127;grassroot;0;10
8a0add18e4;127;grassroot;7;0
e4027571bb;127;grassroot;7;0
e9a67570d4;127;grassroot;10;0
397496cf3d;3;grassroot;0;3
4fb95764c2;3;grassroot;1;0
6d9931ebc9;3;grassroot;1;0
b28df22764;1;grassroot;0;4
22751b5573;1;grassroot;2;0
3bc560a290;98;grassroot;0;2
c11aeb5874;98;grassroot;1;0
46a6f0e419;35;grassroot;1;1
13af8290c0;35;grassroot;2;62
d6d8f63e40;35;grassroot;2;0
29ae1f06d6;2;grassroot;3;0
cd614830d1;35;grassroot;1;0
6792cbed13;2;grassroot;3;0
5664fcb2b3;35;grassroot;1;0
56f453b309;35;grassroot;2;0
f19798d680;35;grassroot;1;2
62aa351f27;35;grassroot;1;1
b499354297;10;grassroot;14;0
db5d1e6148;32;grassroot;4;0
4536fbe70a;35;grassroot;1;0
bef48c97ba;35;grassroot;1;0
ba70fba8c3;35;grassroot;3;5
618b527458;35;grassroot;1;0
540a1d4de1;35;grassroot;1;0
ff4e72bdb8;35;grassroot;2;0
95c6fad1a5;35;grassroot;1;0
ee7fed4690;35;grassroot;2;0
a6476aa7b6;35;grassroot;1;0
8125918a72;35;grassroot;1;1
2098001e86;35;grassroot;1;0
1bac64761a;11;grassroot;5;0
628ca1fafa;35;grassroot;6;0
2eae76a4b2;35;grassroot;1;0
5949c3f99b;2;grassroot;7;0
b2ee705f98;35;grassroot;1;0
cd24269a7d;35;grassroot;2;0
5b2f827148;35;grassroot;17;0
f55605a703;35;grassroot;2;0
2c723c3642;35;grassroot;1;0
0100a66352;35;grassroot;1;0
403d20634c;35;grassroot;1;0
2cd9d8693e;35;grassroot;1;0
1b7e10d779;35;grassroot;1;0
b709a1d3e4;304;grassroot;0;1
7e1af87484;304;grassroot;1;0
53d1740cdc;2;grassroot;0;2
483a1a2b57;69;grassroot;0;1
58cf86f453;305;grassroot;0;1
7391ca0ce0;305;grassroot;1;0
2906690a0c;12;grassroot;0;1
fc71da2c09;42;grassroot;0;1
82b3fb1824;42;media/news;7;0
1b97c118da;3;grassroot;0;1
031554430f;7;grassroot;0;5
af1f001a5c;7;grassroot;1;0
5eacae12f9;7;grassroot;1;0
282a9d9761;7;grassroot;1;0
3224ee06c2;123;grassroot;0;1
ae3a75ef8f;74;grassroot;0;1
c48c02e4ae;74;grassroot;5;0
f8d0880a42;11;grassroot;0;1
e28c9f42e2;42;grassroot;0;1
f57f29df4a;137;grassroot;0;1
ec90bf4259;24;grassroot;0;4
d72804452c;24;grassroot;1;0
2d6dfb42aa;24;grassroot;3;4
ccf1290eca;24;grassroot;1;0
642189fa22;24;grassroot;2;2
4affd19dc6;24;grassroot;1;0
4626881da9;16;grassroot;0;1
544c471c9a;74;grassroot;0;1
60f3ac06cb;74;grassroot;4;0
15112a90e9;69;grassroot;0;2
aaa2518d25;69;grassroot;7;0
692c7a22e0;2;grassroot;0;1
1f6bfdbe67;42;grassroot;0;3
4c7165dda8;42;grassroot;1;0
eccb887065;8;grassroot;0;5
f31e0ceff2;8;grassroot;1;0
17269c0e7e;8;grassroot;1;0
0067701a95;94;grassroot;1;5
812355a6c4;94;grassroot;1;0
860bedc4a6;94;grassroot;1;0
8404e7b529;94;grassroot;1;1
8d4b9c0230;94;grassroot;1;0
cb44a63c91;94;grassroot;2;0
d4fcda4c31;58;grassroot;0;2
a5f66ba9fc;58;grassroot;2;0
17ed8830be;13;grassroot;0;1
c4bd6e68ac;10;grassroot;0;1
02b2eea0eb;12;grassroot;0;1
9d9bd6fa47;306;grassroot;0;1
b291b30fe9;306;grassroot;2;0
b8885eb655;69;grassroot;1;1
b210fb64cc;10;grassroot;0;1
6b0185a589;24;grassroot;0;1
fc6ca214ba;307;grassroot;0;2
de1d5c92b7;307;grassroot;1;0
bae9c72041;307;grassroot;1;0
4b0f691144;58;grassroot;0;3
5cd4086e9d;308;grassroot;0;1
bee703c636;308;grassroot;1;0
924f7939bd;42;grassroot;0;1
81085d665e;58;grassroot;0;2
33dd32f2ae;309;grassroot;0;2
a431a01b00;309;grassroot;1;0
d32687873f;309;grassroot;1;0
fae9f5f7f4;24;grassroot;0;1
45b89ac388;310;grassroot;0;3
5f6cba3c53;310;grassroot;1;0
3c7a9dc57a;310;grassroot;1;0
c82edd70b0;310;grassroot;1;0
1aed4b3f6b;5;grassroot;0;2
891b2b9287;2;grassroot;0;1
31fa86b1db;86;grassroot;0;1
b5b1c54efd;24;grassroot;1;9
a7f4c12c15;24;grassroot;1;0
d86583a717;2;grassroot;0;1
cba95fa326;42;grassroot;0;1
58cac9ee49;2;grassroot;0;1
135037514f;12;grassroot;0;1
01ad0f500f;12;grassroot;0;2
ec7d82ee07;12;grassroot;2;0
3fc8cfad0a;11;grassroot;0;3
b403b48b99;7;grassroot;0;1
b483d89e6a;70;grassroot;1;1
610c0d63c5;3;grassroot;1;1
ee68dc9f3c;3;grassroot;4;0
929bccff1c;43;grassroot;0;1
49ead88d06;43;grassroot;3;0
634e1edccc;2;grassroot;0;2
adbf1456c4;8;grassroot;0;2
0a7fb11b80;8;grassroot;1;0
1c25a30de2;32;grassroot;0;1
ed51bff680;32;grassroot;4;0
9d549c9ea0;69;grassroot;0;1
641b69c1d2;311;grassroot;0;1
4e01dcef4a;311;grassroot;1;0
bbf32f535b;11;grassroot;0;1
e65ca0a664;6;grassroot;2;1
20587b338f;312;grassroot;0;1
4f16fcc895;312;grassroot;1;0
c7260210ba;313;grassroot;1;3
994e0d8839;313;grassroot;1;0
dee10d4a4d;313;grassroot;1;0
50bb6c1f11;313;grassroot;1;0
83a8083017;70;grassroot;0;2
130df63329;13;grassroot;9;0
41a0d99032;70;grassroot;1;2
25c507a392;314;grassroot;0;1
a873a9c821;314;grassroot;1;0
2218931ed3;315;grassroot;0;1
d8ae7e36b7;315;grassroot;1;0
48885f5e56;86;grassroot;0;2
928329adec;86;grassroot;1;0
0a29a27c1f;316;grassroot;0;2
8bfb287c10;316;grassroot;2;0
9c53f7ff46;316;grassroot;1;0
0b18e6f0fb;12;grassroot;0;1
5be974ebf1;12;grassroot;0;1
17fe1686a9;14;grassroot;0;1
e67b02bfea;14;grassroot;4;0
8c33ea89fa;86;grassroot;0;2
221fc90fdf;86;grassroot;1;0
9e3b92eb76;317;grassroot;0;1
0204e8d9e5;317;grassroot;1;0
f1aa7b45bc;318;grassroot;0;2
0da089e39f;318;grassroot;1;0
66e5e6d58f;318;grassroot;1;0
dcd67d4b7f;43;grassroot;0;3
305d9f984d;43;grassroot;2;0
3b65c7e878;43;grassroot;6;0
4f89e2e8d4;11;grassroot;0;1
c000930c75;319;grassroot;0;3
f262c0abba;319;grassroot;1;0
0b91595c3a;319;grassroot;1;0
1439b7edc7;319;grassroot;1;0
286911294d;7;grassroot;0;1
6d285e1f06;51;grassroot;0;1
e28f9c6fbd;5;grassroot;0;1
504a4c4976;320;grassroot;0;1
75609ec61a;320;grassroot;1;0
8dc4b0a0ac;11;grassroot;0;1
4c8f5ea5c6;51;grassroot;0;1
5c288f92f8;321;grassroot;0;1
5f3ee91778;321;grassroot;1;0
433edd5961;86;grassroot;0;5
47dbe38316;322;grassroot;0;1
529b6e7917;322;grassroot;1;0
8c756c6c59;323;grassroot;1;2
e8d3fb2c1c;323;grassroot;1;0
2c79454ec1;323;grassroot;1;0
c7e5e1a0cd;9;grassroot;0;1
0e0e25c759;123;grassroot;0;1
969d45e6be;16;grassroot;0;1
85f7ab34fe;13;grassroot;1;3
73cf6081f6;13;grassroot;2;2
e70bc3d78c;13;grassroot;1;0
c7208b1c0b;13;grassroot;1;0
b6d1b84b47;13;grassroot;1;0
c4ab541f0c;2;grassroot;0;2
14feff78db;2;grassroot;1;0
d23aa05a96;13;grassroot;0;1
e5f6121a02;324;grassroot;0;1
c4afa0dc8e;324;grassroot;1;0
3e9c96b0ce;12;grassroot;0;1
2bf946aa0a;35;grassroot;0;2
c99ca4c013;35;grassroot;3;0
89ce4d98da;7;grassroot;0;1
ca2c6ff274;325;grassroot;0;1
920e911a9e;325;grassroot;1;0
f031db8ff1;9;grassroot;0;1
33b955a6da;9;grassroot;8;0
0c8d62e820;2;grassroot;0;1
dd28898705;326;grassroot;0;1
82424984a9;326;grassroot;1;0
5e2528ae27;3;grassroot;0;1
329c82d56e;9;grassroot;0;7
918e0d8eb0;9;grassroot;1;0
c9d8a0f7c3;9;grassroot;1;0
99b39026a4;9;elite/political;2;0
3de1345797;9;elite/political;2;0
3922e7acd0;16;grassroot;0;1
8e90469fd5;143;grassroot;0;1
c467e149d1;143;grassroot;2;0
42c6405ed0;70;grassroot;0;29
44e1ebfa80;70;grassroot;2;0
fbe6c33510;70;grassroot;3;0
12ea12eace;70;grassroot;1;0
219b57f0f2;70;grassroot;1;0
486bc5df2a;70;grassroot;1;0
a43adb3b40;70;grassroot;1;0
c534bfdf76;70;grassroot;1;0
49cc4262aa;69;grassroot;2;0
c0bf5f8ef8;1;grassroot;8;0
2b86438775;70;grassroot;2;0
324cbe93e3;70;elite/political;1;0
dd9b9e9eae;70;grassroot;2;0
5793000099;51;grassroot;1;0
188e25972c;51;grassroot;2;1
3faea07c53;70;grassroot;0;1
268c0d326e;51;grassroot;1;0
c6c06565a0;51;grassroot;5;0
d86b1cc35a;2;grassroot;3;0
7d1e8fb271;70;grassroot;1;1
21f7af0e52;51;grassroot;1;0
9565836aae;51;grassroot;1;0
70fc502e04;51;grassroot;2;0
c8fd69c9ca;51;grassroot;2;0
e84fbac3d5;51;grassroot;2;0
5e3b955b81;51;grassroot;1;0
cea2acd8f4;51;grassroot;2;0
f4fb230a92;51;grassroot;1;0
d72e78b634;51;grassroot;1;0
431b8a96ee;51;grassroot;2;0
5c41c6b66a;51;grassroot;2;0
19feb3b403;51;grassroot;1;0
4ef72de735;51;grassroot;1;0
36676bd476;10;grassroot;0;1
1242295c0f;70;grassroot;0;2
04a9706ed4;70;grassroot;4;0
3b1e38e3e9;327;grassroot;0;2
055323a7ce;327;grassroot;1;0
976ff1ef05;327;grassroot;1;0
80f550079c;328;grassroot;0;1
71a4c3aaf3;328;grassroot;1;0
0d424eed90;7;grassroot;0;1
7da3a6b2ea;7;grassroot;11;0
4bcb8aabce;16;grassroot;0;1
9d64230a9d;13;grassroot;0;1
94671c250c;13;grassroot;4;0
d60da77c87;329;grassroot;0;2
6f2cd5b6e9;329;grassroot;1;0
8e22e2b7e4;329;grassroot;2;0
92b95ac839;3;grassroot;0;1
908dce9dfb;14;grassroot;0;1
3ac8e83a9c;9;grassroot;1;34
56446035fd;9;media/news;1;0
04e8d39efe;9;grassroot;1;0
88cb6c2c16;1;media/news;3;0
1734c6353b;9;grassroot;1;0
70903337b2;9;grassroot;2;0
4fba5cba18;7;media/news;2;0
0095fce541;9;media/news;1;0
16b602de66;9;grassroot;1;0
c61f707b69;9;grassroot;19;2
d36a7bfdcf;9;grassroot;2;0
2a1cec1325;330;grassroot;0;6
f5bf89ea85;330;grassroot;1;0
8cc8bf2be9;330;grassroot;1;2
94336c7011;330;grassroot;1;0
6b06a18405;330;grassroot;1;0
19e4f836aa;330;grassroot;1;0
76cc2688b9;330;grassroot;1;0
bdd5d30160;330;grassroot;1;0
389f12516f;330;grassroot;1;0
2b32dca424;331;grassroot;0;1
6817e7fcc0;331;grassroot;1;0
49be3ba33b;69;grassroot;0;1
b186c8408d;42;grassroot;0;6
48e979e5d3;42;grassroot;1;0
24493b5bbc;42;grassroot;1;0
ffcfc0a458;42;grassroot;1;0
c6dcf291e9;332;grassroot;0;1
fd03ae67ba;332;grassroot;2;0
afe30f9495;11;grassroot;0;1
9d5775ac27;16;grassroot;0;3
cc26cf321a;16;grassroot;4;0
d5d756abee;16;grassroot;1;1
28278ddd85;16;grassroot;2;0
9b38673311;16;grassroot;0;1
32d45a511c;10;grassroot;0;3
bfea5db7ca;333;grassroot;0;1
882ac5dd75;333;grassroot;1;0
0d25bf91b2;8;grassroot;0;1
69fa94af7e;3;grassroot;0;2
815b0c7635;12;grassroot;0;1
9ce7ae463f;334;grassroot;0;1
15a6d4d145;334;grassroot;1;0
3d2e7263e9;335;grassroot;0;1
0025cbc2e3;335;grassroot;2;0
d56f28b297;6;grassroot;0;2
5386f3cc0e;2;grassroot;0;1
8134cdf4da;336;grassroot;0;1
09ca103e0c;336;grassroot;1;0
1a7d3f4491;337;grassroot;0;1
66622c3eb7;337;grassroot;2;0
dc4293d029;338;grassroot;0;1
dc2f884904;338;grassroot;1;0
6d10910ade;58;grassroot;0;1
18023b3518;339;grassroot;0;2
2c46fba1eb;339;grassroot;1;0
e665b1cfeb;339;grassroot;1;0
7ff6ce3e64;12;grassroot;0;1
a0e0bc0b21;12;grassroot;3;0
57caf7e9cd;8;grassroot;0;1
ed5c9dd306;340;grassroot;0;1
83f47188f3;340;grassroot;1;0
37dffa9037;341;grassroot;0;1
bbc881b1a6;341;grassroot;1;0
43b52f13a5;7;grassroot;0;1
1263bd240c;11;grassroot;0;1
197c9efa90;3;grassroot;0;1
45efec4435;342;grassroot;0;4
f22cc13948;342;grassroot;1;0
8310dc3767;342;grassroot;1;0
7b21d6382b;342;grassroot;1;0
1171308355;342;grassroot;1;0
57dc1393eb;10;grassroot;0;1
91b7d36409;12;grassroot;0;78
7978f506ba;32;grassroot;5;0
9e0c576dd1;12;grassroot;2;0
80aca01b76;12;grassroot;2;0
c0b06d1a25;12;grassroot;1;0
ac82025b47;12;grassroot;7;0
ea4d04ab66;12;grassroot;3;0
d3f70b37bf;11;elite/political;5;0
907d78d32e;12;grassroot;1;0
9dec8b037e;2;grassroot;10;0
e0a4801337;1;grassroot;2;0
db1ea84465;12;grassroot;6;0
2c5853098b;12;grassroot;1;0
e6148f071f;12;grassroot;1;0
0f4a3ed0f6;12;grassroot;5;0
55d2f512b9;12;grassroot;1;0
5ca1c60af8;6;grassroot;2;0
9b6fd5106f;12;grassroot;1;2
a1a1400a62;12;grassroot;3;0
dcd2b0999a;12;grassroot;1;0
07b0402e6a;12;media/news;1;0
24ac5bc7a2;32;grassroot;2;0
abdade8c92;12;grassroot;1;0
587e6b2aa4;13;grassroot;2;0
bde21c5099;12;grassroot;2;0
529ef96331;12;grassroot;1;0
34ae68bcca;12;grassroot;2;0
cf8aac6b3a;12;grassroot;1;0
1cacc2c7cc;32;media/news;4;0
7ccd0f45ea;11;grassroot;4;0
788a436e0b;12;grassroot;1;0
34fbee7014;12;grassroot;1;0
ccf02608a7;12;grassroot;2;0
7f2020f675;12;grassroot;1;0
d9b2830c81;12;grassroot;7;0
8ea659f001;12;grassroot;1;0
74d203fdb4;9;grassroot;0;2
84a5191e65;9;grassroot;1;0
36954a6e91;2;grassroot;0;1
2c4bbd5db0;343;grassroot;0;1
cf4d1c6e15;343;elite/political;1;0
1fdf858885;2;grassroot;0;2
abebad514f;344;grassroot;1;3
66d246352c;344;grassroot;1;0
5591e44fa0;344;grassroot;1;1
26ad852281;344;grassroot;1;0
63fe0046d2;344;grassroot;1;0
541578b2e4;2;grassroot;0;1
61c8600e37;2;grassroot;0;1
9a22d1568f;2;grassroot;0;1
cd7cccca71;7;grassroot;0;1
118164f985;9;grassroot;0;1
0f19d60ad9;4;grassroot;0;3
43131b3099;4;grassroot;1;0
d875d17df5;7;grassroot;4;2
3530581948;345;grassroot;0;1
dddd96e30e;345;grassroot;1;0
65f3a41b94;8;grassroot;0;2
cc704afe29;346;grassroot;0;1
ff476ddeeb;346;grassroot;1;0
6dc6577608;69;grassroot;4;1
dd11ee5bc3;347;grassroot;0;3
534ea0ae2a;347;grassroot;2;0
a3054ef90d;347;grassroot;2;0
a18cba85d7;347;grassroot;2;0
71b730aad7;3;grassroot;0;1
97af6e08d8;4;grassroot;0;1
1692bec1ab;70;grassroot;0;2
be45b344c0;70;grassroot;1;0
bb2a0e44e6;10;grassroot;0;1
929671b487;348;grassroot;0;1
59f4096ba5;348;grassroot;1;0
15c928e2b2;3;grassroot;0;1
89ef66188f;12;grassroot;0;1
4a0e90fc4a;349;grassroot;0;1
17d12f7797;349;grassroot;1;0
2350936f54;49;grassroot;0;1
3fe80c0381;49;media/news;3;0
232223f60b;350;grassroot;0;1
faaa6b73f5;350;grassroot;1;0
c03f51977a;2;grassroot;0;2
25814762a3;2;grassroot;1;0
63aef703db;70;grassroot;0;2
6d929fac54;351;grassroot;0;2
2130cf5492;351;grassroot;2;0
dae1acc4ca;351;grassroot;1;0
3315d66678;352;grassroot;0;1
0bad6141b9;352;grassroot;2;0
390d4a3ac8;353;grassroot;0;1
e05787f3b5;353;grassroot;1;0
d30162b5ca;2;grassroot;0;1
89dd686d6d;7;grassroot;0;1
84eefa59ca;7;grassroot;11;0
f18ea88395;3;grassroot;0;1
b63db83b5e;354;grassroot;0;1
803e89c97c;354;grassroot;1;0
51f0deaa7a;6;grassroot;0;2
3bdfd30353;355;grassroot;0;1
a9dc2a64ad;355;grassroot;4;0
b2ff9109e1;12;grassroot;0;1
8851e0b3c6;12;grassroot;3;0
2843b22c7f;5;grassroot;0;1
a640398917;132;grassroot;0;1
6ecbf3deab;356;grassroot;0;1
3531625bfd;356;grassroot;2;0
95d6899d02;357;grassroot;0;1
11f96ef416;357;grassroot;1;0
9638ff74e2;86;grassroot;0;4
f506d6d4c0;86;grassroot;1;0
967c0f30fd;86;grassroot;1;0
c261d2550e;86;grassroot;1;0
004cec78cd;358;grassroot;0;1
6f277d4a06;358;grassroot;1;0
5508dafe1c;359;grassroot;0;1
1edb353f2c;359;grassroot;1;0
913f831f47;2;grassroot;0;1
f5dd9cdc4f;360;grassroot;0;1
6003c17781;360;grassroot;1;0
646a0d9b64;49;grassroot;0;5
ad1407ca3d;49;grassroot;5;0
4b884ce9c5;2;grassroot;0;3
b64bf52662;361;grassroot;0;2
553938c7d1;361;grassroot;1;0
cbed19e5db;361;grassroot;1;0
746d483f92;362;grassroot;0;1
9335fde104;362;grassroot;1;0
975f7236c4;4;grassroot;0;1
1c72832b8c;363;grassroot;0;1
6a7fbe6033;363;grassroot;1;0
c2b2800afe;16;grassroot;0;4
d5d5cd2295;16;grassroot;1;0
bb4cf3baf1;16;grassroot;1;0
442d6d40c6;2;elite/political;0;3
7520e7f1ba;10;grassroot;0;4
71b9d76ca6;364;grassroot;0;2
a29e4584b3;364;grassroot;1;0
ab04c30b8e;364;grassroot;1;0
55c1681041;365;grassroot;0;1
5518837a7d;365;grassroot;2;0
ee51211c5f;2;grassroot;0;1
f6318049d0;9;grassroot;0;2
5b22cb8a6c;366;grassroot;0;1
3902102c63;366;grassroot;1;0
ca34b1bacd;6;grassroot;0;2
ff6a55cb4d;12;grassroot;0;1
15b6a82e35;9;grassroot;0;1
9c7119f011;3;grassroot;0;1
848ea75f19;7;grassroot;0;1
91991649a6;58;grassroot;0;1
965fbc4705;58;grassroot;0;1
ba0a2d5068;367;grassroot;0;1
db651ef454;367;grassroot;1;0
3d060f8c2d;86;grassroot;0;1
76d452ee2c;368;grassroot;0;2
4c18ce8948;368;grassroot;1;0
0aaba60b47;368;grassroot;1;0
dd9765f358;58;grassroot;0;1
26543b41fe;369;grassroot;0;1
6a67648c1f;369;grassroot;2;0
8c4cd2408a;58;grassroot;0;2
ed65392599;58;grassroot;1;0
2fcd819b16;14;grassroot;0;1
b3fb7465fe;15;grassroot;0;2
3c1b0483ac;16;grassroot;0;1
4a06e9ed1e;16;grassroot;2;0
ebbf82979a;370;grassroot;0;1
4594024169;370;grassroot;1;0
8dad4c538f;12;grassroot;0;2
3d66588d3d;182;grassroot;0;1
83cece919b;2;grassroot;0;11
32d8200e2a;2;elite/political;3;0
e1f1a03576;12;grassroot;0;2
d0aabe4710;12;media/news;2;2
4a600faf5c;12;grassroot;1;0
214f3e6b5e;51;grassroot;5;0
b13e21709e;69;grassroot;0;6
d0dd1e1a78;69;elite/political;1;0
363c2e483b;16;grassroot;0;1
e2ae3b98c0;32;grassroot;0;1
86b940a80b;3;grassroot;0;1
087547ce57;69;grassroot;0;1
8adc01cee6;7;grassroot;0;1
689d4000cc;371;grassroot;0;1
fccabea761;371;grassroot;1;0
81c8528d37;372;grassroot;0;1
a41245db08;372;grassroot;1;0
a12f5939a7;24;grassroot;0;2
40a5b0eaa4;12;grassroot;0;1
98e8a12e93;74;grassroot;0;3
61e2d8f9b7;74;grassroot;1;0
777aff811f;74;grassroot;2;0
f0d40b3e73;74;grassroot;3;0
b5368f2fd5;3;grassroot;0;1
03628e1547;49;grassroot;0;1
e5778d90d0;3;grassroot;0;1
9486b1263d;3;grassroot;0;3
7ee010eabf;3;grassroot;1;0
fa7a1d6537;3;grassroot;1;0
4010d92755;373;grassroot;0;1
3c65efd37a;373;grassroot;1;2
ad640c592e;373;grassroot;1;0
b2ab585807;373;grassroot;2;0
52cfdfdb3a;374;grassroot;0;1
7361f121ba;374;grassroot;1;0
15d2bda828;375;grassroot;0;1
68d402136d;375;grassroot;1;0
39dd867569;2;grassroot;0;2
0e564f79f8;376;grassroot;0;1
c8289561b0;376;grassroot;1;0
319596f7bd;7;grassroot;0;1
21417f6985;7;grassroot;1;6
1dc023f1f2;7;grassroot;3;0
f959d39c24;7;grassroot;1;0
1e75b34a01;7;grassroot;2;0
4d6453a325;7;grassroot;20;0
65df12474f;69;grassroot;0;1
75faa6bc86;2;grassroot;0;1
542aff9935;2;grassroot;0;2
1a1352712a;3;grassroot;0;2
88a75a1247;3;grassroot;1;2
7b3ccf4d33;9;grassroot;0;1
1fa78fe9ed;112;grassroot;0;1
ed8daa78f4;5;grassroot;0;4
f824ff1ddd;5;grassroot;1;0
680edd6517;5;grassroot;1;0
ae21e66738;86;grassroot;0;1
72f1e8c503;377;grassroot;0;1
91da98822e;377;grassroot;1;0
9ebe509f75;378;grassroot;0;2
d4284f6dc5;378;grassroot;1;0
340387dbf8;378;grassroot;1;0
b474ee2148;379;grassroot;0;2
3e837d4bfb;379;grassroot;1;0
3ec83b6614;379;grassroot;1;0
2d1d69db00;12;grassroot;0;2
c5023e2200;10;grassroot;0;1
fdc8c7f0b7;7;grassroot;0;1
947676fa2f;1;grassroot;0;1
d7b68e734a;70;grassroot;0;11
6ce2084fa3;70;grassroot;1;0
f2941a1f50;70;grassroot;1;0
ea6f1c301c;70;grassroot;1;0
f9c2c04f1a;2;grassroot;0;1
b888d3da3e;10;grassroot;0;1
d3ed3b3be5;6;grassroot;0;1
b88811a36c;380;grassroot;0;1
920ef76d1f;380;grassroot;1;0
4fdb4963fd;381;grassroot;0;1
ca85761ff5;381;grassroot;1;0
c12c037fbc;7;grassroot;0;1
1f3d743c66;7;grassroot;0;1
e51c40c464;13;grassroot;0;1
457f1dedda;13;grassroot;6;3
ac8c017747;13;grassroot;1;0
c03e8aeb85;13;grassroot;5;0
59dd07ebdd;4;grassroot;0;1
6952942ec5;32;grassroot;0;3
6d278d10ed;32;grassroot;3;0
cd778b7107;184;grassroot;0;1
ab602fcb70;15;grassroot;1;1
1b4beb2f1f;15;grassroot;1;0
8633b6884a;382;grassroot;0;1
76b3e2982a;382;grassroot;3;0
8ff2f77379;2;grassroot;0;1
abc1dd8153;69;grassroot;0;1
5987cc17d8;43;grassroot;0;1
24e2fdb307;13;grassroot;0;7
6df0ce5ef8;13;grassroot;5;0
4ef621c891;35;grassroot;0;15
0d629bdb78;42;grassroot;3;0
a4c689e979;35;grassroot;1;0
f7f75cf9e4;35;grassroot;2;0
a3422f55ad;35;grassroot;3;0
c2aee7947d;35;grassroot;1;0
a294aa69c6;35;grassroot;1;0
30077f77de;2;grassroot;0;1
82291fc0b9;43;grassroot;0;6
2d9d458e9c;43;grassroot;1;0
8b1dcf9fa9;43;grassroot;1;0
8f54813261;43;grassroot;1;0
ec129fa84b;43;grassroot;1;0
918ed3f40b;383;grassroot;0;4
546b463537;383;grassroot;1;0
aa1434c27b;383;grassroot;1;0
e813606cf7;383;grassroot;1;0
a7332c1b2a;383;grassroot;1;0
7658e39e38;384;grassroot;0;3
0d7c0afc1f;384;grassroot;1;3
9fb950930d;384;grassroot;1;0
0144a5bc86;384;grassroot;1;0
3966d16ea8;384;grassroot;1;0
4361442729;384;grassroot;1;0
83c66f0c78;384;grassroot;1;0
3d1934e361;12;grassroot;0;2
5bbfd73e50;12;grassroot;2;0
9168de469a;2;grassroot;0;1
61673674d5;43;grassroot;0;1
72794c8f13;9;grassroot;0;1
ae5f368572;12;grassroot;1;1
876c6c0f2c;12;grassroot;3;5
5691ae0579;12;grassroot;1;0
370fc1f060;12;grassroot;1;2
84bf791601;12;grassroot;1;1
f6e242a5e7;2;grassroot;0;1
416890a839;89;grassroot;0;1
2f324a4c92;32;grassroot;0;1
920e685f66;11;grassroot;0;1
b34df491e0;39;grassroot;0;4
7c03235e1a;39;grassroot;1;0
af10d8e61c;39;grassroot;1;0
a30b846555;39;grassroot;1;0
544ef343d3;74;grassroot;0;3
c55179599b;74;grassroot;2;0
5981693255;74;grassroot;2;0
fe49be5696;42;grassroot;0;1
82641dc521;385;grassroot;0;3
870a8bda65;385;grassroot;1;0
c431238062;385;grassroot;1;0
fd85d0d79d;385;grassroot;1;0
4309cecc21;7;grassroot;0;1
96768ef8cb;86;grassroot;0;1
4c03da40c1;10;grassroot;0;1
e30da8ec89;386;grassroot;0;1
67c2360430;386;grassroot;1;0
c0ce4969bd;1;grassroot;0;2
1741ad1c72;7;grassroot;0;2
dfcab40561;7;grassroot;4;1
c4ebde4a75;7;grassroot;1;0
b9014fe7e5;387;grassroot;0;1
46f41dce6e;387;grassroot;3;0
43054e7a9f;32;grassroot;0;1
0b1d4bc020;388;grassroot;0;1
9cba52c10e;388;grassroot;1;0
05c848a874;389;grassroot;0;1
d95a7746b4;389;grassroot;1;0
ba7a8f40dd;6;grassroot;0;7
69813a5e5f;6;grassroot;2;0
5580421202;3;grassroot;0;1
5d18f243c9;43;grassroot;0;1
a650050167;390;grassroot;0;1
26541f302e;390;grassroot;1;0
101a32e885;240;grassroot;1;4
abc2950eab;240;grassroot;1;1
d161dadb29;240;grassroot;1;0
15dccbbedd;240;grassroot;1;0
05a6e31cc5;240;grassroot;1;0
3e3f46bf72;240;grassroot;1;0
573a8b7d2b;35;grassroot;1;0
134a10a969;11;grassroot;0;1
a1bbcfa017;391;grassroot;0;1
07a3488bb1;391;grassroot;1;0
2087a5c4e3;2;grassroot;0;3
4ba3aba2b1;86;grassroot;0;2
557100ce15;86;grassroot;5;0
7427eb22d2;86;grassroot;2;2
d0742c3c85;86;grassroot;1;0
0bbab462d7;86;grassroot;1;0
6b72f5dd13;9;grassroot;0;1
93b01bd5f4;392;grassroot;0;1
cce6b99ff1;392;grassroot;1;0
3e38c7d0f0;10;grassroot;0;1
fe6ba23376;393;grassroot;0;1
aa5ef5ba0f;393;grassroot;1;0
f6f948e954;6;grassroot;0;1
6dc3bd7aa3;24;grassroot;0;1
9cad9cd9b3;11;grassroot;0;1
288739ee29;24;grassroot;0;3
a6b61ae752;131;grassroot;0;1
0c5d137efe;394;grassroot;0;1
f561d5c936;394;grassroot;1;0
6b5e2eea83;395;grassroot;0;1
b6c66dd313;395;grassroot;1;0
2998ac36a1;396;grassroot;0;1
5124850bdb;396;grassroot;1;0
ca07a2e738;10;grassroot;0;1
3d131d5e05;397;grassroot;0;2
6eed0113c5;397;grassroot;1;0
d3fa2d8629;397;grassroot;1;0
dbbe2e413a;11;grassroot;0;1
e9cbd97c9e;398;grassroot;0;3
f2a6fd93c3;398;grassroot;1;0
3ae7c61102;398;grassroot;2;0
bc75bc8ff6;398;grassroot;1;0
a44e6ccd09;399;grassroot;1;1
480757e4a5;399;grassroot;1;4
48b24fc9fc;399;grassroot;1;0
20b209257f;399;grassroot;1;0
9b73357730;399;grassroot;1;0
36de9cd3a2;400;grassroot;0;1
5b4d1ac7fc;400;grassroot;1;0
cb4b4d4526;7;grassroot;0;1
2deafa497e;49;grassroot;0;1
f11359562d;2;grassroot;0;1
d24743b081;401;grassroot;0;1
6ae1464f95;401;grassroot;1;0
5c5596ade8;2;grassroot;0;1
88894d3774;3;grassroot;0;1
2f35e916ba;3;grassroot;4;0
f1cf179ace;11;grassroot;0;1
677cc83963;58;grassroot;0;2
46554316e9;42;grassroot;0;1
a68f21693c;7;grassroot;0;1
867b978e7e;402;grassroot;1;3
ad900f0c36;402;grassroot;3;3
0f2b65c04e;402;grassroot;2;0
baa23384a3;402;grassroot;1;0
f3edd80ce4;402;grassroot;1;0
fc9da8d0f8;403;grassroot;0;1
1d0918a1a9;403;grassroot;1;0
e56c8a0df6;12;grassroot;0;2
8c8ef2caf8;13;grassroot;1;3
f719b07de2;7;grassroot;0;1
9f681dd61f;11;grassroot;0;1
98bdb320f7;2;grassroot;0;1
1c61c5f6d2;2;grassroot;0;1
4ee94932ec;69;grassroot;0;2
35471196e7;404;grassroot;0;3
116f2a3281;404;grassroot;1;0
6820214d55;404;grassroot;1;0
ebf9bf427e;404;grassroot;1;0
fb11238ac0;9;grassroot;0;5
8fd195c7be;2;grassroot;0;1
c5e865a3ff;405;grassroot;0;1
b8e56a004f;405;grassroot;1;0
ea591d4cdd;69;grassroot;0;1
47c4b77c46;6;grassroot;0;1
036afb888e;32;grassroot;0;1
f9d2e967fc;14;grassroot;0;1
247b4ffec7;86;grassroot;0;1
987356334f;406;grassroot;0;1
5f8ef811ee;406;grassroot;1;0
1d45af69bb;407;grassroot;0;2
528625ff32;407;grassroot;1;0
5a241cd2e3;407;grassroot;1;0
531ed53133;6;grassroot;0;2
fa9e3085af;15;grassroot;0;1
10c6f21f9b;408;grassroot;0;1
2feec39773;408;grassroot;1;0
c9c75dbce5;49;grassroot;0;2
d11bc78d5d;49;grassroot;1;0
96faf1e9bf;409;grassroot;0;1
3315fd257e;409;grassroot;1;0
d5dccdd266;137;grassroot;0;2
8186d5954d;43;grassroot;0;2
5cb5cdc664;43;grassroot;0;1
1cd796063c;43;grassroot;5;0
5eed603852;7;grassroot;0;2
98b67e5e7c;7;grassroot;2;0
c58f82842e;4;grassroot;0;1
e5011dbaf2;123;grassroot;0;1
d36e52bfe8;123;media/news;5;0
3fd018cb19;15;grassroot;1;3
12de2429a8;15;grassroot;1;4
827f864706;15;grassroot;1;0
2b8d8804e8;1;grassroot;0;2
7c1d01a191;1;grassroot;1;0
bc657afef9;13;grassroot;0;1
0d89c14b46;2;grassroot;0;1
446270ed50;15;grassroot;0;2
8dfbaa7739;74;grassroot;2;10
1dc79e0ce9;74;grassroot;1;0
cd600c528f;74;grassroot;1;0
4d41381f92;2;grassroot;2;5
9d13778bf8;2;grassroot;2;0
97a3dd95b7;43;grassroot;1;3
9eda2f92bc;2;grassroot;0;1
fd491cf299;2;grassroot;0;1
45276fb4ad;7;grassroot;0;1
c77b60d000;410;grassroot;0;6
73ee6dd968;410;grassroot;8;0
e4e8dfe830;410;grassroot;7;0
6b0e8d3bb4;410;grassroot;7;0
5a0fcebc58;410;grassroot;7;6
035da5c558;410;grassroot;7;0
e0fb856853;410;grassroot;7;0
4a4f9b4e44;410;grassroot;1;0
9311a879b3;410;grassroot;1;0
5683c27b3c;410;grassroot;1;0
eb169aacdf;410;grassroot;1;0
4ba9775f65;410;grassroot;1;0
b11aaa43a9;51;grassroot;0;1
d00e5c7468;6;grassroot;0;1
aee9054887;2;grassroot;0;2
520bbfef3d;12;grassroot;0;1
b4158035ca;411;grassroot;0;3
1c21c3c6b5;411;grassroot;1;1
dbdcb0862e;411;grassroot;1;0
359cd8393b;411;grassroot;2;0
61de85b226;7;grassroot;0;1
6150da75ce;10;grassroot;1;1
cb10b5e705;74;grassroot;0;1
85573678b1;74;media/news;12;0
14da906691;16;grassroot;0;1
8db31def67;412;grassroot;0;1
2997bcc6fa;412;grassroot;1;0
0b591b6e3f;413;grassroot;0;1
5093448c5e;413;grassroot;1;0
44f7cf0293;2;grassroot;0;2
cf3750c994;2;media/news;1;0
6bf9b82abb;414;grassroot;0;1
445410fa1a;414;grassroot;1;0
bf4aaee596;415;grassroot;0;1
cb4d530ff7;415;grassroot;1;0
89a1d9458e;13;grassroot;1;3
f2e6addb90;13;grassroot;1;0
1bd62f81a6;7;grassroot;0;1
2753fc25b4;7;media/news;3;0
77b87dd08f;416;grassroot;1;1
4000566200;416;grassroot;1;0
7ee78ba7d9;12;grassroot;0;1
c9e44cc466;90;grassroot;0;1
296cbc79fd;49;grassroot;0;1
248ea940ac;12;grassroot;0;2
a32c0eeebf;2;grassroot;0;1
417991a117;24;grassroot;0;1
65c291f097;98;grassroot;0;3
ba1b4f66d5;98;grassroot;1;0
030a4ae5e0;98;grassroot;1;0
c23fbfe1ca;3;grassroot;0;1
8bf27e7bf9;16;grassroot;0;1
b7b55e8c93;89;grassroot;0;1
e789362c7e;9;grassroot;0;2
d49b8883fd;58;grassroot;0;1
71d18ab73d;51;grassroot;0;2
a2c06e37b1;51;grassroot;1;1
70027a300a;74;grassroot;0;2
1d485addc5;10;grassroot;0;1
ef0cb0f28b;6;grassroot;0;2
f307f0e587;417;grassroot;0;1
6757f5a01d;417;media/news;2;0
135f5d81fc;2;grassroot;0;1
337237f3f1;3;grassroot;0;1
d5ff2d30f6;418;grassroot;0;1
f4427e130e;418;grassroot;1;0
b0ad2901f3;2;grassroot;0;2
9f5137173f;419;grassroot;0;1
45d5a629fb;419;grassroot;1;0
f78668a7e4;42;grassroot;0;3
0c49eb6075;42;grassroot;1;0
49586062c9;42;grassroot;1;0
416e34ecd8;7;grassroot;0;2
6dc285d8ea;7;grassroot;0;1
14a63f79b9;2;grassroot;0;1
37f4a1c82e;70;grassroot;0;3
540571f5f9;9;grassroot;0;1
4f8308ee8c;24;grassroot;0;3
44108876bf;24;grassroot;1;0
5bcca34150;24;grassroot;1;0
b2b4b442f7;127;grassroot;0;9
fbb8fb87e0;127;grassroot;0;9
8f99c64f27;24;grassroot;0;1
c7dca3da8f;83;grassroot;0;1
1b8c4cd962;11;grassroot;0;1
e398093505;420;grassroot;0;1
35c162b9ed;420;grassroot;1;0
16e3e40aaf;7;grassroot;0;1
7ed08a2481;12;grassroot;0;1
d6c340218c;421;grassroot;0;1
4710077cf4;421;grassroot;1;0
d90dc3c443;43;grassroot;0;1
1c93150308;9;grassroot;0;1
11dc1c0829;422;grassroot;0;1
0c6bc9d195;422;grassroot;1;0
8c89b0843b;7;grassroot;0;1
5b80b261e0;423;grassroot;0;1
e1225d77f4;423;grassroot;1;0
8fd301c7c7;4;grassroot;0;2
02af1ee59b;424;grassroot;0;1
80e77ef7ea;424;grassroot;1;0
0f190c96b1;104;grassroot;0;3
e8412b4c8e;86;grassroot;0;1
271e1607b0;4;grassroot;0;1
e60d1f4fb2;6;grassroot;0;1
9e4407a963;425;grassroot;0;2
a45ff6dcec;425;grassroot;1;0
bed83a9efc;425;grassroot;1;0
053514e0aa;32;grassroot;0;1
97c54874ba;426;grassroot;0;1
0e7276763d;426;grassroot;1;0
3c5a32038b;1;grassroot;0;1
6115bbe8b3;10;grassroot;0;4
1012cdf5b8;427;grassroot;1;1
fa92e43e59;427;grassroot;2;1
7767999712;427;grassroot;1;1
2f7f7f20de;10;grassroot;0;1
d5615f4d93;428;grassroot;1;1
19461d7e58;428;grassroot;1;1
7a0634fa85;28;grassroot;0;1
7e3591edbb;2;grassroot;0;2
284af75506;429;grassroot;0;1
ab1342643e;429;grassroot;1;0
f17a532c68;430;grassroot;0;1
7244a7ca64;430;grassroot;1;0
90e7b95927;14;grassroot;0;1
36cb1e573f;14;grassroot;8;0
271642ee80;431;grassroot;0;1
fefdd731a7;431;grassroot;1;0
48151f767e;14;grassroot;0;1
d90b12f7fb;432;grassroot;0;1
fbaa700014;432;grassroot;1;0
efdc874861;433;grassroot;0;2
54416862f9;433;grassroot;1;0
d337b39359;433;grassroot;1;0
b2174330f3;434;grassroot;0;2
5410101d1c;434;grassroot;1;0
a80ad2933b;434;grassroot;1;0
2bdb37a522;12;grassroot;0;2
9d3a3a88f5;12;grassroot;1;0
5242606977;11;grassroot;0;1
3696665178;435;grassroot;0;1
625349aeb4;435;grassroot;1;0
b3b7ccf13f;6;grassroot;0;1
160e1ee44a;436;grassroot;0;1
ae12566138;436;grassroot;1;0
34fef3e5ce;437;grassroot;0;1
b39ab2c0e4;437;grassroot;2;0
c674156f5b;7;grassroot;0;1
d7bd359f73;15;grassroot;0;2
c45e58485d;49;grassroot;0;1
d5d2716402;49;grassroot;4;0
b7b7337c9a;438;grassroot;0;1
c8559dcb11;438;grassroot;3;0
a04180c41d;439;grassroot;0;1
3f5d4f4373;439;grassroot;2;0
3764fc897b;49;grassroot;0;1
4f7429c9c9;440;grassroot;0;1
11eaa5aedb;440;grassroot;1;0
51d42b8d50;1;grassroot;0;1
30e6253939;441;grassroot;0;1
42e209d1d1;441;grassroot;1;0
908700dff3;12;grassroot;0;1
6969f3d710;49;grassroot;0;2
f75c38bbc4;49;grassroot;3;0
4fab4caf4b;49;grassroot;2;1
c7d5fc5d7a;11;grassroot;0;1
9f67aaed57;35;grassroot;0;2
61efee1ee8;442;grassroot;0;1
0509110f9a;442;grassroot;1;0
41f8d1943d;49;grassroot;0;1
9539570aca;5;grassroot;0;3
3e5c4be8a3;9;grassroot;0;1
73a619bd5d;7;grassroot;0;1
7d12cdbb2c;443;grassroot;0;3
3b1eb33f42;443;grassroot;2;0
737f7b1629;443;grassroot;1;2
89e47f818e;443;grassroot;2;0
7b681aa99d;9;grassroot;0;2
9373737501;9;media/news;2;0
87aed99666;250;grassroot;0;1
49ecbcbbfa;49;grassroot;0;1
fb17de9a07;2;grassroot;0;2
8f0940f346;2;grassroot;0;1
b1a06620e1;86;grassroot;0;1
01f3074862;3;grassroot;0;1
c933fde475;1;grassroot;0;1
eead044c24;134;grassroot;0;4
537b7241cf;42;grassroot;0;2
1f56820ef3;58;grassroot;0;3
2d4174148a;58;grassroot;2;0
a77be513e4;58;grassroot;1;0
d3df823d78;444;grassroot;0;1
16a868d8e7;444;grassroot;1;0
0920ef043e;32;grassroot;0;1
bc2fa9e341;42;grassroot;0;3
c2d0a1520e;42;grassroot;1;0
7ae37494b3;42;grassroot;1;0
e6371a3fe3;69;grassroot;0;1
648d0f589c;2;grassroot;0;1
07eb9e7958;15;grassroot;0;2
c3cd7fe62f;24;grassroot;0;1
b5ca2b6d5d;445;grassroot;0;1
5ede567383;445;grassroot;1;0
157e35b8e3;42;grassroot;0;12
6ec16e29c5;42;grassroot;1;0
b9f6de3d98;42;grassroot;1;0
4527f89c6d;42;grassroot;4;0
aa18827f14;42;grassroot;1;0
0e753c735c;42;grassroot;1;0
6b14c04ebd;42;grassroot;1;0
45d0d6f23e;42;grassroot;1;0
0ee76cc2b9;42;grassroot;1;1
85bc6d1365;42;grassroot;4;1
317cfb7e34;42;grassroot;2;0
08e226693f;446;grassroot;0;1
68afb4a59d;446;grassroot;1;0
2334fb1af4;86;grassroot;0;1
9beafbaa64;2;grassroot;0;3
48c584c67e;3;grassroot;0;2
a35ddac94f;144;grassroot;0;2
6c6316aa31;144;grassroot;1;0
8c5cbbe149;10;grassroot;0;1
cc922c585a;13;grassroot;0;1
475c5e4c52;12;grassroot;0;1
e4a3100f66;12;grassroot;3;0
ac5ca8bd71;83;grassroot;1;3
4e9780e4e8;83;grassroot;2;0
7db922e286;83;grassroot;2;0
d9e713bedd;7;grassroot;0;1
492652bb32;10;grassroot;0;1
c518770958;10;grassroot;0;1
ac2fbfe70e;447;grassroot;0;1
d032c852ab;447;grassroot;1;0
fbb43a76ee;4;grassroot;0;1
28b7107afb;3;grassroot;0;1
c9e2aabb67;2;grassroot;0;3
e9473653bb;12;grassroot;0;1
1c40357a3f;49;grassroot;0;2
bfed48cf91;49;grassroot;1;0
4852a29fd8;448;grassroot;0;1
aeeec28370;448;grassroot;2;0
eb6f65c599;123;grassroot;0;3
d5ae5a3a1b;5;grassroot;0;1
0013a14d35;70;grassroot;0;1
6f5670c6a0;449;grassroot;0;2
df3ce35562;449;grassroot;2;0
c7154e88af;449;grassroot;1;0
882a5ccd4d;86;grassroot;0;1
84e5ca0c18;450;grassroot;1;1
65f178d44f;450;grassroot;1;2
c44124ff4f;450;grassroot;1;0
106a51faa2;54;grassroot;0;2
e40f17dfdc;54;grassroot;4;0
e4bb8ff08f;85;grassroot;0;1
ff26a147fa;10;grassroot;0;1
f4178eef03;11;grassroot;0;1
1f9fe45811;58;grassroot;0;1
ed59592cda;10;grassroot;0;1
e4a313c203;9;grassroot;0;1
b30d9527e9;1;grassroot;0;1
2ed277ee68;7;grassroot;0;1
8d45e5e378;7;grassroot;2;0
aed2939069;142;grassroot;0;3
5f362e0099;142;grassroot;1;0
cc620abaf1;142;grassroot;1;0
064d46acf5;451;grassroot;0;1
56a4b143c2;451;grassroot;1;0
8ea000fd02;10;grassroot;0;1
30f89d298c;10;grassroot;0;1
6505949404;86;grassroot;0;1
2ee694fa00;452;grassroot;0;1
af7e2ef513;452;grassroot;1;0
4bd7e70055;453;grassroot;0;1
4986e6782f;453;grassroot;1;0
e7985100cf;454;grassroot;0;2
f8387760fd;454;grassroot;2;0
4ea0f30827;454;grassroot;2;0
ec5c38d937;6;grassroot;0;1
606e6d7a7b;7;grassroot;0;1
100d926686;2;grassroot;0;1
d42ef86234;7;grassroot;0;1
0a68fe221f;35;grassroot;0;2
87843683c9;35;grassroot;1;0
731650ac7c;455;grassroot;0;1
109b514316;455;grassroot;1;0
5b6ecc7138;456;grassroot;1;1
68b00c23ad;456;grassroot;2;0
10f4fdd4ec;2;grassroot;0;5
4f93635518;2;grassroot;1;0
56903fcc84;457;grassroot;0;1
43bb0135d8;457;grassroot;1;0
da397f08c5;6;grassroot;0;1
315eb6d356;458;grassroot;1;1
63077164fe;458;grassroot;1;0
1ae199f0b6;459;grassroot;0;4
0117db47c2;459;grassroot;1;0
dd97305348;459;grassroot;1;0
d4e2befa85;459;grassroot;1;0
c408035a48;459;grassroot;1;0
d9fc7951f2;42;grassroot;0;4
203f2342b2;42;elite/political;2;0
c8bd3a374b;42;grassroot;1;0
d530a0ba12;10;grassroot;0;4
dbbb15ad1e;10;grassroot;2;0
4827d9ed85;10;grassroot;1;0
6b2fc8418c;10;grassroot;3;0
fad243ef69;2;grassroot;0;1
d71d967744;86;grassroot;0;1
dbfc71c2ba;32;grassroot;0;1
a160fadad4;460;grassroot;0;1
90a806b18f;460;grassroot;1;0
332024923d;15;grassroot;0;2
b600013a3d;58;grassroot;0;7
a7f615cf2f;58;grassroot;1;0
7064f2c378;461;grassroot;0;1
8301bcb54b;461;grassroot;1;0
0894c7b5fb;182;grassroot;0;1
407b2f6909;2;grassroot;0;1
1eea36682e;134;grassroot;0;4
7cec2b522e;2;grassroot;0;2
28d5fe3910;462;grassroot;0;1
c89f283027;462;grassroot;1;0
beebf0baba;7;grassroot;0;2
ba2909ed85;16;grassroot;0;1
336c87c44e;463;grassroot;0;1
22bee6936f;463;grassroot;1;0
9ed10962c2;7;grassroot;0;2
5f30715fb4;7;grassroot;9;0
4e18807e51;11;grassroot;0;1
085aa76ee1;11;grassroot;2;0
5264c44012;86;grassroot;0;1
f87ef0e6b4;9;grassroot;0;1
fcb30a6c62;12;grassroot;0;1
1b5b4d0ce5;86;grassroot;0;1
a12d7d0fbe;0;grassroot;0;1
67f6ac7ef3;3;grassroot;0;3
c3e52c571f;115;grassroot;0;2
67b2d1aa80;43;grassroot;0;2
d088882300;6;grassroot;0;1
ef734b7dec;464;grassroot;0;1
df09827555;464;grassroot;1;0
f4f3c0e161;465;grassroot;0;1
66dfcbf8dd;465;grassroot;1;0
122d372e1f;466;grassroot;0;1
438a1dc00d;466;grassroot;1;0
d48b5d78ab;2;grassroot;0;2
d214689e38;467;grassroot;0;1
f0a8f49985;467;grassroot;1;0
df27df57b4;49;grassroot;0;2
f8c7998445;468;grassroot;0;1
65bbcf6c57;468;grassroot;1;0
873cbf3e5e;469;grassroot;0;1
80a79b10f8;469;grassroot;1;0
eee87d24d6;3;grassroot;0;2
891cf158ee;3;grassroot;3;0
161b8bc8c5;470;grassroot;0;1
bacbe725e1;470;grassroot;1;0
7da4e5a622;471;grassroot;0;1
5bdf6c2987;471;media/news;3;0
8b821deef4;2;grassroot;0;1
9563759f4a;472;grassroot;0;1
0a5a0319a9;472;grassroot;1;0
b0260c55f0;6;grassroot;0;3
b4fa4d9d26;473;grassroot;0;1
57124b7f90;473;grassroot;1;0
8ed18cfcc2;15;grassroot;0;5
1b97e28b0d;15;grassroot;3;0
d43a4a8d7d;15;grassroot;1;0
316db69250;474;grassroot;0;1
7e3267a61c;474;grassroot;1;0
4e564d4c54;182;grassroot;0;1
64eb581d28;94;grassroot;0;5
c5d65fd074;94;grassroot;1;0
e335691628;94;grassroot;1;0
96aef4fb18;94;grassroot;1;0
bc77839aeb;89;grassroot;0;1
a08f36aa48;16;grassroot;0;1
265f74a953;2;grassroot;0;2
26f9987d77;475;grassroot;0;1
9590dddc1d;475;grassroot;1;0
a8bf87d5d5;2;grassroot;0;2
281c95708a;2;grassroot;0;2
b060a27e31;9;grassroot;0;4
d8766849d8;32;grassroot;0;2
77e6f78af4;32;media/news;5;0
250fdcff40;32;media/news;1;0
3f34bd2e37;58;grassroot;0;1
a4e8aeb6d1;13;grassroot;0;4
aaefbd5592;476;grassroot;0;1
f4e04d1161;476;grassroot;1;0
85aba5f8c5;1;grassroot;0;1
fd58c4a434;12;grassroot;0;1
04a93ede14;477;grassroot;0;2
9938f90108;477;grassroot;1;0
d0b6bae85a;477;grassroot;1;0
871c00d4cf;12;grassroot;0;3
c39c0b4dda;2;grassroot;0;4
f129196ffe;12;grassroot;0;2
9da57f63b1;70;grassroot;0;1
738b7ab395;9;grassroot;0;1
ab04e2a476;7;grassroot;1;1
6db00af751;2;grassroot;0;1
ea80f11e45;478;grassroot;0;2
fb322c454b;478;grassroot;1;0
2b66f4ec96;478;grassroot;1;0
cbc7788407;3;grassroot;0;2
3a8af7a74f;479;grassroot;0;1
633076cc90;479;grassroot;2;0
e25998b29b;3;grassroot;0;1
acde1da108;480;grassroot;0;1
4bc942775a;480;grassroot;2;0
6cd794e5fa;2;grassroot;0;3
ee58925046;2;grassroot;0;2
c372d59336;481;grassroot;0;3
893737ed9b;481;grassroot;1;0
ce93163881;481;grassroot;1;0
1e8f49c121;481;grassroot;1;0
56daf5e05a;2;grassroot;0;1
71680a4c30;2;grassroot;4;0
0fd97a1e33;16;grassroot;0;1
e6e1593233;482;grassroot;0;1
e6dba39c10;482;grassroot;1;0
10021de674;8;grassroot;0;1
1df059f6c0;483;grassroot;0;1
b1c3d22e1e;483;grassroot;1;0
8bb353ddce;12;grassroot;1;2
0fdf9463d2;12;grassroot;1;2
a30152ffae;373;grassroot;0;7
c7ae606db9;373;grassroot;2;0
dd14f7fae8;373;grassroot;1;0
4ec4136a83;373;grassroot;1;0
5fd59c97ed;373;grassroot;1;0
b47ca358ee;373;grassroot;1;0
14af831b7c;373;grassroot;1;0
4df271dcc1;373;grassroot;1;0
b016ef39b6;2;grassroot;0;1
7cea7f4fa8;24;grassroot;0;2
11f2f39c04;7;grassroot;0;1
e2cea0660d;484;grassroot;0;1
bb312c3fb8;484;grassroot;1;0
53c577c74a;86;grassroot;0;1
a9d31d8a6f;485;grassroot;0;1
1cc22f243f;485;grassroot;2;0
59aa2be173;13;grassroot;0;1
ea35e2826b;486;grassroot;0;5
ffb64fae0a;486;grassroot;1;0
c9bddb340e;486;grassroot;1;0
8b1b7d62ab;486;grassroot;1;0
123deb358e;486;grassroot;1;0
5ca07a046b;486;grassroot;1;0
09587a262d;24;grassroot;0;1
79a72fc56b;7;grassroot;0;2
c2dc1ab12c;7;grassroot;1;0
d746e255d4;7;grassroot;1;1
823b8abae3;332;grassroot;0;1
c463c9fb58;9;grassroot;0;4
521c4752d3;9;grassroot;1;0
0fc3429118;9;grassroot;1;0
82c0d5a91a;10;grassroot;0;1
9f4c57b76f;487;grassroot;1;1
725b863e7e;487;grassroot;1;2
1dca5971fc;487;grassroot;1;0
64fc3028e0;488;grassroot;0;1
47310f79bb;488;grassroot;4;0
68479fc665;49;grassroot;0;1
81bb4eca86;7;grassroot;0;1
5dbd8f33f5;58;grassroot;0;1
d5df81ec81;49;grassroot;0;1
5c46fbd18e;69;grassroot;0;1
ba0c202df7;11;grassroot;0;2
0dc630696a;11;grassroot;1;0
d7e6718945;10;grassroot;0;1
f101f3d55b;11;grassroot;0;2
01828e3a55;11;grassroot;1;0
ec19222e08;42;grassroot;0;2
9e97a1dc89;42;elite/political;1;0
972ab699e9;123;grassroot;1;3
b4a4fe3f53;123;grassroot;4;0
10f9a05a71;123;grassroot;2;1
131dc4cbfb;123;grassroot;1;0
0d7880e870;123;grassroot;3;0
f84f296754;10;grassroot;0;1
6a08ae79ba;6;grassroot;0;1
73b4cf4f1f;489;grassroot;0;1
b5d1de00f3;489;grassroot;1;0
d05e729496;74;grassroot;0;1
977b813bf9;2;grassroot;0;1
69bc0a4679;490;grassroot;0;1
d3577589e8;490;grassroot;1;0
220297c0d8;32;grassroot;0;1
e16d881ef6;4;grassroot;0;1
1829023236;9;grassroot;0;1
7826fbdadc;2;grassroot;0;4
5f355a14d4;7;grassroot;0;1
8db2585d12;2;grassroot;0;1
02e35f806c;86;grassroot;1;4
8fbd40480a;86;grassroot;2;0
22675d3a0a;86;grassroot;1;0
aba64b26e7;123;grassroot;0;3
39aa397b85;11;grassroot;0;1
1f7f6c48a7;11;grassroot;0;5
3a3cfba03b;11;grassroot;0;4
3ed0667665;11;grassroot;1;0
6679d97ef6;10;grassroot;0;1
d9f4198422;491;grassroot;0;1
1fc0c1d0f5;491;grassroot;1;0
b80e939770;69;grassroot;0;1
5a5e70954f;410;grassroot;0;6
519676f1d7;492;grassroot;0;1
36251e7506;492;grassroot;2;0
24058b9d7f;2;grassroot;0;4
eaf23a0575;2;grassroot;0;16
6d22b7d8a1;2;elite/political;4;0
b98d478e48;2;elite/political;1;0
b51f201fa9;11;grassroot;1;5
bbb098a918;11;grassroot;1;0
8ae74758e6;1;grassroot;0;1
b5e2526bed;14;grassroot;0;2
9467cc4307;14;grassroot;1;0
dd10491503;24;grassroot;0;1
5309b03300;32;grassroot;0;1
ed8112da7b;9;grassroot;0;1
06078b9dc5;493;grassroot;0;1
a8394bcccf;493;grassroot;1;0
bcf3dc7561;3;grassroot;0;2
865570e17f;494;grassroot;0;1
539caf8aaa;494;grassroot;1;0
4fd0b7234a;495;grassroot;0;1
23c304968d;495;grassroot;1;0
9596204683;12;grassroot;0;1
76adbc896b;3;grassroot;0;1
1694e8a20e;42;grassroot;0;2
f0a85e839a;2;grassroot;0;1
942c91cff5;10;grassroot;0;1
231cd45a9f;10;grassroot;4;0
6e6c9039d5;4;grassroot;1;2
7a6d12408a;4;grassroot;1;0
2ec758fa25;4;grassroot;1;0
e60589452d;2;grassroot;0;5
402c2ab2e8;2;media/news;2;0
b0a5784cc9;2;elite/political;2;2
6cc4149070;2;grassroot;1;0
8caa6742f0;49;grassroot;0;1
3aa64849cb;15;grassroot;0;1
4e29b73fb8;3;grassroot;0;1
87a46f357e;496;grassroot;0;1
ff647b7c6b;496;grassroot;1;0
f0fd969cf2;497;grassroot;0;3
ded260364f;497;grassroot;1;0
1c4b12bf21;497;grassroot;1;0
dd1c9d154e;497;grassroot;1;0
f41da03273;10;grassroot;0;1
be09ef7c59;14;grassroot;1;1
43b2ad0f85;14;grassroot;3;0
8b5eecf7d2;498;grassroot;0;1
ed442f5c21;498;grassroot;1;0
94e35dc3ff;247;grassroot;0;2
1c6302ca7e;247;grassroot;1;0
4eb4d55796;2;grassroot;0;1
a8556fcaaa;499;grassroot;0;1
a4a421f5e7;499;grassroot;1;0
4db81b4c10;500;grassroot;0;1
ffb482c264;500;grassroot;1;0
0f2b0b46e9;112;grassroot;0;1
aa2fe23e11;501;grassroot;1;2
5d12a84619;501;grassroot;1;0
885993952d;501;grassroot;1;1
1211dd7eb6;86;grassroot;0;3
4ec03bd783;86;grassroot;1;0
1566688b10;86;grassroot;4;0
2b50637c75;11;grassroot;0;1
c1f06292d1;2;grassroot;0;1
13900f22c7;7;grassroot;0;1
28ff83e661;42;grassroot;0;10
d07f9e2ad6;42;grassroot;2;0
0f869eb894;42;grassroot;1;0
bb2553aad6;42;grassroot;2;0
08c05523ba;9;grassroot;13;0
cba7b6c5ad;42;grassroot;2;0
7802f20165;11;grassroot;0;1
3501d8e86c;16;grassroot;0;1
8a422c8602;8;grassroot;0;3
7c3abc408c;8;grassroot;1;0
e0dfd8c449;2;grassroot;0;1
a6c98345e2;502;grassroot;0;2
76b1d37f6f;502;grassroot;1;0
bd19a06289;502;grassroot;1;0
3f88867901;503;grassroot;0;1
b501a4cbb6;503;grassroot;1;0
6d6689c4bd;2;grassroot;1;1
46e576331c;16;grassroot;0;1
3850f104ac;10;grassroot;0;1
955ea9dbe1;504;grassroot;0;1
cbf4b90755;504;grassroot;1;0
c5cfbb15d5;505;grassroot;0;1
b0cebf8ebc;505;grassroot;1;0
6f8fb98587;506;grassroot;0;2
06bea67bec;506;grassroot;1;0
eb61ea42d2;506;grassroot;1;0
bbc82af29d;507;grassroot;0;1
5b88699137;507;grassroot;1;0
46e47a8f49;2;grassroot;0;1
6a834a2df8;7;grassroot;0;3
31f7bdd3d2;7;grassroot;1;0
fd20cb2752;7;grassroot;1;0
6c1358e817;49;grassroot;0;3
a1270ab203;49;grassroot;2;0
76cb8ddb5b;24;grassroot;0;1
611e57ee1f;12;grassroot;0;2
c48759c44f;8;grassroot;0;1
f1e7a1f592;32;grassroot;0;1
2cebd990d2;16;grassroot;0;4
2b06b02c67;16;grassroot;1;0
47f204c500;16;grassroot;1;0
b615e642b0;16;media/news;3;0
37b6e72194;1;grassroot;0;1
d828506729;508;grassroot;0;3
3daba03090;508;grassroot;1;0
0e8fdc0f26;508;grassroot;1;0
66c43b7e16;508;grassroot;1;0
00b527e658;7;grassroot;0;4
1cc33a8374;7;grassroot;1;0
818d65b67a;7;grassroot;2;1
7db15f5d16;210;grassroot;0;2
71be4fecf0;70;grassroot;0;1
ce72f592f5;12;grassroot;0;2
a7040a8507;11;grassroot;0;1
ec1ab29bf0;32;grassroot;0;1
9473694439;2;grassroot;0;1
a92691babf;509;grassroot;0;1
d87e31d3bb;509;grassroot;1;0
ee259db4fb;4;grassroot;0;1
7e99e177c8;11;grassroot;0;2
d25e9d52ca;11;media/news;1;0
c53ca9c492;2;grassroot;0;1
1d781672f1;69;grassroot;0;2
7699b4b240;10;grassroot;0;1
ae922da8d0;16;grassroot;1;2
3c9f82e612;16;grassroot;1;0
4e3a61244a;10;grassroot;0;1
48500638bb;1;grassroot;0;1
c3ea51156e;12;grassroot;0;1
22aabe438b;16;grassroot;0;1
f8be854eb5;11;grassroot;0;1
5945b3d8cf;143;grassroot;0;3
ac8758e090;143;grassroot;1;0
6227df8746;7;grassroot;0;4
9d5acb4c2f;2;grassroot;0;1
2d72067ec3;70;grassroot;0;1
5c39ecbd58;7;grassroot;0;1
a9421126fa;510;grassroot;0;1
c5b28d9fd4;510;grassroot;1;0
876bdd2650;121;grassroot;0;1
eca0c0920d;9;grassroot;0;1
ef52951210;9;grassroot;3;0
f48063ea71;2;grassroot;0;1
389a3a5d8b;12;grassroot;0;1
5348021ec9;511;grassroot;0;1
9e722870a6;511;grassroot;1;0
3f7244a551;1;grassroot;0;1
a804eecfba;10;grassroot;0;1
ccb956dfb1;2;grassroot;0;5
3e4b2f8f5c;210;grassroot;0;1
c5e3f867b5;2;grassroot;0;2
c780eb78a4;7;grassroot;0;1
097ab7f2be;13;grassroot;3;1
32f76c845c;4;grassroot;0;1
ffb06952c5;16;grassroot;0;1
b387a19683;1;grassroot;0;1
2461c25367;2;grassroot;0;2
7591017631;2;grassroot;1;0
90fef9c926;24;grassroot;0;3
a80b2743a1;24;grassroot;1;0
74b2aeeda0;24;grassroot;1;0
8c24c23bf3;58;grassroot;0;3
74833a1bdb;58;grassroot;1;0
849d62de5b;9;grassroot;0;1
9237745720;9;grassroot;8;0
68dfcc61b2;2;grassroot;0;1
22d2301341;4;grassroot;0;1
7a54842ddd;43;grassroot;0;10
d8ebc22d5b;43;grassroot;1;0
1cda8add75;43;grassroot;1;0
0a8910c375;43;grassroot;1;2
5def9c79e2;43;grassroot;4;0
4a4809e872;512;grassroot;0;1
a87fa972ee;512;grassroot;1;0
57b88116c1;513;grassroot;0;1
7856baec3e;513;grassroot;1;0
662d0c285e;514;grassroot;0;1
78f348725a;514;grassroot;2;0
2350a4b20d;515;grassroot;0;1
b5ec6694bf;515;grassroot;1;0
bc66da3599;51;grassroot;0;1
10a1afecfb;51;grassroot;3;0
94866e3a5a;9;grassroot;0;2
9bcaf9046a;9;grassroot;3;0
a0ce841023;137;grassroot;0;1
8ae60b783a;115;grassroot;0;2
1d79aa5779;50;grassroot;0;1
eeb6c1959c;6;grassroot;0;1
7396a3c1cb;3;grassroot;0;1
53532a9832;516;grassroot;0;1
2f8029aa08;516;grassroot;1;0
2637e632b1;517;grassroot;0;1
cdba5f12af;517;grassroot;1;0
e103f99f0f;9;grassroot;0;1
0b026ab48f;6;grassroot;0;1
7ec42c94ab;6;grassroot;4;0
1308636c4e;3;grassroot;0;1
522be44956;58;grassroot;0;1
e81adf7dc7;11;grassroot;0;1
5a8a084bbf;518;grassroot;0;1
ea32549f78;518;grassroot;1;0
2a628bb084;16;grassroot;0;1
27ed5cca66;7;grassroot;0;1
6a9e021f48;7;grassroot;0;2
73aa4ea86d;7;grassroot;1;0
c8f4c6a8e3;7;grassroot;0;1
45861ff374;12;grassroot;0;2
756b0136ee;12;grassroot;1;0
cf414537a1;24;grassroot;0;2
53ad45d2e9;519;grassroot;0;1
cdf57edeff;519;grassroot;7;0
07d40c3e7b;83;grassroot;0;4
d4b5362614;11;grassroot;0;1
2620556203;123;grassroot;2;15
ff4f11ac00;123;grassroot;1;0
9d05312d74;123;grassroot;1;0
94e3d5e00d;123;grassroot;2;0
54d763637e;123;grassroot;2;0
307906112b;123;grassroot;2;0
b68315c792;123;grassroot;3;0
42490a1e99;123;grassroot;2;3
96a3056082;123;grassroot;3;0
1d8159e66e;123;grassroot;2;1
f8aec98b16;123;grassroot;1;1
c07dd6bc4d;123;grassroot;1;0
3e05eb852b;123;grassroot;2;0
152cad47a6;123;grassroot;2;1
1652613556;123;grassroot;3;0
e585a30bcc;123;grassroot;1;0
189b6a373b;123;grassroot;1;0
d6a876ea59;123;grassroot;1;0
f4ca72b56e;7;grassroot;0;1
08b3cdd335;520;grassroot;0;1
6be90f40f9;520;grassroot;1;0
dbfada059e;521;grassroot;0;1
d5a5c70635;521;grassroot;2;0
bb80979e33;522;grassroot;0;1
385efd76d5;522;grassroot;1;0
dc5b91e695;24;grassroot;0;1
f87bfdf1fb;69;grassroot;0;1
073eb58e20;32;grassroot;0;1
c39d2aefac;9;grassroot;0;1
0f23ba7ad1;3;grassroot;0;1
998bc2d4e6;523;grassroot;0;1
757e919030;523;grassroot;1;0
dc9b538c60;123;grassroot;0;1
7c49a33566;86;grassroot;0;1
c9bab163bc;42;grassroot;0;1
eb1f1fde0c;524;grassroot;0;1
cf8b6f5170;524;grassroot;1;0
74c82e36f4;12;grassroot;0;1
9697e35f57;49;grassroot;0;1
f6118246ec;3;grassroot;0;1
aacc8ef140;49;grassroot;0;1
652c87c79e;49;grassroot;2;0
45a1cf941d;9;grassroot;0;1
73631ef6f5;525;grassroot;0;1
edb588a129;525;grassroot;1;0
11471211eb;16;grassroot;0;1
9f286c1a28;526;grassroot;0;1
1ed5d430cd;526;grassroot;1;0
ec82722f95;123;grassroot;0;1
cc471ed983;10;grassroot;0;1
c15c46ad98;15;grassroot;1;3
41cd1d549c;15;grassroot;3;0
c9a26bb0bc;527;grassroot;0;1
825fc9a695;527;grassroot;1;0
bb49a76ce1;50;grassroot;0;1
fc1be70695;4;grassroot;0;1
84b7d2dff9;528;grassroot;0;1
cf2c31ef2a;528;grassroot;1;0
85e6608ac0;529;grassroot;0;1
d8a4ce1b53;529;grassroot;1;0
f447b2c86f;8;grassroot;0;2
aba2c0bec0;8;grassroot;1;0
7edb67002e;530;grassroot;0;1
7d11b910b8;530;grassroot;1;0
0b93e443a8;2;grassroot;0;1
1c0e6adbab;7;grassroot;0;1
b7127f3bc0;4;grassroot;0;2
456982b21f;4;grassroot;1;0
3f838c8a02;11;grassroot;0;1
86b3efce32;7;grassroot;0;1
861f3e4039;7;grassroot;3;0
ab202cb0e0;531;grassroot;0;3
727956e9af;531;grassroot;1;0
6169793dec;531;grassroot;1;0
869205cd27;531;grassroot;1;0
96afd212f8;5;grassroot;0;1
f681c0972a;2;grassroot;0;3
a3b43057d2;2;grassroot;2;0
1adb810e1f;11;grassroot;0;1
a8d8045434;532;grassroot;0;2
acdae03855;532;grassroot;1;0
dc78f765cf;532;grassroot;1;0
a635d7399a;9;grassroot;0;2
d1ea126319;533;grassroot;0;2
307860a511;533;grassroot;1;0
5bf2ac15b1;533;grassroot;1;0
1704f8cffc;3;grassroot;0;1
d2dcfd3624;2;grassroot;0;3
d19a8d8660;58;grassroot;0;2
f50bf9b163;2;grassroot;0;2
ce5a7bdacb;2;grassroot;0;1
65e4c5ee95;51;grassroot;0;1
d7716f78c6;43;grassroot;0;2
cff947be0a;43;grassroot;2;0
07fe7ff519;4;grassroot;0;1
da81eca01e;86;grassroot;0;2
7f953be7bc;86;grassroot;1;0
b6f82a2dac;42;grassroot;0;1
6de2f97342;410;grassroot;0;6
7d76546302;12;grassroot;0;1
7db323988a;2;grassroot;0;7
2e4d3f6b67;49;grassroot;0;1
b13491c8e6;43;grassroot;0;1
bfc94c5b7f;12;grassroot;0;1
e2741b33ea;7;grassroot;0;1
020603cc06;7;grassroot;0;2
b3175aa70d;7;grassroot;3;1
1678597149;7;grassroot;1;0
fdeff0a50b;86;grassroot;0;4
57cbb1a89d;86;grassroot;1;0
11fbb385bb;86;grassroot;1;0
118c2f3212;86;grassroot;1;0
6736297dd7;12;grassroot;0;2
8850c67398;12;grassroot;1;0
94fb31f4f6;534;grassroot;0;1
10736a826d;534;grassroot;1;0
e6af30e2bb;10;grassroot;0;1
0a6f94abf7;535;grassroot;1;1
a8acb7be1f;535;grassroot;1;0
bad2b8f4b3;9;grassroot;0;1
cf6564aace;329;grassroot;0;1
ff78204d3f;2;grassroot;0;3
f289e8ecb6;142;grassroot;0;1
bdd9035d69;13;grassroot;0;1
f5e63f2f7c;24;grassroot;0;1
1478732a8d;9;grassroot;0;2
2a98c43df4;9;grassroot;1;0
d07f4498fa;9;grassroot;0;1
21ab069c45;9;grassroot;0;1
324037d7b5;9;grassroot;0;1
e61c9b58b4;58;grassroot;0;1
f79e4cbcf1;3;grassroot;0;1
d960de46a9;536;grassroot;0;1
72517e9f6a;536;grassroot;1;0
8a45f9abc8;265;grassroot;0;1
0479561d07;537;grassroot;0;3
9aa44ae32c;537;grassroot;1;0
ca0b1b193a;537;grassroot;1;0
769c01eea0;537;grassroot;4;0
8ea8f3bcc6;15;grassroot;0;1
3646ac498b;437;grassroot;0;1
1eb16a4005;2;grassroot;0;4
3b224d8e88;2;grassroot;1;0
2c9d516b1b;9;grassroot;0;1
40d2f3cdb2;538;grassroot;0;1
6ddab66abd;538;elite/political;1;0
9e5e7d88bc;539;grassroot;0;1
ca180a0783;539;grassroot;1;0
37668d21cc;11;grassroot;0;3
d890991598;10;grassroot;1;1
75c9e97b3d;35;grassroot;0;3
3ee5fb3b5f;2;grassroot;0;3
3b167480f1;2;grassroot;1;0
a6026b1544;2;grassroot;0;1
0fd3570c7a;1;grassroot;0;1
e7ef5f4d46;10;grassroot;0;3
d4ae29c85c;69;grassroot;2;0
f9a697cf19;7;grassroot;1;1
237894da65;9;grassroot;0;1
4ada9a81a4;540;grassroot;0;1
19b0df6f60;540;grassroot;1;0
b7a3692d95;70;grassroot;0;1
ab47680cbf;35;grassroot;0;1
880db3de67;541;grassroot;0;2
500ff9684e;541;grassroot;1;0
e99e663fda;541;grassroot;2;3
2d6b555872;541;grassroot;1;0
a9060f1767;541;grassroot;1;0
718a68d8ba;541;grassroot;1;0
c910614954;58;grassroot;0;1
42d2b6ef7c;123;grassroot;0;1
0c007fe2c7;11;grassroot;0;2
2b87a2384a;11;grassroot;3;70
2c395d9cb9;11;grassroot;2;0
781027b4e9;32;grassroot;2;0
d1209137f0;11;grassroot;1;0
3d4719364e;2;grassroot;1;2
34de8b20ff;69;grassroot;5;0
5a126d801b;11;grassroot;1;2
1dfcbb46ac;11;grassroot;1;0
51a9d2f368;11;grassroot;5;3
219412df3d;11;grassroot;1;0
cb3e87a2f5;11;grassroot;1;4
7429c4def7;11;grassroot;4;0
8df7645c32;69;grassroot;3;0
f53340c4e4;11;grassroot;2;0
e2e3c780b1;11;grassroot;3;0
b4ab0b7b73;11;grassroot;3;0
e7f54c2a07;11;grassroot;1;0
b8c1b4383d;11;grassroot;1;0
abece5e50f;11;grassroot;1;0
02bd341a08;542;grassroot;0;1
eeed4c9651;542;grassroot;1;0
e50625e392;86;grassroot;0;1
bece6806cf;2;grassroot;0;2
db63f010bd;13;grassroot;0;1
75c65bef55;15;grassroot;0;1
a6d7095615;543;grassroot;0;1
279c5c0429;543;grassroot;1;0
8459123a65;69;grassroot;0;1
abcee511ce;544;grassroot;0;3
880a0ce729;544;grassroot;1;0
e29adcd995;544;grassroot;1;0
e50fc85ea0;544;grassroot;1;0
8b903ebc34;2;grassroot;0;3
d6128205c3;545;grassroot;0;1
bc94ff129f;545;grassroot;1;0
f072e78fdd;546;grassroot;0;1
6d20bbc685;546;grassroot;1;0
eac5008fe1;547;grassroot;1;1
50d7532586;547;grassroot;1;0
1f1a294883;13;grassroot;0;13
8b71212e3d;13;grassroot;1;0
ca31bf94f3;13;grassroot;1;0
2f7e57d85d;13;grassroot;1;0
b3c37e8753;13;grassroot;1;0
7a3fe2ed12;13;grassroot;3;0
0a2fcc09b7;13;grassroot;6;0
9a79d7f8a7;548;grassroot;0;1
6be83a3683;548;grassroot;2;0
beed6b738f;10;grassroot;0;1
8880942cf8;549;grassroot;0;1
57bf78a29c;549;grassroot;1;0
59b197b1d5;11;grassroot;0;1
7c929981fc;550;grassroot;0;2
be68f91048;550;grassroot;1;0
ca273046e5;550;grassroot;1;0
8215111525;12;grassroot;0;2
952440be4e;2;grassroot;0;1
d2ebe84f68;123;grassroot;0;3
9d85edbdfd;123;grassroot;1;0
b0b1f2f174;123;grassroot;1;0
288c5526b3;49;grassroot;0;1
e1fc19890a;2;grassroot;0;2
25b50991f4;2;grassroot;1;0
b71e1da820;551;grassroot;0;1
970f76e95c;551;grassroot;2;0
dce5053182;11;grassroot;0;2
69578f9dba;6;grassroot;0;1
4f82a5e14a;42;grassroot;0;4
5d812200a7;42;grassroot;1;0
cfae51dc75;7;grassroot;0;1
b3017f3ef6;9;grassroot;0;1
0ee9088141;552;grassroot;0;1
aac1a38fa9;552;grassroot;1;0
c5fd2af950;438;grassroot;0;1
7c8f3004e1;32;grassroot;0;1
04158ed2af;3;grassroot;0;1
0d52ad5abd;12;grassroot;0;1
54e9eac790;12;grassroot;6;0
4b255a09d7;104;grassroot;0;1
2470159c5a;69;grassroot;0;1
e8a7e0ad10;28;grassroot;0;1
d8800f67a7;12;grassroot;0;1
c7ce6f7dcb;2;grassroot;0;2
2b98c48de1;2;grassroot;1;0
887c0d212f;42;grassroot;0;1
86fe30b468;42;grassroot;4;0
04ce3282b1;6;grassroot;0;2
784b05c9c6;6;grassroot;0;3
9cc1deb721;6;grassroot;2;0
5579eb4223;6;grassroot;2;1
9ff73dc8c1;6;grassroot;2;0
1ef15e8e0b;74;grassroot;0;1
e620500c73;11;grassroot;0;3
ce928037e2;7;grassroot;0;1
3aa35b3b79;35;grassroot;0;1
64cbf9d95d;553;grassroot;0;3
a8ea1af119;553;grassroot;1;0
842ba545ce;553;grassroot;1;0
21d6e97d4a;553;grassroot;1;0
702b7c4d05;12;grassroot;0;1
c499b24438;35;grassroot;0;1
6c8cdcaac1;2;grassroot;1;2
946adb2ff5;115;grassroot;0;2
f8688cfab4;7;grassroot;0;1
2de19c4b44;85;grassroot;0;1
66d39410b0;3;grassroot;0;1
741997c72d;2;grassroot;0;4
835315f9fe;554;grassroot;0;1
886ac174a7;554;grassroot;1;0
f37567ded5;232;grassroot;0;1
af080c585a;10;grassroot;0;1
e4bcbe610e;555;grassroot;0;1
12ccb22122;555;grassroot;1;0
a26a93a5fc;2;grassroot;0;7
9a051bf6c0;247;grassroot;0;1
61c74b7264;556;grassroot;0;1
c865ee47fe;556;grassroot;1;0
96dd37a3f9;7;grassroot;0;1
80966e540c;8;grassroot;0;1
fdd6891922;2;grassroot;0;1
d1b27ea47a;123;grassroot;0;1
ea4b5f764f;70;grassroot;0;2
e58837a996;10;grassroot;0;1
0ccee1021a;210;grassroot;0;3
5c2af42b2c;210;grassroot;4;0
99a11b64e2;51;grassroot;0;50
5c36f1716b;11;grassroot;0;2
82c177483b;11;grassroot;1;0
e6e980b131;7;grassroot;0;3
26f1126adb;7;grassroot;1;0
a5b68f770d;7;grassroot;1;0
c6692ff5fe;557;grassroot;0;1
3ba483fbb1;557;grassroot;1;0
0e08c63222;558;grassroot;0;1
31471dcab1;558;grassroot;2;0
a7534217db;14;grassroot;0;2
271ba3daee;14;grassroot;1;0
65f8acbdaf;1;grassroot;1;1
f2e81d8157;2;grassroot;0;1
a9818fec72;10;grassroot;0;1
e33233e9d1;69;grassroot;0;10
618c55626a;9;grassroot;3;0
bd66d31261;11;grassroot;0;1
8987a67b37;2;grassroot;0;5
f14705eb11;2;grassroot;1;8
8639eb03d1;2;grassroot;1;3
9d0cedd670;10;grassroot;0;3
d4c7d08e1d;559;grassroot;0;1
e33876f282;559;grassroot;1;0
5319c908c2;560;grassroot;0;1
911b403528;560;grassroot;1;0
f7e5593671;561;grassroot;0;1
7bc1ac4674;561;grassroot;2;0
d3c5b5e340;12;grassroot;0;1
7c43f0f392;58;grassroot;0;2
d9b7813efb;562;grassroot;0;1
bdc2abe039;562;grassroot;1;0
28cf5260dd;563;grassroot;0;1
2f0651e330;563;grassroot;1;0
dfc35db50f;3;grassroot;0;2
2f49bbc565;3;grassroot;1;0
06a10e6145;7;grassroot;0;1
f5a86410b5;2;grassroot;0;5
d95865c58c;564;grassroot;0;2
16369e3764;564;grassroot;1;0
9b47482971;564;grassroot;1;0
033ab0d707;565;grassroot;0;1
0f1463ccc8;565;grassroot;1;0
ff2bb50d4b;3;grassroot;0;1
e92f06a208;11;grassroot;0;1
e28b2f5c86;43;grassroot;0;1
54f706bc63;566;grassroot;0;1
e5f67ded28;566;grassroot;1;0
a48128bcb7;7;grassroot;0;1
1088453df5;144;grassroot;0;1
99b487f357;2;grassroot;0;1
4f9dcd82f0;35;grassroot;0;13
f35d2bc99a;10;grassroot;0;1
9f655b10d9;69;grassroot;0;1
1a63c6dbb2;28;grassroot;0;1
f08545bd74;7;grassroot;0;1
5888dc1826;2;grassroot;0;2
f21ef12d77;24;grassroot;0;1
15b7bf8ef4;86;grassroot;0;1
fc58ebf7e2;567;grassroot;0;1
03aa1829ad;567;grassroot;1;0
acc616bc0d;9;grassroot;0;1
93d6ec6a65;568;grassroot;0;1
1cd9928ee9;568;grassroot;1;0
014ce3bed5;7;grassroot;1;1
c60e4f25f4;402;grassroot;0;1
f11d5c2348;569;grassroot;0;1
c25b394227;569;grassroot;1;0
6273de3bbf;570;grassroot;0;1
320817bb60;570;grassroot;1;0
f14563678c;9;grassroot;0;9
c9a3ffb518;9;grassroot;3;0
c11803b9a8;571;grassroot;0;2
95cde47a15;571;grassroot;1;0
37fee42d65;571;grassroot;1;0
89f9384855;7;grassroot;0;3
4908e2fdbf;7;grassroot;4;0
14c5034ba8;10;grassroot;0;1
1fce0e4bb7;7;grassroot;0;1
04e871c8ee;70;grassroot;0;1
2515a8eba4;572;grassroot;0;6
db2035d513;572;grassroot;1;0
9f2f1b7c23;572;grassroot;1;0
8b768d286a;572;grassroot;1;0
6e23cd14c7;572;grassroot;1;0
4d8f723408;572;grassroot;1;0
7572754586;572;grassroot;1;0
47a031c930;573;grassroot;0;1
ded9b21e92;573;grassroot;1;0
15a1a7cd69;574;grassroot;0;1
b65a38ead2;574;grassroot;2;0
2d61fda68e;9;grassroot;0;2
aee4ed666b;2;grassroot;0;3
c001b3cf84;24;grassroot;0;2
fd46a3acca;24;grassroot;1;0
2a38694d23;69;grassroot;0;3
b7c34d2940;2;grassroot;0;2
6685137605;69;grassroot;0;4
8416dbd78e;10;grassroot;0;2
ba862d318c;2;grassroot;0;5
094553ed4a;2;grassroot;1;2
2b2a018152;43;grassroot;0;7
230c8a4a66;43;grassroot;1;0
81c85b7a79;43;grassroot;1;0
14bec972a2;2;grassroot;0;8
b03e5a225d;12;grassroot;0;1
8c2570aa35;13;grassroot;0;1
8c7727933f;575;grassroot;0;1
6d2adb1c75;575;elite/political;1;0
fddb375eda;576;grassroot;0;1
58335d1e3a;576;grassroot;1;0
d280ea0540;577;grassroot;0;4
8a5f58fd61;577;grassroot;7;0
30680b22e4;11;grassroot;0;1
71effbbdb8;127;grassroot;0;11
839cb4507e;127;grassroot;2;0
05ed1b5e87;127;grassroot;1;0
0662a22e06;127;grassroot;1;0
6e3a8b6f21;70;grassroot;0;7
8ce2759d2f;70;elite/political;1;0
a7f3a0dd2b;86;grassroot;0;1
319fc2e731;86;grassroot;0;1
4adf1dcd6d;12;grassroot;0;1
34dcb468b9;86;grassroot;0;2
8b2305cc51;86;grassroot;1;0
7b42f2e4e0;7;grassroot;0;1
9bff7a7f1c;10;grassroot;0;1
6459acc9b3;4;grassroot;0;1
d87f7f93eb;3;grassroot;0;2
27de55c177;3;grassroot;1;0
ff56331c51;32;grassroot;0;1
fcb0187116;578;grassroot;0;1
2b2de83604;578;grassroot;1;0
e90e0bdaa9;123;grassroot;0;1
1604be7d73;11;grassroot;0;5
c3112dff65;11;grassroot;1;0
beb1d4a5da;11;grassroot;1;0
6f4b5fb3fe;11;grassroot;1;0
467be1e3cc;1;grassroot;0;2
95d021df81;1;grassroot;1;0
cadabfe36f;58;grassroot;0;1
ec4bc32c01;579;grassroot;0;4
6b1eee4239;579;grassroot;1;0
e1e3cdc4f0;579;grassroot;1;0
0e4beefa90;579;grassroot;1;0
c611ffbb35;579;grassroot;1;0
43d124b801;2;grassroot;0;1
076e7f4484;43;grassroot;0;1
f3740fa7dc;210;grassroot;0;1
9dd8ecfa3d;49;grassroot;0;1
9f1e50f56d;9;grassroot;0;2
ae3ff95081;9;grassroot;1;0
69de5d96ee;232;grassroot;0;1
acf3b530c8;6;grassroot;0;2
7cc6e5ec73;580;grassroot;0;1
9e87d987c5;580;grassroot;1;0
66c5466b8a;6;grassroot;0;1
acef85f4e9;581;grassroot;0;1
80c778d2f6;581;grassroot;1;0
5d1f945666;582;grassroot;0;1
a45e37b80e;582;grassroot;2;0
1c2e96dd2c;583;grassroot;0;1
08a658c7ac;583;grassroot;1;0
1b527cbc46;12;grassroot;0;1
2bb7becbaf;9;grassroot;0;1
9d73851563;14;grassroot;0;2
f8ddebe85b;584;grassroot;0;1
075a338197;584;grassroot;1;0
1e4fb2f61b;585;grassroot;0;1
db763096d3;585;grassroot;1;0
3ae1806e2d;586;grassroot;0;1
48fe099df4;586;grassroot;1;0
7fd93bf5c7;541;grassroot;0;2
c42cce3d8b;541;grassroot;1;0
a1c1def2f4;587;grassroot;0;1
52d65464ec;587;grassroot;1;0
a71ecf1083;7;grassroot;0;1
d1dbef43a5;58;grassroot;0;1
93108ff01f;58;grassroot;3;0
55cec02fd7;588;grassroot;0;1
65879d9a93;588;grassroot;1;0
b0927cea6a;85;grassroot;0;1
55333d9616;13;grassroot;0;1
45111b827c;7;grassroot;0;1
37542a1224;86;grassroot;0;2
5754cf2b83;589;grassroot;0;1
f58702857b;589;grassroot;2;0
b9522776f7;2;grassroot;0;1
f76ddf55c5;11;grassroot;0;2
154099fbaa;70;grassroot;0;1
b3198e8f96;1;grassroot;0;1
72738084e9;1;grassroot;0;1
ad5804b331;11;grassroot;0;5
0d4479fb63;11;grassroot;1;0
3b1fff1bb6;2;grassroot;1;4
2d1ad223a6;2;grassroot;4;0
79b96c19f4;12;grassroot;0;1
336e93b89d;590;grassroot;0;1
8dc48fe805;590;grassroot;1;0
dba197349b;9;grassroot;0;1
beff0b8ec9;8;grassroot;0;1
96db6d056a;591;grassroot;0;1
59dcbc3b24;591;grassroot;2;0
c031f1e7e1;592;grassroot;0;1
be463f9c00;592;grassroot;1;0
751ec1a1d6;593;grassroot;0;1
57033658d8;593;grassroot;1;0
63714b9da5;9;grassroot;0;1
02c715f366;24;grassroot;0;2
e8b951b1ee;24;grassroot;1;0
b2f3a70129;594;grassroot;0;1
f427f4354b;594;grassroot;1;0
a8a78bc21b;595;grassroot;0;1
66b6c2347b;595;grassroot;1;0
80d0ec2bd2;596;grassroot;0;4
793da06a9d;596;grassroot;1;0
17ec9769bd;596;grassroot;1;0
55c861fb85;596;grassroot;1;0
8a53d40964;596;grassroot;1;0
4b45a9e817;597;grassroot;0;1
268108a1f4;597;grassroot;1;0
58f58b5c70;598;grassroot;0;1
c456128756;598;grassroot;1;0
d58f3ea19c;11;grassroot;0;1
5688bc1d58;11;grassroot;0;1
b752d5c05b;3;grassroot;0;1
2c10087862;16;grassroot;0;1
877fc0b312;58;grassroot;0;1
42fa619328;13;grassroot;0;1
2f2ff0d753;9;grassroot;0;1
ed5337f4d0;11;grassroot;0;1
4990e24c69;123;grassroot;0;1
8729cf2725;2;grassroot;0;2
679f7ff52c;70;grassroot;0;1
e2c8152c4f;2;grassroot;0;6
1183ae8ce6;74;grassroot;4;2
42d92eeb33;2;grassroot;1;0
2d76b8648c;74;grassroot;1;0
f0e5e0628c;2;grassroot;0;1
fc3ab17ec1;2;grassroot;0;3
53b37cf189;16;grassroot;0;3
40faea2a01;86;grassroot;0;2
e84a7a9fea;86;grassroot;1;0
b5d3a8d68e;599;grassroot;0;1
0809faad46;599;grassroot;2;0
0f39e57a68;58;grassroot;0;1
a24ff4fe10;600;grassroot;0;1
b061d2e635;600;grassroot;1;0
106b40f259;8;grassroot;0;1
a6e9bdd0db;8;grassroot;4;0
7c942f152d;69;grassroot;0;2
735cb0f3a7;9;grassroot;0;2
feaefdc2ae;9;grassroot;1;0
37d6a3c59d;471;grassroot;0;2
5278f3fbf2;471;grassroot;1;0
3d6e693731;3;grassroot;0;2
766ffa648a;3;grassroot;1;0
d5884d1678;7;grassroot;0;1
ac61c6c5e0;49;grassroot;0;1
0388558920;2;grassroot;0;1
1fbd0b3ed1;5;grassroot;0;7
4b81b002f2;5;grassroot;2;0
0286bf1d9d;7;grassroot;0;1
87451f9edc;51;grassroot;0;1
a2a239186a;601;grassroot;0;1
10d4e0f0b6;601;grassroot;1;0
504da5aa4a;602;grassroot;0;2
bf0ba3dab1;602;grassroot;1;0
131b5970ef;602;grassroot;1;0
5fff8a55b0;12;grassroot;0;1
fff0ee732d;603;grassroot;0;1
baca4179e6;603;grassroot;1;0
6e9b8792ee;604;grassroot;0;1
ef25ef4f1e;604;grassroot;1;0
04f341e080;86;grassroot;0;3
f4545e6730;86;grassroot;1;0
eee582db03;86;grassroot;1;0
8f2ebc212c;51;grassroot;0;12
0fdf15416b;51;grassroot;1;0
387255453d;51;grassroot;1;0
6287cdd18d;51;grassroot;1;0
9d1b2bc8dd;605;grassroot;0;1
09efa68d3d;605;grassroot;1;0
a28738ee2d;2;grassroot;0;2
5322608941;2;grassroot;2;0
a2855e7abb;7;grassroot;0;1
aa73b101c8;606;grassroot;0;1
125e74f9e8;606;grassroot;1;0
1d09487ce5;9;grassroot;0;1
d80dc527f7;58;grassroot;0;1
d59646e169;3;grassroot;0;1
400415f8bb;49;grassroot;0;3
4ac805b9c2;11;grassroot;0;1
2c0ef4b015;607;grassroot;0;1
289872c008;607;grassroot;1;0
0381fd414c;608;grassroot;0;1
4adf4b6e3c;608;grassroot;1;0
423995690e;86;grassroot;0;1
8a47d2911a;609;grassroot;1;1
005b420075;609;grassroot;1;1
8d9bd72614;9;grassroot;0;1
eea4fd6765;610;grassroot;0;2
9672e34d50;610;grassroot;2;0
098e1b9ffc;610;grassroot;1;1
ba7508681e;11;grassroot;2;1
e71a4f244d;611;grassroot;0;1
907c3c1c20;611;grassroot;1;0
ff3b70e2b3;69;grassroot;1;5
c5410e5882;69;grassroot;1;1
c90b015d43;69;elite/political;1;0
3e571d4f98;69;grassroot;1;0
5e27fdc9eb;49;grassroot;0;2
e9fb889d4f;49;grassroot;1;0
fbd7131691;3;grassroot;0;2
3612252360;612;grassroot;0;1
5477daf830;612;grassroot;1;0
3a3364c306;210;grassroot;0;1
6ee41697b5;10;grassroot;0;1
59022c318b;3;grassroot;0;1
bdc187bebb;2;grassroot;0;2
fae536bca0;3;grassroot;1;1
663e411796;3;grassroot;4;0
6c97b5d1c2;12;grassroot;0;1
45418c9859;7;grassroot;0;1
c1cf88e231;58;grassroot;0;2
a024ae2c99;58;grassroot;1;0
d500454e60;16;grassroot;0;3
2fc9adb224;74;grassroot;0;1
94f752f438;16;grassroot;0;1
945e82c290;2;grassroot;0;1
186f3a88aa;4;grassroot;0;11
19eef33993;4;media/news;1;0
e4eb65ba1a;2;grassroot;0;3
e7d893658a;613;grassroot;3;2
fcaf526df2;613;grassroot;1;0
0f48465b2a;613;grassroot;8;0
e5b08008b7;614;grassroot;0;1
0986e8cd43;614;grassroot;3;0
fb94b20c58;86;grassroot;0;1
9ae7f93315;615;grassroot;0;1
1815ed4934;615;grassroot;1;0
c79ee931e5;43;grassroot;0;2
a0c0d77ffb;43;grassroot;1;1
4b0511db13;123;grassroot;0;3
f091efa676;123;grassroot;1;0
05a634a40e;616;grassroot;0;1
6d94e0d491;616;grassroot;1;0
13237af1e7;49;grassroot;0;1
cddacbc18e;10;grassroot;0;1
c75357cd9d;365;grassroot;0;1
aaf683df0b;197;grassroot;0;1
c7a0e90476;86;grassroot;0;1
65cecb8287;617;grassroot;0;1
ed33c5fa88;617;grassroot;1;0
2576314cfb;123;grassroot;0;1
76eab32ef3;618;grassroot;0;1
1260f632a5;618;grassroot;1;0
860e5c455b;619;grassroot;0;1
03cf3f7fa2;619;grassroot;2;0
aaf719264e;24;grassroot;0;1
2646c6b39c;2;grassroot;0;1
a9a5e40890;620;grassroot;0;1
b97ad2764b;620;grassroot;2;0
8d8eb96c50;621;grassroot;0;1
b3b945f30b;621;grassroot;1;0
be69fcbcc7;622;grassroot;0;1
09f751db37;622;grassroot;1;0
503e687a69;7;grassroot;0;1
9d01213e60;7;grassroot;4;0
0e2463497f;11;grassroot;0;1
d70d3945e6;16;grassroot;0;2
c9de374aa9;623;grassroot;0;1
32ef7c11c2;623;grassroot;1;0
d0b8dfeb87;10;grassroot;0;1
0f2fd75125;152;grassroot;0;5
a76c7322cd;152;elite/political;2;1
95003e6def;152;grassroot;1;0
cf8ddb6a41;152;media/news;3;0
a1bb223239;152;grassroot;1;1
b58c9270fe;152;grassroot;2;0
c36fc3a2f7;7;grassroot;0;1
148a00f703;3;grassroot;0;1
4bd51a1db9;624;grassroot;0;1
85600cbd52;624;grassroot;1;0
de92c87eae;51;grassroot;0;1
844de18574;9;grassroot;0;3
7b3d4e57d2;58;grassroot;0;5
a01517e537;58;grassroot;1;0
d5a2a2bd21;58;grassroot;1;0
8839038ee4;58;grassroot;1;0
90cb7bb1ca;625;grassroot;0;1
83da3e06c3;625;grassroot;3;0
87c754c331;8;grassroot;0;2
f672071d9c;8;grassroot;1;0
30bb0d2e11;626;grassroot;0;1
32e0efd0c1;626;grassroot;4;0
a35d44944a;627;grassroot;0;1
658eebfd59;627;grassroot;1;0
0733ef9ca5;3;grassroot;0;1
0562d0c2a6;6;grassroot;0;1
981664367c;11;grassroot;0;1
1f1412ebbb;35;grassroot;0;11
263d268605;86;grassroot;0;1
ca3c05b07c;3;grassroot;0;1
5ca16d7766;628;grassroot;0;2
5cec9cb260;628;grassroot;1;0
d7016b32ae;628;grassroot;1;0
809bfe549d;11;grassroot;0;1
0f7339659d;629;grassroot;0;1
54a88f2a34;629;media/news;1;0
d43dcfad14;2;grassroot;0;2
328d27d8f6;86;grassroot;0;4
e3dbc69d71;86;grassroot;1;2
0022ccdcea;86;grassroot;1;0
93c96db551;86;grassroot;1;0
d2d8c8d550;9;grassroot;0;1
50aae31679;13;grassroot;0;1
147de1064b;630;grassroot;0;2
cadcf465b9;630;grassroot;1;0
e9bb8d29d7;630;grassroot;1;0
174b08fb51;6;grassroot;0;6
d68314dc43;631;grassroot;0;1
808553b25f;631;grassroot;1;0
fa53889ff6;1;grassroot;0;1
0479ab1027;12;grassroot;0;1
000495a88b;1;grassroot;0;1
cceef30cdc;10;grassroot;0;1
18a3fda92c;43;grassroot;0;1
29f15d5948;10;grassroot;0;1
18ba0f83f8;221;grassroot;0;1
73a4354733;632;grassroot;0;1
980e07be44;632;grassroot;1;0
8ab2ad1e22;12;grassroot;0;1
bbd4a2edcc;15;grassroot;0;2
0f232c8b79;84;grassroot;0;2
ee5ab62e14;84;grassroot;1;0
a66235f7a0;32;grassroot;0;1
941c6be404;2;grassroot;0;1
8114e7c320;9;grassroot;0;2
6c3b9d2e98;633;grassroot;0;1
a86b02ed56;633;grassroot;1;0
6449e33fba;3;grassroot;0;1
c2f13e4cbf;7;grassroot;0;7
37bc60d534;10;grassroot;0;1
8c354d190c;42;grassroot;0;2
0f1f55faea;634;grassroot;0;2
4310db92f3;634;grassroot;3;0
d2d1b8e612;634;grassroot;1;0
f291768be8;7;grassroot;0;1
af77eb695c;70;grassroot;0;3
44ea2e84b1;7;grassroot;0;2
da05e53867;16;grassroot;0;2
749aa807a8;12;grassroot;0;3
c2d57aa443;58;grassroot;0;3
59d6d9745d;58;grassroot;1;1
a1e73f23bd;58;grassroot;1;0
d459389061;69;grassroot;0;1
d5e0f84e39;9;grassroot;0;1
b77cc321d4;9;grassroot;7;0
ea0c2d035a;635;grassroot;0;2
cea8e80add;635;grassroot;1;0
94fd44e930;635;grassroot;1;0
f1b51637f9;1;grassroot;0;1
4ef265f613;2;grassroot;0;1
86317decee;4;grassroot;0;1
1e928555f8;123;grassroot;0;1
4552ed612b;636;grassroot;0;1
dabedf67b3;636;grassroot;1;0
9cfc441dfc;3;grassroot;0;1
b3b7083a99;3;grassroot;3;0
caed1e15bb;637;grassroot;0;1
d1b70409a7;637;grassroot;1;0
42811cb75d;2;grassroot;0;3
13474bdadc;86;grassroot;0;2
a2ade007ee;86;grassroot;1;0
3176ce4a21;638;grassroot;0;1
c082acd859;638;grassroot;1;0
b7e9cb73ce;39;grassroot;0;2
f9bc95c479;39;grassroot;1;0
6d6009c8a6;83;grassroot;0;2
f39ab085f5;83;grassroot;1;1
091c8d3bab;3;grassroot;0;2
ca18016af2;1;grassroot;0;1
b8314fae41;3;grassroot;0;1
68a80c1089;210;grassroot;0;1
4a92a3236b;639;grassroot;0;1
fb0e22f542;639;grassroot;2;0
72cb70f70c;24;grassroot;0;1
048d83c989;344;grassroot;0;1
4b78a1396e;12;grassroot;0;1
2c0df48c3b;9;grassroot;0;1
cf948db0b5;12;grassroot;0;3
0e19ac4a4a;12;grassroot;1;0
4cbc2f367a;640;grassroot;0;1
00165dcde0;640;grassroot;2;0
b436f88266;24;grassroot;0;1
f1e06b6b0a;7;grassroot;0;1
516d8e632c;641;grassroot;0;1
b4dbe6cf55;641;grassroot;1;0
a0c47f3ffc;2;grassroot;0;2
90f019af2c;642;grassroot;0;1
0c369107e1;642;grassroot;1;0
3b03daf3fc;7;grassroot;0;1
aeca6c2929;643;grassroot;0;2
39e5b55725;643;grassroot;1;0
bda5147973;643;grassroot;1;0
3f364f4dab;23;grassroot;0;1
ec2ae1dc6e;561;grassroot;0;1
07d7ce50d3;644;elite/political;0;1
76c57c6086;644;grassroot;1;0
fed1b9b3b9;10;grassroot;0;1
f64eee5f29;2;grassroot;0;1
ec22b957cf;2;grassroot;3;0
d448a3074a;645;grassroot;0;1
0340543437;645;grassroot;1;0
6ff73a1c3f;9;grassroot;0;49
982fb4b63b;9;grassroot;1;0
b073fdb5fe;9;grassroot;1;0
146eed1e66;9;grassroot;1;0
ca734d68e8;9;grassroot;4;1
a76e49ac2e;9;grassroot;1;0
38129a6c16;2;grassroot;2;0
5d5510dfa7;9;grassroot;1;0
7fa6b98a22;9;media/news;1;0
71cb9512c8;12;grassroot;0;1
ff11ddf728;13;grassroot;0;1
643a534c84;216;grassroot;0;1
de95619003;7;grassroot;0;1
038e943a07;646;grassroot;0;1
aa90e9f191;646;grassroot;1;0
92914b396d;92;grassroot;0;1
82e125f2f9;647;grassroot;0;1
b225735f7c;647;grassroot;1;0
9454dddf45;2;grassroot;0;1
bd4791799d;42;grassroot;0;3
35869c6eab;42;grassroot;2;0
50a8debfba;32;grassroot;1;3
2777c17c33;32;grassroot;3;0
e06ce9536a;2;elite/political;4;0
c7d9913059;1;grassroot;0;1
27f3e068e6;7;grassroot;1;0
c8c647b81a;648;grassroot;0;1
2e4c1a6021;648;grassroot;1;0
21ce6e710a;2;grassroot;0;1
c613e7bdb1;49;grassroot;0;3
7708bb53fc;49;grassroot;1;0
bc5e6472d3;649;grassroot;0;1
47380661d1;649;grassroot;1;0
292b72d40d;650;grassroot;0;2
dc229db05f;650;grassroot;1;0
ad7123760c;650;media/news;2;0
6c8c4938a7;13;grassroot;0;1
3b5243a1ae;49;grassroot;0;1
b12e548784;651;grassroot;0;1
4af63b4c70;651;grassroot;2;0
bf17a4e603;652;grassroot;0;1
3159157190;652;grassroot;1;0
b523caac9c;89;grassroot;0;1
8a6521fd77;4;grassroot;0;4
bea1e791ff;653;grassroot;0;1
77cb1c1556;653;grassroot;1;0
f4387498e4;654;grassroot;0;2
f5a60092fa;654;grassroot;1;0
5852e6a324;654;grassroot;1;0
2441e90885;655;grassroot;1;2
33d8817548;655;grassroot;1;0
d291db74a7;655;grassroot;1;1
2c6e860357;35;grassroot;0;1
d542c1269c;656;grassroot;0;1
1d13216577;656;grassroot;1;0
8647d7bbfb;9;grassroot;0;4
7455da5258;9;grassroot;1;0
ccd1ff7221;9;grassroot;1;0
0cfcb74cfb;9;grassroot;1;0
c96c0f89d7;2;grassroot;0;15
d34166fc54;2;grassroot;1;0
b05bd9d016;2;grassroot;1;0
3b9763c7a7;2;grassroot;1;0
05ab78dfd7;2;grassroot;1;0
6752f7e15d;5;grassroot;0;3
9dde2c85c6;5;grassroot;1;0
dba411e1a4;5;grassroot;1;0
98a792df7f;12;grassroot;0;3
14e0883631;12;grassroot;1;0
d25b53c173;9;grassroot;0;1
eba51f68d2;657;grassroot;0;1
433fff9567;657;grassroot;1;0
7601a0302f;488;grassroot;0;1
e48ef1c0af;12;grassroot;1;1
bcb78f7a88;32;grassroot;0;10
f15e7985c9;32;media/news;4;0
4aa08612a8;32;media/news;4;0
a764fec8d8;32;media/news;3;0
2fa0198ecb;32;media/news;4;0
8e1c8cc9dc;32;grassroot;4;0
314658ac07;32;media/news;4;0
d3aef38631;32;media/news;4;0
550c87f148;12;grassroot;0;1
09b7b93fd0;86;grassroot;0;2
2cf35d15e3;86;grassroot;1;0
e9d0d0e914;83;grassroot;0;1
71ce4244c2;70;grassroot;0;1
a95ab4b4aa;1;grassroot;0;2
b71449f29f;49;grassroot;0;1
5417850e69;658;grassroot;0;1
a2d78c3b1d;658;grassroot;1;0
30b4f895a1;32;grassroot;0;1
5652300a97;12;grassroot;0;1
40c17dc0bf;577;grassroot;0;1
a825fb75ff;659;grassroot;0;1
66d5f477fa;659;grassroot;1;0
b5a40550c8;660;grassroot;0;2
bc85bbdc7e;660;grassroot;1;0
5430e69323;660;grassroot;1;0
4b13cd21be;661;grassroot;0;1
e1c89f544b;661;grassroot;3;0
bdfe0f5f49;2;grassroot;0;3
caff98c35f;2;grassroot;0;1
d58b0b7aff;662;grassroot;1;1
cfc9354cb2;662;grassroot;1;0
652c856fb3;663;grassroot;0;1
2bb345029a;663;grassroot;1;0
2f51ff0db6;5;grassroot;0;1
81cb94163a;664;grassroot;0;1
7d1b664ca6;664;grassroot;5;2
c8f1c40d6d;664;grassroot;1;0
d5e5af3c51;664;grassroot;1;0
75b6e45b3d;12;grassroot;0;1
2c224a1757;665;grassroot;0;1
42410e177a;665;grassroot;2;0
67af372460;666;grassroot;0;1
99880e8afa;666;grassroot;1;0
d25876b080;10;grassroot;0;4
a3ed3b5445;10;grassroot;1;0
42b6b68f15;10;grassroot;1;0
2cb3c57d5a;10;grassroot;1;0
6e3708cd24;3;grassroot;0;1
107fffb752;2;grassroot;0;1
4df10c4cf9;10;grassroot;0;1
27b6195f7a;8;grassroot;0;1
e6a48250e3;667;grassroot;0;1
ee30df101c;667;grassroot;1;0
d3adc03d50;10;grassroot;0;1
c96f683064;668;grassroot;0;1
27fb104ae1;668;grassroot;1;0
67ac11dcf1;3;grassroot;0;16
0b30b2086f;3;grassroot;1;0
61fba09fdb;3;grassroot;1;0
501858c4ca;3;grassroot;1;0
286790e481;86;grassroot;0;1
ba354d95ad;58;grassroot;0;1
2f8ac4a6ed;7;grassroot;0;1
8b061fc98d;8;grassroot;0;1
a7767e5810;12;grassroot;0;1
566c8aef4a;6;grassroot;0;3
860e627c28;6;grassroot;2;0
f780ebf687;6;grassroot;2;0
dbe300e304;10;grassroot;0;1
6c6b715f94;10;grassroot;0;1
ddb2e4ed0c;669;grassroot;0;1
98a04808bd;669;elite/political;1;0
fe54d02b96;670;grassroot;0;1
30e89dab9a;670;grassroot;1;0
c8fad482e6;2;grassroot;0;1
9c50a21b4d;69;grassroot;0;3
3178de5ad9;15;grassroot;0;1
2ab466e232;2;grassroot;0;39
927c2d5f41;2;grassroot;1;0
57a59df43a;2;grassroot;1;0
05f9da5fc6;24;grassroot;2;0
a346ac2e2e;2;grassroot;4;0
e1a8aa6895;2;elite/political;1;0
d0d1b99adc;671;grassroot;0;1
9227d8b221;671;grassroot;1;0
88edffef63;24;grassroot;0;5
46eb17a5d3;672;grassroot;0;2
69f9b9434c;672;grassroot;1;0
ea3b13ee57;672;grassroot;1;0
25c7a157d9;9;grassroot;0;2
6b864c1b41;104;grassroot;0;1
b117395e6c;673;grassroot;0;1
7e8a0ea329;673;grassroot;1;1
22c74e4f36;673;grassroot;1;0
d964db56f5;13;grassroot;0;3
5efdf4e1f2;13;grassroot;1;0
572f1bc5d1;13;grassroot;1;0
cfb88883a6;7;grassroot;0;2
8253e449c1;143;grassroot;0;1
420a7919c0;1;grassroot;0;1
d95ea93ee5;10;grassroot;0;2
7e5c9c9898;7;grassroot;0;1
f2fa53f319;13;grassroot;0;1
a1359a9894;86;grassroot;0;1
b4dd2109be;298;grassroot;0;1
7f7b5fce5e;12;grassroot;0;1
a5a96666ad;42;grassroot;0;7
29bee0c02d;42;grassroot;1;0
35894e420e;7;grassroot;0;2
4c0fa62620;7;grassroot;1;0
f2d53c6493;10;grassroot;0;2
732573f961;69;grassroot;0;1
3c7422cec5;10;grassroot;0;1
35e05a9b86;43;grassroot;0;1
3573ebc26b;70;grassroot;0;1
19a6d20f6c;232;grassroot;0;1
7e42702868;10;grassroot;0;1
c5612b926e;58;grassroot;0;2
e13c4e0276;2;grassroot;0;3
c84c4be41b;10;grassroot;0;1
ef18ace812;674;grassroot;0;1
a605f4cbdd;674;grassroot;1;0
a2c17931d1;675;grassroot;0;2
7292ebdccd;675;grassroot;1;0
ee5f30a085;675;grassroot;1;0
b69aff9393;10;grassroot;0;1
eb4a6791ca;171;grassroot;0;1
3474224e45;86;grassroot;0;2
90cb6ad5b0;86;grassroot;1;0
170f3d6b5c;2;grassroot;0;1
7c888b371b;676;grassroot;0;1
69238c3b01;676;grassroot;1;0
a917334936;5;grassroot;0;1
b455ad521d;402;grassroot;0;1
0c2badec5d;10;grassroot;0;1
61df94837f;3;grassroot;0;1
9d882fc56b;70;grassroot;0;1
ea0e826d57;6;grassroot;0;1
6266655545;12;grassroot;0;1
f42bbe07c3;677;grassroot;0;1
993b98adc6;677;grassroot;2;0
6c311d2b88;251;grassroot;0;1
57a87b1eec;43;grassroot;0;1
c034810501;8;grassroot;0;1
7b5e7bcffb;8;grassroot;2;0
1f4bab896b;678;grassroot;0;1
a58149ec19;678;grassroot;1;0
f7860a7d17;679;grassroot;0;2
d7828a3049;679;grassroot;1;0
54ef22b732;679;grassroot;1;0
0191aa5464;11;grassroot;0;2
98a6bc2feb;11;media/news;1;0
24e8b19f95;7;grassroot;2;1
07ec05ecf2;7;grassroot;1;0
1f045bd5fe;83;grassroot;0;1
15f81fe981;7;grassroot;0;1
9014fe36c8;7;grassroot;0;3
f7ba5a02b9;7;grassroot;1;0
f32fedab7c;2;grassroot;0;1
1a6c8d656b;355;grassroot;0;1
3b4f892f07;355;grassroot;1;1
a68313ec4a;15;grassroot;0;2
c55c1956bf;2;grassroot;0;13
019c07bc90;2;grassroot;2;0
2a7aa5a028;2;elite/political;1;0
23ccfd2470;2;grassroot;1;0
bc5d38dad3;2;grassroot;1;0
727861f261;12;elite/political;5;0
10899a0e92;680;grassroot;0;1
455b445551;680;grassroot;1;0
68e2666b1a;2;grassroot;0;1
e0b4f94430;11;grassroot;0;1
fdbb4cb46e;681;grassroot;0;1
bd9d1c8b12;681;grassroot;1;0
ccbc921d14;143;grassroot;0;2
5a33f4253f;143;grassroot;1;0
71d32125fd;11;grassroot;0;1
52fc2ed377;682;grassroot;0;1
f21ae02edc;682;grassroot;1;0
3e158b1fa5;70;grassroot;0;1
c61e664b37;69;grassroot;0;2
f97813e406;12;grassroot;0;1
c2d8f68929;70;grassroot;0;8
b82d6824a1;9;elite/political;5;0
da9fa7dbb3;70;grassroot;1;0
469dce27ca;683;grassroot;0;1
40b94fe862;683;grassroot;1;0
da2e0530da;12;grassroot;0;1
ecbaeb5ce9;684;grassroot;0;1
b24079908d;684;grassroot;1;0
8b5aa93525;10;grassroot;0;1
d96cd50e86;2;grassroot;0;1
ea684c297d;488;grassroot;0;1
d46480e60d;12;grassroot;0;1
cc7c6f650c;74;grassroot;0;2
8baa1ff4ed;2;grassroot;0;1
89793d3c2d;4;grassroot;0;2
2fc3148d15;685;grassroot;0;3
691e5d1abd;685;grassroot;1;0
314b9c4948;685;grassroot;1;0
a4f910b896;685;grassroot;1;0
fbc26c3569;10;grassroot;0;1
c9ab813c45;10;grassroot;1;1
1acf6d259e;42;grassroot;0;2
94f8dce459;2;grassroot;0;4
144c1069c3;686;grassroot;0;1
72cbf47a19;686;grassroot;2;0
3316a1d92c;687;grassroot;0;1
3a7114bb78;687;grassroot;1;0
685d54515c;32;grassroot;0;1
7afa8ed966;58;grassroot;0;2
3749691efe;58;grassroot;1;0
4bf39f0c15;688;grassroot;1;1
69bc12bf9b;688;grassroot;1;1
c7baf8a1b8;24;grassroot;0;2
79975249b0;24;grassroot;2;0
8c2ef37f7c;123;grassroot;0;3
890b017f47;7;grassroot;0;1
c37b4176ab;1;grassroot;0;1
1b78855368;9;grassroot;0;1
eb36f911ec;2;grassroot;1;2
b83f07b815;2;grassroot;1;2
48933e1889;689;grassroot;0;1
28d1e7723f;689;grassroot;1;0
bbdfc210d4;74;grassroot;0;3
329d6eec99;74;grassroot;1;0
fe73076333;690;grassroot;0;1
b2c97f262a;690;grassroot;1;0
d5da0e8c95;4;grassroot;0;1
13419b8004;24;grassroot;0;1
2fcd9bcc5e;691;grassroot;0;1
5f6f6904d1;691;grassroot;1;0
57ef05d2d8;12;grassroot;0;1
693c2673d7;24;grassroot;0;1
66cbec20c3;5;grassroot;0;1
3929a89524;33;grassroot;0;2
6740e93555;33;grassroot;1;0
f8eacd85ef;692;grassroot;0;1
d63eaebf67;692;grassroot;1;0
616bc866bf;449;grassroot;0;1
74eeee7608;693;grassroot;0;1
bf3fd5d4cb;693;grassroot;1;0
7f6741a255;694;grassroot;0;1
59485ce523;694;grassroot;1;0
a87a8c01c3;9;grassroot;0;7
db6bb04f9d;9;grassroot;1;0
597d7ef3de;9;elite/political;2;0
1b9b6d2d95;9;grassroot;3;0
0daf28031a;695;grassroot;0;1
3fd80def6c;695;grassroot;1;0
0f93494180;696;grassroot;0;1
dfa4b5873e;696;grassroot;1;0
0101664c99;6;grassroot;1;1
371d0a655d;3;grassroot;0;1
66a10c7b4e;121;grassroot;0;2
510fe7e51a;697;grassroot;0;1
e83658d12c;697;grassroot;1;0
dbde6d615b;89;grassroot;0;1
1d188c1265;698;grassroot;0;1
46ddc86a1b;698;grassroot;1;0
b5ef370f3c;699;grassroot;0;1
9ed0479f83;699;grassroot;1;0
ef5cd582af;49;grassroot;0;1
06d6759e0f;3;grassroot;0;1
83781a7763;8;grassroot;0;2
8687704cc5;700;grassroot;0;2
254fb6477f;700;grassroot;1;0
b16c0344fd;700;grassroot;1;0
b604f54d9a;701;grassroot;0;1
6dcf68f6a8;701;grassroot;1;0
7d3f99c3eb;3;grassroot;0;3
6a6bb92012;2;grassroot;0;1
dd2654a019;702;grassroot;0;1
cff3189f13;702;grassroot;1;0
e544aa6c12;2;grassroot;0;1
aea34620f6;703;grassroot;0;1
710ca2f14e;703;grassroot;1;0
619b242a3c;704;grassroot;0;1
c552366585;704;grassroot;1;0
cbd6425983;13;grassroot;0;1
7d0a251f0c;9;grassroot;0;7
f476b9aea2;11;grassroot;0;1
3fea2cdbb7;9;grassroot;0;1
ade2aa28ed;705;grassroot;0;1
745954e9df;705;grassroot;1;0
a03255b7ff;706;grassroot;0;1
0e3b57a2f2;706;grassroot;1;0
3e73d26959;7;grassroot;0;4
7cee3cd5fe;7;grassroot;1;0
2afd3e6ade;7;grassroot;1;0
dd32a82859;11;grassroot;0;1
22b492dc37;707;grassroot;0;1
094adcec59;707;grassroot;1;1
74554155fb;707;grassroot;1;0
5148abd178;7;grassroot;0;1
68c36638a1;11;grassroot;0;3
9ce48610fd;7;grassroot;0;1
6d50cfe5c0;89;grassroot;0;1
c7125b576d;708;grassroot;0;1
1c5355c751;708;elite/political;2;0
e7b782446e;709;grassroot;0;1
fbb1cb3165;709;grassroot;2;0
35a61321d5;12;grassroot;0;1
e274d91bb2;7;grassroot;0;2
9b3ef27bef;2;grassroot;0;1
7634288c30;3;grassroot;0;1
6a261eff1f;9;grassroot;0;1
3035d33cd6;9;grassroot;2;0
ce3e68bb33;710;grassroot;0;1
867d54b05d;710;grassroot;1;0
186c6e3cf1;7;grassroot;0;2
38a1652a48;7;grassroot;1;0
ef3b20d3f0;8;grassroot;0;1
a87acdeb51;2;grassroot;0;1
ff9797e8e5;711;grassroot;0;1
72c8884899;711;grassroot;1;0
01b333e423;1;grassroot;0;3
bd74190b5c;49;grassroot;0;2
80e3c9ff82;49;grassroot;1;0
5dbb9af473;123;grassroot;2;4
baa66724d4;123;grassroot;1;0
d0d98637f3;123;grassroot;1;0
67250d1c07;123;grassroot;1;0
a99a330258;12;grassroot;0;1
57c603966f;2;grassroot;0;3
2212021d51;712;grassroot;0;1
8a730b64b1;712;grassroot;1;0
bcbbf002ad;713;grassroot;0;1
9d4c2b7f8b;713;grassroot;1;0
9527a6f5fa;24;grassroot;0;1
1b9a8cf945;86;grassroot;0;1
7601f061b0;35;grassroot;0;1
cbb27c6725;42;grassroot;0;2
73fcddb607;714;grassroot;0;2
0fa56a8704;714;grassroot;1;0
ce780bfc90;714;grassroot;1;0
a51800f1c2;8;grassroot;0;2
ab1b39501d;8;grassroot;4;0
094db28c56;7;grassroot;0;1
555fe7538d;715;grassroot;0;1
57241d95a9;715;grassroot;1;0
86bad18cd7;7;grassroot;0;1
414b6a34c6;14;grassroot;0;1
8be4a07297;123;grassroot;0;1
c7c24a7452;2;grassroot;0;1
a823761187;1;grassroot;0;1
d6b74ecbc2;716;grassroot;0;1
5174609854;716;grassroot;1;0
9c41736af7;86;grassroot;0;1
a0270f05b0;9;grassroot;0;1
ba1aefc7a1;2;grassroot;1;1
ed5eb00469;32;grassroot;0;1
94cc784aa2;4;grassroot;0;1
a9c35a129c;9;grassroot;0;1
8c9027e81d;81;grassroot;0;1
13edd9826d;7;grassroot;0;3
84de5cea2d;7;grassroot;1;0
e632cf3d84;7;grassroot;1;0
cf7c327e8d;717;grassroot;0;1
fa86e9f8a6;717;grassroot;1;0
db898c8cf4;1;grassroot;0;1
b829637bc2;54;grassroot;0;1
854b4249bb;86;grassroot;0;1
43d908f051;718;grassroot;0;2
6010967702;718;grassroot;1;0
d5ef257e4d;718;grassroot;1;0
3fd6573736;2;grassroot;0;2
a2977951c5;2;grassroot;1;0
3d1d7a7b19;43;grassroot;0;3
e011ee1fe6;2;grassroot;0;1
6b9488d19c;7;grassroot;0;5
bbb9f916b5;7;grassroot;1;0
cb5caf32f0;7;grassroot;3;1
4ca2dd003f;15;grassroot;0;10
afce82275b;15;grassroot;1;0
31015d91c6;15;grassroot;1;0
3103156bec;15;grassroot;1;0
75e5e7356a;15;grassroot;1;0
24ce559437;15;grassroot;1;0
9782fb64f6;15;grassroot;2;0
8837c9ab96;15;grassroot;1;0
3eecc8d4c7;11;grassroot;0;1
915d4288e4;719;grassroot;0;1
2e0a0fc68a;719;grassroot;1;0
cc9645c907;7;grassroot;0;3
344d511033;7;grassroot;1;12
6ada292575;7;media/news;1;0
5477be4e0f;7;media/news;1;0
3789134ab4;7;media/news;1;0
becc71b03a;7;grassroot;1;0
f165352b20;7;grassroot;3;0
146ea9522b;8;grassroot;0;3
830cf7a34b;8;grassroot;1;0
f540cbf211;720;grassroot;0;1
a6b8895f2a;720;grassroot;1;0
17d513c798;43;grassroot;0;1
3f6f5f6645;42;grassroot;0;1
ed3c81e52f;721;grassroot;0;1
b506bd5854;721;grassroot;1;0
7ca2e6272e;9;grassroot;0;2
eff27a93f4;12;grassroot;0;2
c94cdd712c;2;grassroot;0;4
97b0d4ea48;14;grassroot;0;1
27525d5ee2;9;grassroot;0;11
e0a5d8314f;42;grassroot;3;0
ab0e12150e;9;grassroot;2;0
62f107dbcd;1;grassroot;0;1
a168ff74b1;43;grassroot;0;1
95284ac810;43;grassroot;3;1
9c8e6b7b83;722;grassroot;0;1
9e60735fb9;722;grassroot;1;0
e9f18c2767;12;grassroot;0;2
5e06ea10fd;723;grassroot;0;1
5cf664bae4;723;grassroot;1;0
6bc7be1ca9;2;grassroot;0;1
a344d579d4;724;grassroot;0;1
6d60edf9b4;724;grassroot;1;0
ed8f54c81e;143;grassroot;0;4
0929fd58c7;143;grassroot;1;0
e533221026;143;grassroot;1;0
766738bde1;143;grassroot;1;0
915ce154e3;725;grassroot;0;1
77efe11fe5;725;grassroot;1;0
2888cf6bc6;12;grassroot;0;1
578b1d4bbe;2;grassroot;0;1
f51d3cec96;2;grassroot;0;7
8607e10624;2;elite/political;1;0
738547df1b;58;grassroot;0;2
5da37b26e3;58;grassroot;1;0
5ab5af4ec5;11;grassroot;0;4
b3a0635c5e;11;grassroot;1;0
af13f77c0f;2;grassroot;0;1
60d9bc4e0d;35;grassroot;0;1
e8d9274fbf;7;grassroot;0;1
806ba9ddd4;5;grassroot;0;2
4a15ba7e82;726;grassroot;0;1
ecf36cecd0;726;grassroot;3;0
1d2b432223;49;grassroot;0;1
431ca9ef3a;152;grassroot;0;1
704c2d6352;727;grassroot;1;1
127d210d34;727;grassroot;1;1
12aafae519;9;grassroot;0;1
8aa0c2a366;2;grassroot;0;1
50f5142ef2;10;grassroot;0;4
0fc73aca86;728;grassroot;0;1
697b5f09ab;728;grassroot;1;0
471609d73e;3;grassroot;0;1
075abccb10;10;grassroot;0;1
501ae55909;7;grassroot;0;4
fffbd6a31d;7;grassroot;2;0
2b9a028101;7;grassroot;0;14
f9ca7a295d;7;grassroot;1;0
1377cf381e;7;grassroot;1;0
22f04ab9d0;7;grassroot;1;0
ecd28d2c69;7;grassroot;1;0
43500cd997;7;media/news;2;0
c36ecc68d5;7;grassroot;0;1
9319b5f06c;729;grassroot;0;1
b6339833e5;729;grassroot;1;0
4ab06e132e;9;grassroot;0;1
99d7c28d71;58;grassroot;0;1
fa45489932;12;grassroot;0;2
0cd68e032d;1;grassroot;0;1
86eba44f40;16;grassroot;0;1
a5219b7ab0;730;grassroot;0;1
1a596b05d1;730;grassroot;1;0
b5359fb2f8;123;grassroot;0;1
eabf38b35d;731;grassroot;0;1
559affcb61;731;grassroot;1;0
b5c0e22d31;732;grassroot;0;1
63dd8c0e20;732;grassroot;1;0
91b203a81b;42;grassroot;0;2
beea80079a;42;grassroot;1;0
903aaa4fc1;1;grassroot;0;1
088d2da3fb;537;grassroot;0;1
dc55b4184b;70;grassroot;0;13
ad5aa27e1e;70;grassroot;1;0
ea44c06209;70;grassroot;3;0
cfa0cb9873;70;grassroot;4;0
d867f79706;70;grassroot;2;0
64df91fe08;70;grassroot;2;0
248610cb13;43;grassroot;0;2
a850db32f2;43;grassroot;1;0
40e1574536;121;grassroot;0;2
36e5b8bc55;733;grassroot;0;1
e8ccefac2e;733;grassroot;1;0
fc8c195f5e;734;grassroot;0;1
4e74755d22;734;grassroot;1;0
208ee422be;735;grassroot;0;1
41e5851adc;735;grassroot;1;0
472fd19af1;42;grassroot;0;1
628fb2c91b;70;grassroot;0;1
fbbe9cce20;6;grassroot;0;1
804a53ac86;9;grassroot;0;1
092274035f;9;grassroot;0;10
ce19530f27;9;grassroot;2;0
766f12e98a;9;grassroot;1;0
7975970503;3;grassroot;3;1
77c73bc2d2;9;grassroot;3;1
4ee168809e;736;grassroot;0;2
524c6f8ded;736;grassroot;1;0
47bdb1c275;736;grassroot;1;0
36877784b2;12;grassroot;0;2
51a56b1b5e;12;elite/political;1;0
4e178885f6;737;grassroot;0;1
07fe63689e;737;grassroot;3;0
b185bb2bd5;11;grassroot;0;1
3d2bceea21;9;grassroot;0;3
dd9646e968;6;grassroot;0;1
836d50bdd2;49;grassroot;0;1
10d5c1fa9c;11;grassroot;0;1
f6b677ca41;738;grassroot;0;1
ae83b5beb7;738;grassroot;1;0
2309c426f6;739;grassroot;0;1
4c248be208;739;grassroot;1;0
8aaf5f7ba4;10;grassroot;0;1
0ef5de551d;7;grassroot;0;1
54922b219c;7;grassroot;5;0
01dc44960e;2;grassroot;0;1
c936f8c0dc;12;grassroot;0;1
ca39d48b07;2;grassroot;0;1
0ec84f0062;2;grassroot;2;0
f3dd9ff48a;11;grassroot;0;1
ced7a39502;740;grassroot;0;1
35acf5a291;740;grassroot;1;0
4c1c0e6446;3;grassroot;0;1
e679741e89;42;grassroot;0;3
41f2e30436;42;grassroot;1;0
ba9f38c3eb;741;grassroot;0;1
4ae91aa492;741;grassroot;1;0
137b66815d;742;grassroot;0;1
8f9d23cf67;742;grassroot;1;0
094b01155d;2;grassroot;0;6
b6541b7228;14;grassroot;0;1
b5975c0f58;49;grassroot;0;1
5556339e01;2;grassroot;1;4
95014cbb89;4;grassroot;0;2
b53a45fecb;13;grassroot;0;1
638bca08c9;69;grassroot;0;4
f9b00fe8ee;69;grassroot;4;0
1217729b1c;9;grassroot;0;1
600e16b3d9;9;grassroot;0;2
fa35d830e9;2;grassroot;0;2
54248a11e2;2;grassroot;1;0
15576f7bf5;2;grassroot;0;2
a730db08ff;2;grassroot;1;1
cb9254d96a;2;grassroot;1;0
ffa172c246;7;grassroot;0;2
0c7116e4a0;7;grassroot;1;0
6cb0416e4e;2;grassroot;0;3
c0468d9e51;1;grassroot;0;1
5ded2b6375;7;grassroot;0;1
3a2be09016;743;grassroot;0;2
aad34a4e62;743;grassroot;1;0
83a172e8ac;743;grassroot;1;0
d8cc510a34;69;grassroot;0;1
e3e9621e73;744;grassroot;0;1
d07ef6e4ab;744;grassroot;1;0
cfb05cd841;152;grassroot;0;2
93e06aa22a;123;grassroot;0;1
8b605f4d17;11;grassroot;0;4
3c20d65104;11;grassroot;1;0
8158efbddc;11;grassroot;1;0
c7f9772f9e;2;grassroot;0;4
f8a6592954;2;grassroot;1;0
1d88d27c18;98;grassroot;0;1
36188fd910;438;grassroot;0;1
a093b93b84;69;grassroot;0;2
136f3f7b59;12;grassroot;0;1
5db55b1410;745;grassroot;0;1
a7a039c602;745;grassroot;1;0
f517a94f62;2;grassroot;0;6
703cb06374;10;grassroot;0;1
88669bf03b;746;grassroot;0;1
ab24346a9a;746;grassroot;1;0
eefa7ee249;11;grassroot;0;1
e13f721b31;2;grassroot;0;1
32cfda472c;51;grassroot;0;1
a890ec3602;747;grassroot;0;1
28f337d6e7;747;grassroot;7;0
da2858ae36;316;grassroot;0;1
2ce863c534;6;grassroot;0;1
1587e27c67;5;grassroot;0;1
c90d3c42ba;42;grassroot;0;1
ca44f3d4de;58;grassroot;0;1
506306cc9c;5;grassroot;0;5
244122bccc;5;grassroot;1;0
9f7c6333cc;5;grassroot;1;0
f19b6b0ff2;5;grassroot;1;0
796f5be655;115;grassroot;0;2
b0210643e1;58;grassroot;0;1
933e194943;748;grassroot;0;1
6a30168b55;748;grassroot;1;0
8e9cebea15;2;grassroot;0;12
20889c87ea;2;grassroot;1;0
b22291cedf;2;grassroot;2;0
f106a6bc13;2;grassroot;1;0
68d4ebde18;2;grassroot;1;0
50c76f6e0a;749;grassroot;0;1
7963ef2579;749;grassroot;1;0
9444d52345;2;grassroot;0;1
31cdc3aaf3;32;grassroot;1;9
0dcff7f86c;32;grassroot;1;0
988d43e66d;58;grassroot;0;1
4454360d5f;750;grassroot;0;1
75b7f630f6;750;grassroot;1;0
fb86c47303;24;grassroot;0;2
3711be7896;24;grassroot;0;1
f7bd6e8fa8;9;grassroot;0;9
cd1b04c768;9;grassroot;2;0
35f6459959;751;grassroot;0;1
2e7e5eaeba;751;grassroot;1;0
9b4fda52f9;9;grassroot;0;4
cb91a6f57d;51;grassroot;0;1
3b4fba2f0f;11;grassroot;0;3
6d4806414e;11;grassroot;0;9
4d983549bd;11;grassroot;0;1
bc58e7fa47;70;grassroot;0;1
16dc8fe9c1;2;grassroot;0;1
96e708ba4e;2;media/news;3;0
5f67e73888;9;grassroot;0;2
84f09bfa76;12;grassroot;0;1
cf5a9eaffe;16;grassroot;0;1
bb97842518;58;grassroot;0;3
02346642ad;58;grassroot;2;0
12573975b8;9;grassroot;0;1
a043f9820e;69;grassroot;0;1
d003adb195;7;grassroot;0;3
3323394663;7;grassroot;1;0
c4f820afb2;2;grassroot;0;1
f367ebc892;2;grassroot;0;2
f4960c446d;2;grassroot;1;0
e731086082;35;grassroot;0;3
f2096e78a1;10;grassroot;0;2
938598f10f;10;grassroot;1;0
962b2b62eb;2;grassroot;0;1
706cd637d8;752;grassroot;0;1
0731d62877;752;grassroot;1;0
f8b5889080;3;grassroot;0;2
a1a3a0edd6;3;grassroot;1;0
ad4bfb438c;58;grassroot;0;1
f50ffa2f4a;4;grassroot;0;6
85b4fb53cd;4;grassroot;1;0
553e07e92b;4;grassroot;1;0
8648321edd;9;grassroot;0;1
ca8d56e396;74;grassroot;0;3
ac6fc739ec;753;grassroot;0;1
3820941398;753;grassroot;1;0
0b9f95e787;10;grassroot;0;1
04e8a63915;1;grassroot;0;1
d964a6911c;754;grassroot;0;1
3eed57b080;754;grassroot;1;0
e458ace39c;2;elite/political;0;2
8188bf8261;89;grassroot;0;4
83bde5180b;89;media/news;4;0
bd8afe31bb;89;grassroot;4;0
d61eac0c74;5;grassroot;0;1
a60a650c00;3;grassroot;0;2
ae507daea7;12;grassroot;0;1
094419a9ad;3;grassroot;0;1
2ceb9f9135;86;grassroot;0;1
dcc5bea680;3;grassroot;0;1
47e61eb1e5;7;grassroot;0;1
af2ce48c10;10;grassroot;0;1
95fe0a3281;1;grassroot;0;1
67d82a8506;755;grassroot;0;1
28ce2de3b6;755;grassroot;1;0
bd4af336f2;2;grassroot;0;1
b8df15ef91;756;grassroot;0;1
ebb18870b2;756;grassroot;1;0
19de3452c1;613;grassroot;0;2
dcdd8aed99;10;grassroot;0;1
2b78220a55;757;grassroot;0;1
134fc5f099;757;grassroot;1;0
8d47a3ac4e;10;grassroot;0;1
e8cc69a1bf;12;grassroot;0;4
bc59f53e35;12;grassroot;1;0
f379edb384;12;grassroot;1;0
56a85cfeee;12;grassroot;1;0
8f700f000b;12;grassroot;0;1
b0d63894d2;758;grassroot;0;2
5658a5c3fe;758;grassroot;1;0
f87bc4e789;758;grassroot;1;0
e4a2992296;759;grassroot;0;1
e434f972e6;759;grassroot;1;0
992a96ddea;134;grassroot;0;4
4436c9e1bb;7;grassroot;0;3
dd8e004ad9;7;grassroot;1;6
a501454d7f;7;grassroot;2;0
42e418e23e;7;grassroot;1;0
c8c099a28b;9;grassroot;0;3
b9a1f3c0d2;9;grassroot;1;0
147f5b108c;9;grassroot;1;0
215521d07d;10;grassroot;0;1
4b6342a3f3;3;grassroot;0;1
c1111bde68;70;grassroot;1;1
604c05dd63;12;grassroot;1;5
eb16a06ada;240;grassroot;0;1
dc826a3a21;7;grassroot;0;2
a7b8f4941e;7;grassroot;1;0
d5887e9548;49;grassroot;0;1
221adf4772;9;grassroot;0;1
97755eacd7;69;grassroot;0;37
54d5938a06;69;grassroot;2;0
7c7232556d;69;grassroot;1;0
20d91613f8;69;grassroot;1;0
9bc139365b;69;grassroot;1;0
9c28fb08e7;43;grassroot;1;27
7b1a8e88fc;69;grassroot;1;0
922ed435b7;43;grassroot;1;0
cf7ef0fc0a;43;grassroot;1;0
45d2bca057;43;grassroot;1;0
49675e4f3e;43;grassroot;1;0
9653c8273e;43;grassroot;1;0
ca0a096116;43;grassroot;1;0
de548283e0;43;grassroot;2;0
86d62f612e;43;grassroot;4;0
870d952ca2;43;grassroot;1;0
9fd8ff3717;43;grassroot;1;0
89b952269b;43;grassroot;1;0
9be5eb6093;43;grassroot;1;0
e78102bfd4;43;grassroot;1;0
c8f0d89808;43;grassroot;1;1
6961cdbdf4;43;grassroot;1;0
9d3d25b391;43;grassroot;1;0
63c50e6b66;43;grassroot;1;0
78a918ac2e;43;grassroot;1;2
a7f5512182;43;grassroot;1;0
8931fc682e;43;grassroot;1;1
f5feea5713;760;grassroot;0;1
d76d937a28;760;grassroot;1;0
fd5fc38352;761;grassroot;0;1
887f6e250a;761;grassroot;1;0
2b78bea3a7;13;grassroot;0;6
dbbca3d7c8;13;grassroot;1;0
b366831baa;2;grassroot;0;4
fe1add61bf;2;grassroot;1;0
da2c43cf59;762;grassroot;0;2
624be1c4e3;762;grassroot;1;0
276553b5e2;762;grassroot;1;0
a35e94503b;32;grassroot;0;11
ffbc71fba8;32;grassroot;1;0
4ad09cf132;9;grassroot;0;1
7e94771bc4;7;grassroot;0;1
796f10f2cc;4;grassroot;0;1
7cc0c445a9;24;grassroot;0;4
99759e3bc1;24;grassroot;1;0
b6705119e7;70;grassroot;0;2
e78d72876b;70;grassroot;0;2
02b7cd4860;70;grassroot;1;0
fcfa782555;763;grassroot;1;1
8f1b7e6b03;763;grassroot;1;2
ffe86fa863;763;grassroot;1;0
89a54aeff4;7;grassroot;0;1
7b3e74293a;43;grassroot;1;2
c435670f75;43;grassroot;1;0
0103832a54;43;grassroot;1;0
c4522440f6;764;grassroot;0;1
ce09f5f546;764;grassroot;1;0
e34e2ed6eb;4;grassroot;0;1
bb4907b775;3;grassroot;0;1
27e942e9ca;6;grassroot;0;1
dc01fce48b;9;grassroot;0;1
e30e2df655;765;grassroot;0;1
bb8a3812ac;765;grassroot;1;0
a67d2dd389;12;grassroot;0;2
df5692c458;16;grassroot;0;1
21925806c0;766;grassroot;0;1
58eb3d46a6;766;grassroot;1;0
3172706bd3;51;grassroot;0;2
22c554f121;767;grassroot;0;3
a240133ead;767;grassroot;1;0
48c9555ec6;767;grassroot;1;0
2227716cd9;767;grassroot;1;0
52b4001e9d;12;grassroot;0;3
9e978a2501;12;grassroot;0;1
508105f0c0;2;grassroot;0;1
a1f0d048ab;2;media/news;2;0
57b2e88423;2;grassroot;0;1
c32baaad63;1;grassroot;0;1
26e25452e1;2;grassroot;0;1
0e76233bc1;768;grassroot;0;1
d29fc22ed7;768;grassroot;1;0
14bc616ff1;769;grassroot;0;1
9cfbfb5720;769;grassroot;1;0
88d26b2ebd;770;grassroot;0;2
76715466c1;770;grassroot;1;0
efddf62663;770;grassroot;1;0
b3a3fd3f81;35;grassroot;0;1
96f18b6f83;7;grassroot;0;1
ddbf5d0852;1;grassroot;0;8
4e1380a8c6;9;grassroot;0;2
fea0cb9bd4;86;grassroot;0;1
3503ff008d;70;grassroot;0;1
c8caba2b25;24;grassroot;0;1
b57152349e;9;grassroot;0;3
b4ea39ea6d;6;grassroot;0;2
7abad8f813;6;grassroot;1;0
b8e0fe88d5;771;grassroot;0;1
ac51e42b88;771;grassroot;1;0
14b4bd798d;9;grassroot;0;1
46e7705d38;2;grassroot;0;4
8511444e1f;772;grassroot;0;1
829c0e8d72;772;grassroot;1;0
7bec6adc04;70;grassroot;0;1
0e95d92061;773;grassroot;0;3
105bbaca7a;773;grassroot;1;0
a320e181ae;773;grassroot;1;0
bccb93c2c6;773;grassroot;1;0
7216ac8be0;3;grassroot;0;1
4409fcb533;2;grassroot;0;34
076f2c2e0d;2;grassroot;2;0
2e67675c7c;2;media/news;1;0
fb197dbcab;2;grassroot;1;0
974f8f56c0;11;grassroot;2;0
739529040d;2;media/news;1;0
b81bbfb05b;2;grassroot;1;0
8753af0552;2;grassroot;1;0
56d68a9964;2;grassroot;1;0
8af307d69c;774;grassroot;0;1
66c860754d;774;grassroot;1;0
727f100291;775;grassroot;0;3
63fbbdf49f;775;grassroot;1;0
b0f19bc885;775;grassroot;1;0
c1956b458d;775;grassroot;1;0
91783c1381;2;elite/political;0;1
7b12dedb18;5;elite/political;0;3
91d6890abb;5;grassroot;1;0
5923937244;5;elite/political;5;0
ead8b20d51;5;grassroot;0;2
d44a08de39;5;grassroot;1;0
fa02340404;12;grassroot;0;2
0a0ab43ee6;12;elite/political;1;0
7108b82c8f;2;elite/political;0;1
4b9bfb8f2f;54;grassroot;0;2
0e622b4ebe;54;grassroot;2;0
3f53f2846b;54;grassroot;1;0
cf92d5ebb5;347;grassroot;0;3
34724ddfed;776;grassroot;0;1
9da0704e1a;776;grassroot;1;0
ac1d0a8df2;7;grassroot;0;1
7d11efed4e;777;grassroot;0;1
045e5760f1;777;grassroot;1;0
5b5e52fd53;98;grassroot;0;3
3af0607fd3;98;grassroot;1;0
f3e5e201f3;98;grassroot;1;0
d03c491ff0;778;grassroot;0;2
26664d8459;778;grassroot;1;0
537e159781;778;grassroot;1;0
ea4000d571;2;grassroot;0;3
a8daa8c4d1;1;grassroot;0;1
5e46692cd2;3;grassroot;0;1
ec39e73e53;2;grassroot;0;2
49ea557127;779;grassroot;0;2
44a6a36b1b;779;grassroot;1;0
80352be12e;779;grassroot;1;0
83402d797a;780;grassroot;0;1
ef4990e6ee;780;grassroot;1;0
2b5c9e0eef;781;grassroot;0;2
7ca4e8bcc1;781;grassroot;1;0
b5fc8bf93c;781;grassroot;1;0
4d720bfece;9;grassroot;0;1
c9733df685;782;grassroot;0;1
5862ab9e0a;782;grassroot;1;0
d22c19d20b;2;grassroot;0;1
0b11da5082;12;grassroot;0;1
423b971788;7;grassroot;0;1
f0305c7be4;7;grassroot;0;3
41874fe6c0;7;grassroot;1;0
37409cfe27;7;grassroot;1;0
026f0daad3;10;grassroot;0;1
a3f96cd8c2;783;grassroot;0;1
ee151aae23;783;grassroot;1;0
1c4ca23d8e;3;grassroot;0;2
5842f9b982;123;grassroot;0;1
d2e2c325ac;3;grassroot;0;2
cdff8b60f5;3;grassroot;1;0
73fb30df27;398;grassroot;0;2
392de97d88;398;grassroot;1;1
138f2321ff;398;grassroot;1;0
bfe81e8faa;58;grassroot;0;1
f88881f09a;7;grassroot;0;1
3f29ea360d;127;grassroot;0;11
9c5aa67c81;127;grassroot;1;0
ad693660b5;1;grassroot;0;1
f2d637484c;69;grassroot;0;1
c211c9ee49;69;grassroot;4;0
37874eafd7;2;grassroot;1;2
4f2aeaed29;9;grassroot;0;1
e4b7683589;15;grassroot;0;1
d842b54aa6;69;grassroot;0;1
da768aa42a;784;grassroot;0;1
b493d1ce85;784;grassroot;2;0
b5a0990816;140;grassroot;0;3
27e944c182;140;grassroot;1;0
7a2ff70e85;2;grassroot;0;6
af92a3ac69;9;grassroot;0;1
481758a89b;10;grassroot;0;1
10a455d693;1;grassroot;0;3
5e7a7f3144;5;grassroot;0;1
79d38aeaf9;5;grassroot;3;0
dcba639a03;16;grassroot;0;1
8f6776130a;35;grassroot;0;1
35d5162dd3;69;grassroot;0;1
edeb94b875;35;grassroot;0;1
929beae40c;9;grassroot;0;3
e5dea11fb2;9;grassroot;1;0
2c7be15917;11;grassroot;0;1
5f414fe123;43;grassroot;0;2
edb544510a;43;grassroot;3;0
844e20e94f;86;grassroot;0;1
f7b06f3548;9;grassroot;0;1
afe894149f;785;grassroot;0;1
e596257888;785;grassroot;1;0
d1f2101a64;786;grassroot;0;1
bb1260974d;786;grassroot;1;0
f5804847cd;12;grassroot;0;3
8cf7f0664e;12;grassroot;0;1
6ed2d5a359;9;grassroot;0;1
5663b44f5c;11;grassroot;0;1
59bd9e080e;9;grassroot;0;1
cfdb4ba3fd;11;grassroot;0;2
c114b5a58a;9;grassroot;0;1
ca1f1f50d1;1;grassroot;0;1
dc5d5f5804;13;grassroot;0;2
3111aab148;4;grassroot;0;1
e5cab16944;3;grassroot;0;1
2fc96ad357;58;grassroot;0;3
63982c3dad;58;grassroot;1;0
0e2611c535;2;grassroot;0;5
40a2d24ada;9;grassroot;0;4
043143ea9f;2;grassroot;0;1
919428ae18;1;grassroot;0;1
55f5d44c4e;2;grassroot;0;1
b64bac7cc7;4;grassroot;0;1
5165e5c44a;4;grassroot;2;0
668e16e868;787;grassroot;0;1
a8dc415665;787;grassroot;1;0
d474454e38;10;grassroot;0;2
6b41c10a7b;6;grassroot;0;2
a4d9510448;70;grassroot;0;1
2084da5ac9;788;grassroot;0;2
c57b41c57e;788;grassroot;1;0
ab4346bdbd;788;grassroot;1;0
1699fce7de;789;grassroot;0;1
a7255136f1;789;grassroot;1;0
f0a6c8aff9;10;grassroot;0;1
0073970a32;2;grassroot;0;1
99a1c4cbc0;2;grassroot;0;4
366931c78c;182;grassroot;0;1
50d911206f;2;grassroot;0;1
a2e1be373e;10;grassroot;0;1
1b1cd96209;790;grassroot;0;1
560929383f;790;grassroot;1;0
b480baf76b;180;grassroot;0;1
d8fff8dd12;791;grassroot;0;1
6e479e71fe;791;grassroot;1;0
17ccaa1bf9;86;grassroot;0;1
430fa4cb3c;7;grassroot;0;1
9cee4a2997;86;grassroot;0;2
d98e1ade7a;792;grassroot;0;1
e60d07b69d;792;grassroot;1;0
75c2332292;613;grassroot;0;2
9b27da2d2f;613;grassroot;1;0
203cbbbb72;3;grassroot;0;1
57a9698388;793;grassroot;0;1
021347df28;793;grassroot;1;0
0f00f1e773;794;grassroot;0;1
3080ce50b5;794;grassroot;1;0
c3dd207aa2;795;grassroot;0;1
4beec49274;795;grassroot;1;0
a6a302a3ec;796;grassroot;0;1
3476234822;796;grassroot;1;0
09d4b2d0d3;797;grassroot;0;2
972a5af029;797;grassroot;1;0
0d2e5a9874;797;grassroot;1;0
f52c97bb89;798;grassroot;0;1
3724a63cbd;798;grassroot;1;0
b806281495;51;grassroot;0;2
260b60e3cc;51;grassroot;2;0
d467a0077a;7;grassroot;0;1
c1447578e0;799;grassroot;0;1
4224b06f39;799;grassroot;1;0
6adfa38559;800;grassroot;0;2
a38177345b;800;grassroot;1;0
8e09ece83c;800;grassroot;1;0
1acb2deff7;801;grassroot;0;1
624ce4538c;801;grassroot;1;0
48c538ec6c;6;grassroot;0;2
f1d6f7eb4f;12;grassroot;0;3
92954214bf;12;grassroot;1;0
24ecc14fd7;12;grassroot;1;0
8ef67d7961;11;grassroot;0;1
2bb3a0c3ad;802;grassroot;0;1
bafb603346;802;grassroot;1;0
da3e5c5d58;803;grassroot;0;1
3ee3ebcbb9;803;grassroot;2;0
ad745b5d22;70;grassroot;0;1
d7188aebfd;9;grassroot;0;1
f89fa9ae02;7;grassroot;0;1
08e8337d83;1;grassroot;0;1
33c0af8103;115;grassroot;0;2
29bff1ca64;12;grassroot;0;1
4a9aa65427;152;grassroot;0;1
9fb334e344;152;grassroot;3;0
4352ace853;127;grassroot;0;8
ea6fef76b2;4;grassroot;0;2
89eca30210;639;grassroot;0;1
3c7e1480bc;24;grassroot;0;1
31c3b16cc1;24;grassroot;0;1
8b56b5c3d9;10;grassroot;0;3
8942bfee1c;2;grassroot;0;1
74e99df8c8;6;grassroot;0;1
88c6ee998f;10;grassroot;0;1
5b424187c8;3;grassroot;0;1
f11ca79b33;804;grassroot;0;1
9246416a67;804;grassroot;1;0
dcd8c43833;70;grassroot;0;3
7cb868de14;70;grassroot;1;0
ca2bf1e120;42;grassroot;0;1
bc00d77b9b;123;grassroot;0;1
c1f8c3f938;13;grassroot;0;2
a2f73a3b77;69;grassroot;0;4
5826483d25;69;grassroot;2;0
c6557a1ce9;145;grassroot;0;2
80909a8ef9;145;grassroot;1;0
ec80be53cb;51;grassroot;0;1
fb8091455a;3;grassroot;1;1
f4974a6f43;58;grassroot;0;2
a332c60fc8;7;grassroot;0;4
f70a66319c;7;grassroot;1;0
570d8ff1ed;12;grassroot;0;1
ee25fc330a;5;grassroot;0;2
0a890ecc4f;152;grassroot;0;3
bf09360b32;152;grassroot;1;0
5b3a7fbaec;70;grassroot;0;1
4771708f86;805;grassroot;0;1
ccf4447fb8;805;grassroot;3;0
72e7097e76;86;grassroot;0;1
62487b41d1;127;grassroot;0;9
824ca00278;7;grassroot;0;2
c314a22ef8;7;grassroot;1;0
6ca2b4b291;2;grassroot;0;2
cb764babf0;2;grassroot;1;0
edf279e46b;32;grassroot;0;1
b9c3f38fad;2;grassroot;0;1
b82b2ad559;11;grassroot;0;1
ae6e4ce287;2;grassroot;0;1
1c627cc49e;86;grassroot;0;1
6ee6e9c6cd;16;grassroot;0;1
51dc512b93;806;grassroot;0;1
607ce39dba;806;grassroot;1;0
59d8669528;11;grassroot;0;1
dba0c5a46e;24;grassroot;0;1
53326079c9;32;grassroot;0;3
5496ed4751;807;grassroot;0;2
69ea459ee9;807;grassroot;1;0
64fb2e5f17;807;grassroot;1;0
b5e1cbdfab;182;grassroot;0;1
e4c21b2b6d;9;grassroot;0;4
6b26ed7b6f;9;elite/political;1;0
368fef92a9;9;elite/political;1;0
a2c5b4c1bc;9;grassroot;1;0
ed45eaa1d9;2;grassroot;0;4
ba845dd2d5;808;grassroot;0;1
12d1b6996a;808;grassroot;1;0
5d1f21cf46;2;grassroot;0;6
942bf1cb60;809;grassroot;0;3
2a1e3a37c2;809;grassroot;1;0
98b019d734;809;grassroot;1;0
fef3f54a5f;809;grassroot;1;0
26eb46e0dd;2;grassroot;0;6
0cd64996ab;2;grassroot;1;0
66c8715ffc;810;grassroot;0;1
32190f18c6;810;grassroot;1;0
f9d8270ca7;112;grassroot;0;1
a8ac6445e0;13;grassroot;0;2
441cf260a8;13;grassroot;1;0
b22ffabeba;58;grassroot;0;1
f5402d2717;811;grassroot;0;1
a9d0bc4e11;811;grassroot;1;0
320a220f1f;812;grassroot;0;1
ee4948fde1;812;grassroot;1;0
5846eb4ee4;6;grassroot;0;1
022d0d6355;1;grassroot;0;2
1e092988bb;1;grassroot;2;0
e184983b07;10;grassroot;0;3
09e7bbbf40;10;grassroot;1;0
624b5b6cd5;10;grassroot;1;0
11eff6b6e9;2;grassroot;0;15
1681ffff3b;2;grassroot;1;0
8740a32828;2;grassroot;1;0
7c1715bdad;2;grassroot;1;0
b1f63f1b9d;2;grassroot;1;6
916b87ac9e;2;grassroot;1;0
2121305213;2;grassroot;1;0
8124f78de1;14;grassroot;0;1
c10a3f8174;1;grassroot;0;1
51c3903e41;664;grassroot;0;1
a1b7ef76b8;127;grassroot;0;10
a4befe11fa;11;grassroot;0;6
064cf57ff8;11;grassroot;1;0
0c394d2ca1;11;grassroot;1;0
ec23def009;9;grassroot;0;1
9ed868508f;3;grassroot;0;1
4dbf477cd3;24;grassroot;0;2
0e1860bd04;12;grassroot;0;1
bea06a1716;10;grassroot;0;3
56c8b06dc7;7;grassroot;0;1
2631042998;194;grassroot;0;1
133438fe3a;813;grassroot;0;1
11cbf1a996;813;grassroot;1;0
db141e375f;1;grassroot;0;2
67f51e9e07;10;grassroot;1;1
ae916c83e1;3;grassroot;0;1
c79eef9aae;479;grassroot;0;1
17509c53d6;58;grassroot;0;1
01db25cd54;2;grassroot;0;3
aa9f103e89;58;grassroot;0;1
4302a2a384;9;grassroot;0;1
a2d3267938;70;grassroot;0;1
cebc0151cc;2;grassroot;0;5
42b5114df2;86;grassroot;0;1
93500dde9e;10;grassroot;0;2
6d1b1dc201;10;grassroot;1;0
bd203b2921;3;grassroot;0;14
db63cf7975;3;grassroot;1;0
aa61860132;70;grassroot;0;1
67f97c829c;5;grassroot;0;3
64f8ef7a7b;5;media/news;1;0
9009575599;24;grassroot;0;2
9a6c0e8468;140;grassroot;0;1
5c56e75985;2;grassroot;0;1
97014fb8d2;814;grassroot;0;2
29acba3de3;814;grassroot;1;0
7bfb5046d0;814;grassroot;1;0
f1c790aa7d;815;grassroot;0;1
22e42391af;815;grassroot;1;0
a3e6e71171;11;grassroot;0;1
d9691d058f;816;grassroot;0;2
d97a11a28e;816;grassroot;1;0
8c7d4b3e98;816;grassroot;1;0
8b90eed10d;11;grassroot;0;1
f1ae356f9f;69;grassroot;0;3
7fb49536ec;3;grassroot;0;1
acee55cc88;7;grassroot;0;1
03a0dc0dba;7;grassroot;0;4
5e4aad9e97;7;grassroot;2;0
68f237e35e;12;grassroot;0;2
58c694bed4;137;grassroot;0;1
997bb61c5e;8;grassroot;0;3
96d9e0b465;8;grassroot;2;0
4816a5a316;58;grassroot;0;1
99b59fec83;2;grassroot;0;2
64f20a2833;2;grassroot;1;2
ca41610d15;7;grassroot;0;2
d1b49c63ca;1;grassroot;0;2
0b492612cf;9;grassroot;0;1
69a14e05ac;7;grassroot;0;1
13530eedeb;7;grassroot;0;6
fd80ebb393;7;grassroot;2;0
2b8af42ef6;7;grassroot;1;0
9761b2d60d;89;grassroot;0;1
42c648d5f5;817;grassroot;0;1
13a5d522cf;817;grassroot;1;0
1310176952;86;grassroot;0;1
2ae1540d67;2;grassroot;0;1
19d509ca17;2;grassroot;0;2
7d393798c1;11;grassroot;0;1
99f085e940;49;grassroot;1;2
18a9fed96b;49;grassroot;1;1
a6912488ba;7;grassroot;0;1
461a8c8ffe;10;grassroot;0;1
8238cb24ff;86;grassroot;0;1
99917b3ad2;2;grassroot;0;7
65bd40bbe8;2;grassroot;2;0
fe25b5267d;32;grassroot;4;0
3d96c708ef;818;grassroot;0;1
e74a3b12d2;818;grassroot;1;0
ccdac6930e;819;grassroot;0;1
7ac403f715;819;grassroot;1;0
25ed223570;620;grassroot;0;1
fcdb9d9c4a;820;grassroot;0;1
3bb4dc3896;820;grassroot;1;0
27ac21bebb;86;grassroot;0;1
ace8aefda3;12;grassroot;0;1
9e13d1d149;12;grassroot;4;0
1983df18e1;821;grassroot;0;1
8c9cafbbe0;821;grassroot;1;0
d1e5f50a1b;42;grassroot;0;1
49a79017f9;2;grassroot;0;1
b2675c29e9;7;grassroot;0;1
92b4ba7b32;12;grassroot;0;1
2d27629994;1;grassroot;0;1
632e77d7fa;822;grassroot;0;2
d2a6283d00;822;grassroot;1;0
8e054258d7;822;grassroot;1;0
aa6204f381;313;grassroot;0;5
3d8f35abc1;313;grassroot;1;0
4e2e69ccc8;313;grassroot;1;0
035bb6fcd5;313;grassroot;2;0
a22bc916a8;313;grassroot;1;0
63776db76e;823;grassroot;0;1
a02f9d17ab;823;grassroot;1;0
1a86778f3c;824;grassroot;0;2
b7238839fb;824;grassroot;1;0
8714058ee2;824;grassroot;1;0
342f23ea22;6;grassroot;0;2
bf5b739814;7;grassroot;0;1
24d0674a4e;7;grassroot;0;1
3bf6998dfb;70;grassroot;0;2
028b638216;2;grassroot;0;1
15db6735a0;127;grassroot;0;11
377b61f17f;127;grassroot;1;0
86cd27de0a;127;grassroot;0;9
ce1011e3b3;13;grassroot;0;1
f40a53b786;14;grassroot;0;3
cf074e9bbf;626;grassroot;0;1
59c8955b44;12;grassroot;0;1
ca8fe90a58;2;grassroot;0;2
fe021e6a2e;2;grassroot;1;0
fb6ccecb49;825;grassroot;0;1
220a0b96c2;825;grassroot;1;0
44f1902a73;826;grassroot;0;1
16e4fbd019;826;grassroot;1;0
891724d443;2;grassroot;0;1
64375319f9;2;grassroot;0;2
46254c0be3;2;grassroot;1;0
ec9f88ce19;10;grassroot;0;1
5dd92f329e;24;grassroot;0;2
9ea619b245;76;grassroot;0;1
408de2e5b9;2;grassroot;0;2
40634cd14e;9;grassroot;0;4
4c6a86c5f7;9;grassroot;1;0
f869bdf3f9;9;grassroot;1;0
8af063bed3;2;grassroot;0;3
1834ba668d;9;grassroot;0;4
7c8be05248;827;grassroot;0;1
ba0970a4b8;827;grassroot;1;0
baf80592b5;828;grassroot;0;1
538ac81210;828;grassroot;1;0
54c65bc449;829;grassroot;0;1
1af109b0a0;829;grassroot;2;0
a538d085db;830;grassroot;0;2
ccbb895dbd;830;grassroot;1;0
0046db53cf;830;grassroot;1;0
819f3acae2;74;grassroot;0;1
543fd26212;15;grassroot;0;1
9f2a663821;58;grassroot;0;2
3eea39fcc3;35;grassroot;0;1
2f0afbab71;831;grassroot;0;1
ec1507bc71;831;grassroot;1;0
9a10793f34;10;grassroot;0;1
db2e564317;58;grassroot;0;3
d760768147;58;grassroot;1;0
abbdd9eb6b;4;grassroot;0;2
80080f332d;4;grassroot;1;0
c3eb56f27f;43;grassroot;0;2
227ae757f0;7;grassroot;0;1
b374f253b7;49;grassroot;0;1
46fe3cec63;832;grassroot;0;3
7dcee0ef87;832;grassroot;1;0
5d723db2cf;832;grassroot;1;0
5494cb55f7;832;grassroot;1;0
088640583f;7;grassroot;0;1
9d7a5d72df;726;grassroot;0;1
b34d011613;6;grassroot;0;2
754aede7c0;833;grassroot;0;1
8361d07238;833;grassroot;2;0
ea3102662b;12;grassroot;0;1
ad95590be9;49;grassroot;0;2
e69ba90c34;49;grassroot;1;0
2b253dbc31;834;grassroot;0;1
995cb48c55;834;grassroot;2;0
29727064fb;10;grassroot;0;1
2a67f415ca;12;grassroot;0;1
7fcc479c3a;835;grassroot;0;2
0bb5c9d588;835;grassroot;1;0
09b968ae00;835;grassroot;1;0
8a145d79ba;58;grassroot;0;1
6f633d5acc;3;grassroot;0;2
3c9863217c;613;grassroot;0;2
9fa0c83de2;10;grassroot;0;1
18b943dbd2;1;grassroot;0;1
e6174a8336;10;grassroot;0;1
9b7b3d7e63;6;grassroot;0;2
2a08bbedb9;9;grassroot;0;1
f28520a7ca;43;grassroot;0;1
86c99a805a;9;grassroot;0;2
84a95bf664;836;grassroot;0;1
d65cea7e14;836;grassroot;1;0
71132df48e;12;grassroot;0;1
1ea49f6c4e;12;grassroot;0;1
ddba0d824d;11;grassroot;0;2
e9c57722bd;11;grassroot;1;0
1f91234e55;837;grassroot;0;2
dbb7016b90;837;grassroot;4;0
3e7bdc8ac2;42;grassroot;0;2
edbe9cf45f;42;grassroot;1;0
1a90ce30c7;1;grassroot;0;2
3ec61dedc3;838;grassroot;0;2
96f2380575;838;grassroot;1;0
5af7c7c064;838;grassroot;1;0
fcf30a983a;15;grassroot;0;3
d48865cd20;15;grassroot;1;0
d515a17aaf;2;grassroot;0;1
ee2f5f247b;16;grassroot;1;1
3d2aca4ff3;2;grassroot;0;1
4d77fc5c60;12;grassroot;0;2
c92accf054;11;grassroot;1;0
3e684c92b7;11;grassroot;1;0
cf8831b565;1;grassroot;0;2
33214da2e4;839;grassroot;0;2
13aa2f76a1;839;grassroot;1;0
b84cfbd2c4;839;grassroot;1;0
2e13336562;840;grassroot;0;1
213393438a;840;grassroot;1;0
2eeb3efba6;12;grassroot;0;2
4c8e2c5dc1;10;grassroot;0;1
8e52c707ca;9;grassroot;0;1
c9ea8e2743;841;grassroot;0;1
4fa1da8e5b;841;grassroot;1;0
38c2721f60;2;grassroot;0;1
6c378da4cb;9;grassroot;0;5
cebd9891d5;842;grassroot;0;1
3fb05d565f;842;grassroot;1;0
684b50631d;7;grassroot;0;1
17b3a1025b;42;grassroot;0;1
c2996dd05a;14;grassroot;0;4
559a1fd74e;14;grassroot;1;0
0eafa45bbd;14;grassroot;1;0
18bebad189;514;grassroot;0;1
73a61141a0;2;grassroot;0;1
a345ec653b;843;grassroot;0;1
d33536069c;843;grassroot;1;0
df276cb033;86;grassroot;0;2
f301658aab;844;grassroot;0;1
54389a9901;844;grassroot;1;0
3a7e873b4a;12;grassroot;0;1
ad0c7310c9;179;grassroot;0;1
eb8f9b9f36;43;grassroot;0;1
688c56f1d8;6;grassroot;0;1
831fb7e8a5;107;grassroot;0;1
82050152a6;11;grassroot;0;1
6b632f367e;86;grassroot;0;3
427cded913;86;grassroot;1;0
8d91fbac1c;86;grassroot;1;0
3366c2a594;845;grassroot;0;1
63d65b42b2;845;grassroot;1;0
e81a60c3f2;846;grassroot;0;1
3c572be28a;846;grassroot;1;0
95c5509d33;69;grassroot;0;1
346ffc7505;3;grassroot;0;7
a3367220db;3;grassroot;1;0
13a00c1759;7;grassroot;0;1
8ed3453c85;123;grassroot;0;1
13ccf72004;12;grassroot;0;2
11b307cd0a;35;grassroot;0;11
14c6d56278;847;grassroot;0;2
af2d2b0457;847;elite/political;1;0
9d8fa2e34e;847;grassroot;1;0
44b4b14719;123;grassroot;0;1
a9ce4118a3;123;grassroot;2;0
a9c5a07884;49;grassroot;0;3
3fc60c4c0b;49;grassroot;1;0
d44f723df3;2;grassroot;0;5
6b32cde7d7;2;grassroot;1;0
4071b20277;6;grassroot;0;2
acb5df9c2f;3;grassroot;0;1
4835e835ca;2;grassroot;0;1
2286a7e5bf;51;grassroot;0;1
85cb01b9bf;13;grassroot;0;1
333bc5a976;182;grassroot;0;1
c8ecafa472;11;grassroot;0;7
2b7722318d;848;grassroot;0;1
28e24bc344;848;grassroot;1;0
b39def6a64;7;grassroot;0;1
66260ad94c;7;grassroot;0;1
003f48ad88;7;grassroot;2;0
b0ca8a2412;849;grassroot;0;1
f0c00a4699;849;grassroot;1;0
4e8d873aa0;850;grassroot;0;1
225afcacca;850;grassroot;1;0
06a3663220;6;grassroot;0;1
7e8012b26f;851;grassroot;0;1
829d92da9d;851;grassroot;2;0
ec6236225e;142;grassroot;0;1
7116268823;9;grassroot;0;2
c4d5e9a988;2;grassroot;0;1
e72e885602;747;grassroot;0;1
53df154ee4;9;grassroot;0;11
4493f3e8d9;9;grassroot;1;0
d97a4a7ac3;9;grassroot;2;0
e4a0198cdd;852;grassroot;0;1
bcc62d1f72;852;grassroot;1;0
2f33b497ba;7;grassroot;0;1
23b8a7498b;11;grassroot;0;1
6387e147c2;2;grassroot;0;1
ea355438bc;3;grassroot;0;1
ff82d3b7e1;83;grassroot;0;1
26396c3e05;11;grassroot;0;1
94c4f19eb9;69;grassroot;0;1
801074e8b9;152;grassroot;0;1
4034f25eda;2;grassroot;0;1
b47380315b;10;grassroot;0;1
c3431bb2bc;2;grassroot;0;1
008e353293;2;grassroot;0;1
b80db39b0d;143;grassroot;0;1
06672557ea;853;grassroot;0;2
61f57d727c;853;grassroot;1;0
64375abe4e;853;grassroot;1;0
711f3f8bd7;8;grassroot;0;2
0ffe5d80cb;12;grassroot;0;1
1cdcd3b010;854;grassroot;0;1
d02353b6c6;854;grassroot;1;0
c74510da7f;12;grassroot;0;2
012a45ee19;12;grassroot;3;0
b678e4978b;2;grassroot;0;1
696afef98e;9;grassroot;0;1
0abff1fa40;127;grassroot;0;8
09c7952bf5;127;grassroot;1;0
6f20676cbf;112;grassroot;0;1
fcb4838b72;16;grassroot;0;2
e10416302f;7;grassroot;0;1
6a492752b0;855;grassroot;0;1
aedd2ac826;855;grassroot;1;0
42f2becbf2;856;grassroot;0;1
45c55f1511;856;media/news;1;0
6826eb1ec3;13;grassroot;0;1
65d6afe9ae;1;grassroot;0;1
ed98ef60e6;857;grassroot;0;1
ddd4e9e839;857;grassroot;5;0
fa9b635171;2;grassroot;0;1
f1291b17ac;858;grassroot;0;2
f5d0021d57;858;grassroot;1;0
55c35119fd;858;grassroot;1;0
fa35b0f2d5;69;grassroot;0;1
c478037b3b;857;grassroot;0;1
3cb4d7e1cf;9;grassroot;0;1
9121232086;10;grassroot;0;1
a7f6535c33;49;grassroot;0;1
8e9e654393;1;grassroot;0;1
cdccc8fc96;859;grassroot;0;1
fccec5837a;859;grassroot;3;0
6851425a40;1;grassroot;0;2
6c67a1fe75;123;grassroot;0;1
570af49a42;70;grassroot;2;1
d5a988c280;3;grassroot;0;2
44bd0d08aa;3;grassroot;1;0
32f3f5c521;860;grassroot;0;4
41031badbc;860;grassroot;1;0
19965b2f0a;860;grassroot;1;0
b757855ad0;860;grassroot;1;0
a5b7cf9eec;860;grassroot;1;0
88eff83796;10;grassroot;0;1
cf22cba5c3;143;grassroot;0;1
4175631837;2;grassroot;0;1
a938e91de7;861;grassroot;0;2
f011eec67b;861;grassroot;1;0
6697de772a;861;grassroot;1;0
a222f5053c;862;grassroot;0;2
b12a75e9e2;862;grassroot;1;0
670a7dbbdf;862;grassroot;3;0
c03f298a11;9;grassroot;0;3
d7b46e281b;9;grassroot;1;1
aec62fc247;58;grassroot;0;1
7f68e588f1;863;grassroot;0;1
9dd8b589d3;863;grassroot;1;0
ecb20b004b;74;grassroot;0;5
acbce4bdd3;74;grassroot;1;0
74e9e66ae4;74;grassroot;1;0
b0941d515c;519;grassroot;0;1
00a01f1915;864;grassroot;0;1
29082fc9e3;864;grassroot;1;0
c33cb2f580;3;grassroot;0;1
14168ad3ea;519;grassroot;0;1
974b8a212d;2;grassroot;0;4
568f973cc1;9;grassroot;0;1
d1a1ec0d05;865;grassroot;0;1
36b5c37dee;865;grassroot;1;0
dcd2a4f69d;58;grassroot;0;3
3fd864b3ef;58;grassroot;1;0
80d8eb0d19;866;grassroot;0;1
b8df52322a;866;grassroot;1;0
7604e3cf80;9;grassroot;0;4
c21013f6df;142;grassroot;0;1
899e644bb8;11;grassroot;0;2
a4ea0cd0a4;11;grassroot;1;0
9096090c0c;69;grassroot;0;4
7815430561;2;grassroot;0;1
77d9460ae2;1;grassroot;0;4
dd19b0fa9a;1;grassroot;1;0
bac7e0bdc1;50;grassroot;0;1
2b487b18f7;58;grassroot;0;1
a5c84c939b;2;grassroot;0;1
b51f5232d1;10;grassroot;0;5
501feb7685;70;grassroot;0;2
d99b43cc10;2;grassroot;2;0
5029049c59;2;grassroot;0;3
5d0d42d19b;3;grassroot;0;1
a57a556a82;137;grassroot;0;1
de2af83bff;58;grassroot;0;1
27cc5d9800;3;grassroot;0;1
6e284be9f5;12;grassroot;0;1
bf896071c9;24;grassroot;0;2
738fa3a38d;7;grassroot;0;1
0bbc2fb0c1;69;grassroot;0;1
ffd532782f;3;grassroot;0;1
8f7a3a1e6f;10;grassroot;0;1
e0a0df9640;3;grassroot;0;1
bc55fc0f04;43;grassroot;0;27
4d9e7a53c0;43;grassroot;1;0
1b1f207ff9;43;grassroot;1;0
58ef741cbb;43;grassroot;4;0
02f8fde88c;43;grassroot;1;0
4ac3bf30d8;43;grassroot;1;0
6c19818c4f;43;grassroot;1;0
bda3a045dc;43;grassroot;1;0
60ba36710a;43;grassroot;1;0
9f162f1622;43;grassroot;1;0
59301354c5;43;grassroot;1;0
27fecaf74e;43;grassroot;1;0
6b6e276b15;43;grassroot;1;0
531ae0b053;69;grassroot;0;1
0435879d17;115;grassroot;1;4
a7c93d30b4;2;grassroot;0;1
484fd1723e;599;grassroot;0;1
421f395ef9;12;grassroot;0;1
39731b2551;8;grassroot;0;4
895b595b1e;8;grassroot;1;0
4218ae6254;12;grassroot;0;1
4993cd4d06;867;grassroot;0;1
008d9e001e;867;grassroot;1;0
2d99949546;86;grassroot;0;1
3b21193ace;3;grassroot;0;3
4b7b3575bd;868;grassroot;0;1
7183a2e6e2;868;grassroot;1;0
8ca0543667;2;grassroot;0;5
493f13fb39;3;grassroot;0;1
6613824383;869;grassroot;0;1
4928bd69e7;869;grassroot;1;0
0a65c12beb;664;grassroot;0;1
7e5c0d1c36;870;grassroot;0;1
9407e68db6;870;grassroot;1;0
7fc670667a;871;grassroot;0;2
3292bf2f5d;871;grassroot;1;0
0dffc10198;871;grassroot;1;0
febbaaa7fc;872;grassroot;0;1
4da56da1ca;872;grassroot;1;0
8eccc46163;43;grassroot;0;1
39a300cc2e;43;grassroot;2;1
00a1521fac;70;grassroot;0;1
d12f61a289;3;grassroot;0;2
82353d78b5;3;grassroot;1;0
f9a819a357;12;grassroot;0;1
df7dd3cac9;94;grassroot;0;1
92a631864d;2;grassroot;0;1
44332eccc6;2;elite/political;2;0
9650364a04;9;grassroot;0;1
f2a27eff67;873;grassroot;0;1
3255381e84;873;grassroot;1;0
b224712b62;874;grassroot;0;1
a52cde5e8a;874;grassroot;1;0
48d896b602;6;grassroot;0;2
b642f68e8e;6;grassroot;1;0
9d5577dab4;74;grassroot;0;3
339b0bfb5e;74;grassroot;1;0
3955e7a7a2;74;grassroot;1;0
32597e9dc2;875;grassroot;0;2
d8e62baca8;875;grassroot;1;0
c3be3c6e18;875;grassroot;1;0
3f9d9d4710;86;grassroot;0;1
03b52707e8;4;grassroot;0;1
9aa4b8d652;2;grassroot;0;4
d48339a25f;2;grassroot;1;0
bbbaec92f9;2;grassroot;1;0
d6096ea3aa;58;grassroot;0;2
cfed62e1d6;58;grassroot;1;0
e7daf31efb;83;grassroot;0;2
fbbbbb24bd;10;grassroot;0;1
8283b5a7cd;876;grassroot;1;1
ccf047512d;876;grassroot;1;3
1c76113ef1;876;grassroot;1;0
e58a7acee1;876;grassroot;1;0
521081e601;877;grassroot;0;1
f29d2143a6;877;grassroot;1;0
c6ed8761be;2;grassroot;0;1
9f0c7cee9d;2;grassroot;2;0
4a727ad8bd;878;grassroot;0;1
05b6b08103;878;grassroot;1;0
d87cdb9e93;4;grassroot;0;1
0fa3ffed15;879;grassroot;0;1
5a992af223;879;grassroot;1;0
039656a4d0;2;grassroot;0;7
d4f55859aa;2;grassroot;1;0
f285647322;880;grassroot;0;1
65938aa18a;880;grassroot;1;0
2ce36babad;7;grassroot;0;1
8b50367c5b;2;grassroot;1;5
a2c8f16181;2;grassroot;1;0
e22241a21b;2;grassroot;2;0
1fb22e1ccc;2;grassroot;1;0
62a344facc;10;grassroot;0;2
1b1784a49b;10;grassroot;1;0
a682557b3f;859;grassroot;0;1
dcc1ddbd68;881;grassroot;0;1
4a9675e355;881;grassroot;1;1
185a74feac;881;grassroot;1;0
dfa20a6c73;1;grassroot;0;1
4339910d73;74;grassroot;0;1
f880709d0f;2;grassroot;0;1
33047b33b5;6;grassroot;0;1
08cc1e7de8;11;grassroot;0;2
ea60ba6d09;146;grassroot;0;3
0025185fe1;146;grassroot;1;0
9a069a62f9;146;grassroot;1;0
051a3d3659;11;grassroot;0;2
0174568997;6;grassroot;0;1
f4f1ec058b;6;grassroot;3;2
d5a5a0307d;6;grassroot;1;0
bcdd3cadea;6;grassroot;1;1
4836c4fad6;6;grassroot;1;2
792aff2213;6;grassroot;2;0
af97836ec2;142;grassroot;0;1
16bcb7b44a;3;grassroot;0;1
5a78fb4674;6;grassroot;0;1
1604a2bcf6;882;grassroot;0;10
247614173f;882;grassroot;2;0
09dda03e2b;882;grassroot;1;0
01dc86b698;882;grassroot;1;0
4677e026ec;882;grassroot;1;0
436ad892b0;882;grassroot;1;0
cb0069eef6;882;grassroot;1;1
774fb006e0;882;grassroot;1;4
d8eb19e0ac;882;grassroot;1;0
1bb3ed6396;882;grassroot;1;0
d178736966;882;grassroot;1;0
55bc0fd35b;882;grassroot;1;0
ebea980589;882;grassroot;1;0
200ef8a19c;882;grassroot;1;0
288150330b;882;grassroot;1;0
a4db5a5f81;883;grassroot;0;2
20be2de5cf;883;grassroot;1;0
9dcc1e49ef;883;grassroot;1;0
43a4fd5638;884;grassroot;0;1
1a17669c50;884;grassroot;1;0
9215147f24;885;grassroot;0;1
678bd014fc;885;grassroot;1;0
97b61ae4b0;11;grassroot;0;1
7a7fe2b8af;6;grassroot;0;3
b78b1a92c0;1;grassroot;0;1
75847db520;9;grassroot;0;1
f335463e44;2;grassroot;0;1
7c1c012793;3;grassroot;0;10
9edc88d185;3;grassroot;1;0
9bdc70a03f;3;grassroot;1;0
db54702ae7;3;grassroot;1;0
f67c993845;3;grassroot;1;0
0241104425;3;grassroot;1;0
7752f7abad;3;grassroot;1;1
995768dac4;3;grassroot;1;0
b0ea8e6295;2;grassroot;0;1
c52c4a94a8;886;grassroot;0;1
7b3193edb5;886;grassroot;1;0
68b243eebe;887;grassroot;0;1
fe91b5b8e0;887;grassroot;1;0
b48e27bd53;58;grassroot;0;2
f421735daf;58;grassroot;1;0
fc2e71d7b2;888;grassroot;0;1
a2ba74f8af;888;grassroot;1;0
ffae6409b9;889;grassroot;0;1
8cf2d120ae;889;grassroot;1;0
8dbdba94c1;24;grassroot;0;1
cb9b53353f;86;grassroot;0;1
6a8b552d8b;890;grassroot;0;2
79ec9e8864;890;grassroot;1;0
77ea0e14f7;890;grassroot;1;0
3c0e8ea143;4;grassroot;0;1
4d718e696f;8;grassroot;0;1
2d8bca1817;8;grassroot;4;0
144077af50;216;grassroot;0;1
4abb2d9efb;891;grassroot;0;1
ad315c74a2;891;grassroot;1;0
37936af7c7;7;grassroot;0;2
6dcad1aa74;7;grassroot;2;0
a64e447773;7;grassroot;0;1
b26b63e5d8;86;grassroot;0;1
ad87ab6538;8;grassroot;0;2
7b549d67bb;892;grassroot;1;2
f0837ee933;892;grassroot;1;0
70550f80af;892;grassroot;1;0
5e5889b753;893;grassroot;0;1
5cecb51ce1;893;grassroot;1;0
f5c9eaa22c;7;grassroot;0;2
e3e00622b7;7;grassroot;1;0
ff86a9541b;4;grassroot;0;2
0f6fdea04c;4;grassroot;1;0
6c5cec575d;177;grassroot;0;2
ca426aef5e;894;grassroot;0;1
5e90ddf6e6;894;grassroot;1;0
7501d36119;14;grassroot;0;1
4c7d6ec7f7;895;grassroot;0;1
89fc38d5fd;895;grassroot;3;0
abb13cf6e6;2;grassroot;0;1
90c1f713c5;12;grassroot;0;1
43ccf94873;58;grassroot;0;2
fdcc0da35f;1;grassroot;0;1
1e622b3689;2;grassroot;0;1
29dda9a1a2;35;grassroot;0;1
a1c42671a8;896;grassroot;0;1
6fd958a4dd;896;grassroot;1;0
6e3b927a01;2;grassroot;2;1
bbb395a626;897;grassroot;0;2
901ae2a380;897;grassroot;1;0
494918a77a;897;grassroot;1;0
0641b45768;240;grassroot;0;3
50856f76ee;240;grassroot;2;0
011d9a21f0;240;grassroot;2;0
a84a2e99d8;291;grassroot;0;1
5fb2e421ff;898;grassroot;0;1
d0cc761ebf;898;grassroot;1;0
91e5224d30;35;grassroot;0;11
5780d9c86f;269;grassroot;0;1
616624d394;269;grassroot;0;1
faa27f04e3;269;grassroot;0;2
a2a9c99b95;269;grassroot;1;0
64ce12ae97;49;grassroot;0;1
80cefb62e3;9;grassroot;0;2
41e4c92e45;1;grassroot;0;4
e01e8f8633;1;grassroot;3;0
ffcedf3657;4;grassroot;0;2
dd34bde43a;43;grassroot;0;2
b055af3b25;43;grassroot;1;0
408869c83b;43;grassroot;2;2
8a5747d635;899;grassroot;0;5
7842661cbf;899;grassroot;1;0
c1ef27a203;899;grassroot;1;0
e0f7949b64;899;grassroot;1;0
00ec183711;899;grassroot;1;0
c3da97d42f;899;grassroot;1;0
9784ce00cf;2;grassroot;0;1
e6d60b733b;7;grassroot;0;2
0b2a50a64e;7;grassroot;2;0
e8ef75458e;7;grassroot;2;0
26b2fd2c17;7;grassroot;0;1
f95dbc431d;49;grassroot;0;2
b2b3a0a984;49;grassroot;1;1
297f48e85f;2;grassroot;0;1
08b9ad6fcc;900;grassroot;0;1
3cbde49e3a;900;grassroot;1;0
1a6f8561de;901;grassroot;0;1
04095bd1aa;901;grassroot;1;0
07f59f52a4;2;grassroot;0;1
ca0a48ff3b;12;grassroot;0;1
19c5e4021c;902;grassroot;0;2
3570b856c8;902;grassroot;1;0
8eec90601b;902;grassroot;1;0
96ebaeb550;10;grassroot;0;1
1cb804a3a6;903;grassroot;0;1
6c69640fea;903;grassroot;1;0
4bbebc8d86;51;grassroot;0;1
5262f5e3f1;2;grassroot;0;1
52d32ab6c8;297;grassroot;0;1
bb54d45457;904;grassroot;0;1
a21f8899eb;904;grassroot;2;0
ef0ecc1eed;7;grassroot;0;2
b36298879c;7;grassroot;1;0
2582bd5fd3;11;grassroot;0;1
72733d8842;42;grassroot;0;1
e6d33ed4e6;9;grassroot;0;2
8eca01972a;11;grassroot;0;1
1be3d7bf95;519;grassroot;0;1
6753798f98;10;grassroot;0;1
fc87005cc0;1;grassroot;0;1
50e77a3f5e;58;grassroot;0;1
298b74baa6;2;grassroot;0;8
188513fb59;2;grassroot;1;0
6bcce6fe91;10;grassroot;0;1
80b5f30876;905;grassroot;0;1
ccb49319a1;905;grassroot;1;0
c521e83b7d;123;grassroot;0;1
a400efe5cc;2;grassroot;0;1
54401d0298;12;grassroot;0;1
3e3a0f9ac7;123;grassroot;0;1
fb75bca6b9;123;grassroot;2;0
fe46a1aacf;521;grassroot;0;1
dc35109df3;7;grassroot;0;1
b448ec5a39;906;grassroot;0;3
28790e02d1;906;grassroot;1;0
6b07a0bb14;906;grassroot;1;0
79aa8c962c;906;grassroot;1;0
e83841d597;7;grassroot;0;1
ba1cc0b01a;9;grassroot;0;5
9bd60b7058;7;grassroot;2;0
d606c326dc;9;grassroot;1;0
92537a3d2b;907;grassroot;0;1
a82db6b7d7;907;grassroot;1;0
aa1e6397db;4;grassroot;0;1
412387c46d;908;grassroot;0;2
04e17d147a;908;grassroot;1;0
a7cf2857fa;908;grassroot;1;0
bab34f061a;9;grassroot;0;1
9a97b3fe01;591;grassroot;0;1
0fc13ca133;7;grassroot;0;2
ca6dc2bb78;7;grassroot;1;0
34e9d49a6a;7;grassroot;0;1
d1c9ac5c0d;11;grassroot;0;2
52c3624078;11;grassroot;1;0
a8fd17a3c8;337;grassroot;0;1
2e7569af4a;58;grassroot;0;2
1027280231;909;grassroot;0;1
9b09827672;909;grassroot;1;0
c603ff79f5;58;grassroot;0;1
7b2cfcb37a;9;grassroot;0;1
2f5ae88b8c;910;grassroot;0;1
4e6c03a944;910;grassroot;1;0
cd42ac3afe;74;grassroot;0;5
76389b1be9;74;grassroot;1;0
837481089c;74;grassroot;1;0
25cd59c1f5;74;grassroot;1;0
b8a018ee43;12;grassroot;1;0
63f48f0f37;143;grassroot;0;1
d7f35f967b;12;grassroot;0;8
d7d3a23ff9;12;grassroot;1;0
84bafcbd84;12;grassroot;1;0
0f1eabb13b;12;grassroot;1;0
e39c8d9b19;911;grassroot;0;1
b4180681b1;911;grassroot;1;0
b7d7f0af95;912;grassroot;0;1
cbbe800778;912;grassroot;1;0
eaf41a07c1;4;grassroot;0;1
d12c4efc81;1;grassroot;0;1
8adb21f61b;913;grassroot;1;1
45671a4752;913;grassroot;1;1
99ba5d3155;11;grassroot;0;1
0b1faee749;914;grassroot;0;1
3e6c14af74;914;grassroot;1;0
3e2af1a57c;12;grassroot;1;1
eed5389c07;12;grassroot;1;0
ff4b36b0a1;10;grassroot;0;1
f2aed8d9c8;915;grassroot;0;1
2e2390b985;915;grassroot;1;0
f7c8b5c49b;146;grassroot;0;1
2931c19f1c;916;grassroot;0;1
225c5e3814;916;grassroot;1;0
fe21ab1064;89;grassroot;0;1
5f68099b96;13;grassroot;0;3
2d8c438656;13;grassroot;1;0
073a5a2595;13;grassroot;1;0
10f4deeaef;2;grassroot;0;1
299128ac0a;2;grassroot;0;1
7ba6c8c896;917;grassroot;0;4
dea3370c63;917;grassroot;1;0
f4591bc804;917;grassroot;1;0
c160855177;917;grassroot;1;0
2d7e034625;917;grassroot;1;0
4d257080d7;837;grassroot;0;2
7846649c2d;837;grassroot;1;0
0aa7763fd3;918;grassroot;0;1
180f7dcb90;918;grassroot;1;0
31e066558a;2;grassroot;0;3
922cd41e95;2;grassroot;0;5
8572b606bc;2;grassroot;1;0
2af40c7e3b;11;grassroot;0;1
b96a58f5e4;130;grassroot;0;1
9630504e15;14;grassroot;0;2
afd2fec4ba;14;grassroot;1;0
3148bbf801;2;grassroot;0;2
4ea47d7893;2;elite/political;6;0
83aeb283f1;123;grassroot;1;1
4f657bc487;919;grassroot;0;1
9ffc9bf91a;919;grassroot;1;0
3ffb70c9a9;7;grassroot;0;1
2ab957005a;7;grassroot;0;1
6e00bf8cb3;7;grassroot;2;0
2d6d493ee8;12;grassroot;0;1
fbe0c6db9a;9;grassroot;0;1
0869f90726;9;grassroot;0;1
9841dabeb3;8;grassroot;0;1
d97110dd5a;920;grassroot;0;1
6521ac130f;920;grassroot;2;0
2bc492b4d2;7;grassroot;0;1
a3328e8320;4;grassroot;0;1
073f5c8ff3;3;grassroot;0;1
6341bfe456;9;grassroot;0;1
e0e83ae6ad;558;grassroot;0;1
c61139209e;921;grassroot;0;1
fed5a1ba4a;921;grassroot;1;0
6be348a2ce;24;grassroot;0;4
189367753a;2;grassroot;0;4
6af2cc26b5;2;grassroot;0;2
326eced855;70;grassroot;0;1
84d1236131;922;grassroot;0;1
596253d55d;922;grassroot;1;0
10c54832c5;2;grassroot;0;1
3b52a89e85;11;grassroot;0;1
309e26ac9c;69;grassroot;0;5
382c8859dc;69;grassroot;3;0
1ee0b9817b;9;grassroot;1;4
5dcc246566;488;grassroot;0;1
6a6b845a81;923;grassroot;0;1
6988a09e85;923;grassroot;2;0
98bf499c7e;8;grassroot;0;1
70e416e539;69;grassroot;0;1
eb56164d7d;924;grassroot;0;2
fdd69fd201;924;grassroot;1;0
fd216858a3;924;grassroot;1;0
391f2a6d8d;11;grassroot;0;2
89d4cacf3b;925;grassroot;0;1
4c7b42db30;925;grassroot;1;0
003ec7e186;13;grassroot;0;2
b0c7b51001;3;grassroot;0;1
d79be6e6f6;926;grassroot;0;1
1ce77ae779;926;grassroot;1;0
6317d4ebd1;9;grassroot;0;1
19afb1854d;9;grassroot;0;2
2b0b9813c7;10;grassroot;0;1
d5f406650b;2;grassroot;0;1
83bef51d5d;3;grassroot;0;1
7500277621;927;grassroot;0;1
896cb2b94b;927;grassroot;1;0
13337e92db;6;grassroot;0;1
fa046bcb9c;182;grassroot;0;1
8990292500;2;grassroot;0;1
084ac9be95;11;grassroot;0;1
430e03a53c;2;grassroot;0;1
408029dbb3;86;grassroot;0;1
dee60a6e6c;928;grassroot;0;2
3234494257;928;grassroot;1;0
f4549ab4fd;928;grassroot;1;0
38e70c855e;3;grassroot;0;3
b22765b00e;3;grassroot;1;0
a31cd3c4ce;3;grassroot;1;0
4ac4f4c3da;43;grassroot;0;1
edd03036bc;58;media/news;0;1
d2d55e85d8;9;grassroot;0;1
6cc4e9ae1a;10;grassroot;0;1
8389ff3b83;2;grassroot;1;6
9a59ec0290;929;grassroot;0;1
87dd7ab2db;929;grassroot;1;0
4785b4f0a0;930;grassroot;0;1
0dd22498d8;930;grassroot;1;0
d4a35e51c8;931;grassroot;1;1
d9ebe903bc;931;grassroot;1;1
fbb3786ab9;932;grassroot;0;3
a0be20b5cb;932;grassroot;1;0
4f92eb8a04;932;grassroot;1;0
f00c7c521e;932;grassroot;1;0
2706810c2f;904;grassroot;0;1
37d4fa188e;933;grassroot;0;1
a58fc841e6;933;grassroot;1;0
73c71d6ce0;49;grassroot;0;3
b281dd1ca3;16;grassroot;0;3
2ad0abba35;16;grassroot;1;0
64e6d6d857;2;grassroot;0;1
16a4f5d1a9;49;grassroot;0;2
0191a2b923;49;grassroot;2;0
00e21788a0;127;grassroot;0;9
09859f895b;4;grassroot;0;1
eb00f66b26;74;grassroot;0;2
81e9ea236b;10;grassroot;0;3
8ee1813ba9;10;grassroot;1;0
add3684e5b;10;grassroot;1;0
14cd8d43e5;934;grassroot;0;2
d3860ff986;934;grassroot;1;0
6897f65569;934;grassroot;1;0
bdac80a8af;7;grassroot;0;1
642c65c48d;3;grassroot;0;1
00989e0a5b;43;grassroot;0;2
fcfaa2e1fa;12;grassroot;0;1
fa5e1375bf;935;grassroot;0;1
a0bc00f4ba;935;grassroot;1;0
200b414187;12;grassroot;0;1
0a0d75f357;86;grassroot;0;1
4bce22363e;2;grassroot;0;2
63009fd85b;10;grassroot;0;1
9835fe4234;2;grassroot;0;8
bb7e53fbe2;2;grassroot;2;0
8fb6e36850;2;grassroot;1;0
4f5963e2a7;936;grassroot;0;1
ede2f829da;936;grassroot;1;0
5d7235f4e7;51;grassroot;0;3
380e48225b;5;grassroot;0;3
ea8502b87f;5;grassroot;1;0
79ef45c2a8;12;grassroot;0;2
baf31e67d4;10;grassroot;0;1
05695ccc2b;13;grassroot;0;1
c7d2ec762b;10;grassroot;0;1
058de6212a;519;grassroot;0;1
ea3f3787fc;937;grassroot;0;1
206a425843;937;grassroot;1;0
5f79071cb2;85;grassroot;0;1
9410ff4f01;7;grassroot;0;2
ebcf7f94f0;10;grassroot;0;1
2772bc8c5f;9;grassroot;0;1
31231df496;938;grassroot;0;2
848f2a961d;938;grassroot;1;0
5c97b89159;938;grassroot;1;0
ec62e603b9;939;grassroot;0;1
a0c6c48346;939;grassroot;1;0
ed9e717207;7;grassroot;0;1
59e6775a01;940;grassroot;0;1
896dbb040a;940;grassroot;1;0
0c701ebf78;941;grassroot;0;1
f97714d88b;941;grassroot;1;0
a77770b328;11;grassroot;0;1
9dfe5153e1;32;grassroot;0;2
ab9b565c33;613;grassroot;0;2
5ed00f03c6;613;grassroot;1;0
f9b8fb1724;86;grassroot;0;1
f8e83ec3ee;10;grassroot;0;1
b0891809e0;86;grassroot;0;1
2d6ebe7601;2;grassroot;0;1
4d27bfae45;2;grassroot;0;2
e72b492897;2;grassroot;0;2
cfa1f862bb;382;grassroot;0;2
e4b7ebbdae;382;grassroot;1;1
1512846c4c;2;grassroot;0;1
66fd2bbed7;942;grassroot;0;2
d3eb96f0dc;942;grassroot;1;0
e4e9da18f5;942;grassroot;1;0
6bd59f1c02;2;grassroot;0;2
47e01dd519;49;grassroot;0;1
e945c40e66;69;grassroot;0;2
be64d23ef9;32;grassroot;0;1
5035b943b6;13;grassroot;0;1
dc2777b72d;2;grassroot;0;2
e52e02ff2c;86;grassroot;0;1
6eb0a60017;2;grassroot;0;2
57a0b52b49;2;elite/political;3;0
0d541fc770;7;grassroot;0;1
e47796a699;943;grassroot;0;1
b61f7093fd;943;grassroot;2;0
774007d713;12;grassroot;0;1
4519545545;43;grassroot;0;2
4ea655681e;89;grassroot;0;1
2fc4b2cbbe;9;grassroot;0;1
08ff70fbe4;12;grassroot;0;1
57432c882a;14;grassroot;0;1
a653abda78;8;grassroot;0;1
31b0df1498;12;grassroot;0;1
52a88987fe;10;grassroot;0;7
7d540feb57;10;grassroot;1;0
2a947761a3;2;grassroot;0;2
40ddf98fc5;2;grassroot;0;1
74ea73f879;4;grassroot;0;1
87cb767844;2;grassroot;0;4
7ab07f38a2;944;grassroot;0;2
4c61d583e0;944;grassroot;1;0
31b6fdeee5;944;grassroot;1;0
2df8196c18;2;grassroot;0;1
1fc136a038;2;grassroot;0;6
5959da932f;2;grassroot;1;0
891c7e37b2;10;grassroot;0;1
19d3b78801;945;grassroot;0;1
0c442241f1;945;grassroot;1;0
5d3e085e1a;12;grassroot;0;1
be4cd4a16b;946;grassroot;0;1
616ce45378;946;grassroot;1;0
ccd5e15b48;947;grassroot;0;2
437b22815f;947;grassroot;1;0
f898b62bae;947;grassroot;1;0
2abb685685;3;grassroot;0;1
bf88daabef;7;grassroot;0;1
f76cb602a9;58;grassroot;0;11
05e75d7e40;58;grassroot;1;0
822483d80b;123;grassroot;0;3
fe9476f9e7;123;grassroot;1;0
e78cba9250;123;grassroot;1;0
22d896e57c;3;grassroot;0;3
0627085a06;3;grassroot;3;0
4839613798;5;grassroot;0;2
cdef64c137;86;grassroot;0;1
d340739f20;74;grassroot;0;2
ffa2b839a6;948;grassroot;0;1
6682394182;948;grassroot;1;0
5100db34a5;10;grassroot;0;1
67edff5335;49;grassroot;0;2
54e5b24bdf;49;grassroot;1;0
5626edffc6;137;grassroot;0;1
4ff747d4ce;626;grassroot;0;1
e377db8408;949;grassroot;0;1
efe8e7324e;949;grassroot;1;0
115be24911;89;grassroot;0;2
184b430556;2;grassroot;0;1
b6c92532aa;127;grassroot;0;1
14a0bc2abc;13;grassroot;0;3
9e0dc45903;950;grassroot;0;2
551ae2715d;950;grassroot;1;0
62467d9a2f;950;grassroot;1;0
325fe7f5ee;8;grassroot;0;3
7e6687942f;8;grassroot;1;0
3c57ce9826;58;grassroot;0;1
5ec01d6c78;12;grassroot;0;1
e715ee7549;951;grassroot;0;1
b8ade447cc;951;grassroot;1;0
2dca3fa3c5;2;grassroot;0;1
f6bdc85097;43;grassroot;0;1
0111036689;123;grassroot;0;1
220fa1f850;7;grassroot;0;3
387f581bd8;7;grassroot;1;0
cbbd314960;952;grassroot;0;2
9cd988cba7;952;grassroot;1;0
c403a37f61;952;grassroot;1;0
136d955cf7;953;grassroot;0;1
76946a5a59;953;grassroot;1;0
b09e9b1948;3;grassroot;0;1
c41b45106d;12;grassroot;0;1
6b581868eb;954;grassroot;0;1
b77a1ca822;954;grassroot;1;0
9f0f73d2e7;3;grassroot;0;2
ce1f19a62a;2;grassroot;0;1
6c0067dd32;8;grassroot;0;1
f94ddfbd72;6;grassroot;0;1
0eec9b0cb2;4;grassroot;0;1
7e701074a4;86;grassroot;0;1
4fbe31cac6;6;grassroot;0;2
b978e641fd;89;grassroot;0;1
de992a7751;58;grassroot;0;2
aaaa666d79;58;grassroot;1;0
c0b602beb2;7;grassroot;0;3
baee93defc;9;grassroot;0;1
dd9c9e631b;49;grassroot;0;1
d943c36438;955;grassroot;0;1
70422b408a;955;grassroot;1;0
1fcf24a59b;1;grassroot;0;4
fd4fb481a3;1;grassroot;1;0
6b22990865;24;grassroot;0;1
67604ddc60;2;grassroot;0;1
21c3d86152;3;grassroot;0;1
d30e274589;13;grassroot;0;3
652cb00581;13;grassroot;1;0
883b15e630;13;grassroot;1;0
5ccbd1dc7e;9;grassroot;0;1
cb04efc7d7;956;grassroot;0;1
2afa04ba25;956;grassroot;1;0
4b7bd1229b;2;grassroot;0;1
c76aab047e;957;grassroot;0;1
f3739db61d;957;grassroot;1;0
e0bdc2c126;6;grassroot;0;1
a34405abd4;2;grassroot;0;1
35a55048d2;35;grassroot;0;2
2bd4dc9343;12;grassroot;0;2
05985abe31;1;grassroot;0;2
3dd832e35c;958;grassroot;0;1
775b14785b;958;grassroot;1;0
95882e9eef;959;grassroot;0;2
0ad3f78d33;959;grassroot;1;0
1c2308c036;959;grassroot;1;0
0375805186;960;grassroot;0;2
1c67546e66;960;grassroot;1;0
a61af23a82;960;grassroot;1;0
c4fa7bc16b;43;grassroot;0;1
267e1b5ac3;179;grassroot;0;1
df3eb0c1a6;3;grassroot;0;2
53d92fa25e;961;grassroot;0;1
ecd0cc92b5;961;grassroot;1;0
45a6639bbf;3;grassroot;0;1
c813da779f;1;grassroot;0;1
2d0bdc1e4d;6;grassroot;0;1
90aca45f90;1;grassroot;0;1
07264bab0f;2;grassroot;0;2
e351895dfe;2;elite/political;1;0
7afec36657;2;grassroot;0;3
7a76018303;74;grassroot;0;1
7555c646fb;24;grassroot;0;3
dc493139f4;24;grassroot;1;0
6f03094d9a;962;grassroot;0;1
54bb282d60;962;grassroot;1;0
d0a0c5427b;664;grassroot;0;1
32a9e7eba8;43;grassroot;0;1
1e2b8e14f5;1;grassroot;0;1
56f1a9e385;12;grassroot;0;2
8ccd1fccdf;1;grassroot;0;1
cdcd60dc62;58;grassroot;0;1
a7c627c628;3;grassroot;0;2
d4ac06aebd;10;grassroot;0;1
5ae8fb9de5;1;grassroot;0;4
54e0a3cbd3;963;grassroot;0;1
9f316bb638;963;grassroot;1;0
37e90ec137;123;grassroot;0;1
dc09ecddfc;964;grassroot;0;1
2e0ddcf69a;964;grassroot;1;0
983df630a2;965;grassroot;0;1
1d3788211d;965;grassroot;1;0
415dfb0caf;7;grassroot;0;4
1e0567924c;7;grassroot;1;0
b6729d547c;11;grassroot;0;2
0e5fb1092b;11;grassroot;1;0
610c650456;42;grassroot;0;3
844d279008;42;grassroot;1;0
7a21f35d02;966;grassroot;0;1
1cc4228222;966;grassroot;1;0
7b71808e97;10;grassroot;0;1
f844b55de8;356;grassroot;0;2
3407e56a6b;356;grassroot;1;1
2da6887824;356;grassroot;1;0
7fafbf36c5;2;grassroot;0;1
2122febf51;967;grassroot;0;1
625559ba31;967;grassroot;1;0
212a3f083e;968;grassroot;0;1
f4732c0888;968;grassroot;1;0
d8cc1ff9da;210;grassroot;0;1
fd4637eb60;6;grassroot;1;3
020e1625d3;969;grassroot;0;1
06a4b97835;969;grassroot;1;0
f6253a5374;970;grassroot;0;3
c637d15a0d;970;grassroot;2;0
69481adbc3;970;grassroot;1;0
5acc9c3d0c;970;grassroot;1;0
5c83d063d8;11;grassroot;0;1
45bc815efd;6;grassroot;0;1
ab85f19921;12;grassroot;0;1
c46f966619;12;grassroot;0;2
3a82277fe1;971;grassroot;0;1
7bad275b83;971;grassroot;1;0
a1580c9ba3;7;grassroot;0;1
29620dd87d;3;grassroot;0;1
ccbcd006d8;7;grassroot;0;3
8a8ff8150d;7;grassroot;1;0
ccc332ece5;7;grassroot;0;1
a92674c829;14;grassroot;0;2
bad0bdd9c8;14;grassroot;1;0
b8df057257;972;grassroot;0;1
0c6eb90aeb;972;grassroot;1;0
8ca7d20f4d;6;grassroot;0;4
c3f1cc8421;6;grassroot;1;0
ba21a81b83;8;grassroot;0;1
1e238d2cb9;58;grassroot;0;1
4672bbbc70;9;grassroot;0;1
b2349d3ead;3;grassroot;0;1
56b5445956;2;grassroot;0;1
81a9f53d44;448;grassroot;0;4
d26677e301;448;grassroot;1;0
dd8901b4fb;448;grassroot;1;0
fe9b30e300;448;grassroot;1;0
68dc84f81f;35;grassroot;0;1
f788fc1c58;7;grassroot;0;3
7ac9b6828f;2;grassroot;0;4
deffc160ef;2;grassroot;1;0
38f7400fe5;70;grassroot;0;1
dcd3ef16b7;973;grassroot;0;1
c61c278c6b;973;grassroot;1;0
a8dbae3b2e;1;grassroot;0;1
9b59e10c86;12;grassroot;0;1
cd6e7427c1;7;grassroot;0;1
61a874f127;86;grassroot;0;6
9137242dc5;86;grassroot;1;0
1c0fe8c4d7;85;grassroot;0;5
ac8616af07;85;grassroot;1;0
f186e7522e;85;grassroot;1;0
ea56c82756;85;grassroot;1;0
6270d6c950;2;grassroot;0;1
d251f7bb58;7;grassroot;0;1
7ec4931e14;974;grassroot;0;1
44dcb4c58e;974;grassroot;1;0
bb88a2b60c;975;grassroot;0;1
a8bb9f8c5d;975;grassroot;1;0
01f319b218;11;grassroot;0;1
6e67d7816d;58;grassroot;0;1
a58e6fa1e5;24;grassroot;0;2
dc94e66937;976;grassroot;0;2
750f2e0c3a;976;grassroot;1;0
0f1344c8b8;976;grassroot;1;0
b85b39fb21;977;grassroot;0;1
8e5500637c;977;grassroot;1;0
4bb161ecf1;8;grassroot;0;2
f45e22229d;978;grassroot;0;1
6b9d265a29;978;grassroot;1;0
1c323d21bb;979;grassroot;0;2
61e5201100;979;grassroot;1;0
7bc885a051;979;grassroot;2;0
2bb2513ff1;13;grassroot;0;1
b771456c33;2;grassroot;0;1
94a0fee40f;980;grassroot;0;1
712ff1e204;980;grassroot;1;0
26708d8445;83;grassroot;0;2
4d0f9d4d9a;83;grassroot;1;0
b108217437;2;grassroot;0;1
f7f3d0ec73;981;grassroot;0;1
bd8cde61cc;981;grassroot;1;0
3337b05359;982;grassroot;0;1
ebc299d346;982;grassroot;1;0
f0a21877bb;983;grassroot;0;1
c136769bb7;983;grassroot;1;0
597efccd6f;11;grassroot;0;2
cd0a78fcb9;4;grassroot;0;1
80a0af3d7a;4;grassroot;0;1
9e11482a66;130;grassroot;0;2
162b9dd328;130;grassroot;1;0
ff5dd7a51d;10;grassroot;0;1
03ca21b161;11;grassroot;0;1
f82218f43b;984;grassroot;0;1
b1ccbb4caf;984;grassroot;2;0
c4415261ed;10;grassroot;0;2
1d55ee3293;10;grassroot;1;0
f7e6b36aa8;297;grassroot;0;17
237300f032;297;grassroot;1;0
b3585d82bb;297;grassroot;1;0
f25c868659;297;grassroot;1;0
6d1b5fd3ee;297;grassroot;1;0
583efdcb60;297;grassroot;1;0
dfb7f72bec;297;grassroot;1;0
06bdcc5afb;297;grassroot;1;0
e06850bfb3;297;grassroot;1;0
fae317f9da;297;grassroot;1;0
6eeca4d7a8;297;grassroot;1;0
9b7c48c642;297;grassroot;1;0
000676369b;297;grassroot;1;0
71c658f708;297;grassroot;1;0
807da9b877;297;grassroot;1;0
146b5de757;297;grassroot;1;0
135b3400d8;297;grassroot;1;0
5579932018;985;grassroot;0;1
e8b818d1f4;985;grassroot;1;0
e5ff6369ce;10;grassroot;0;1
94cf35f894;2;grassroot;0;1
32c6361bdf;986;grassroot;0;1
c049391480;986;grassroot;1;0
036fac96d0;987;grassroot;0;1
a41d34506d;987;grassroot;1;0
06b4ad2086;2;grassroot;0;4
a08d6dd1dd;2;grassroot;1;0
0ecca49cea;11;grassroot;0;1
5ac82567a7;988;grassroot;0;2
fa8efb156e;988;grassroot;1;0
83fe529d5f;988;grassroot;1;0
a880241d3f;7;grassroot;0;6
1cab215b82;7;grassroot;1;0
0ce6e7e653;7;grassroot;2;0
7bea813824;7;grassroot;0;2
9c03b420b0;9;grassroot;0;1
5c883ee5ec;2;grassroot;0;2
cf6126bf6a;920;grassroot;0;1
34cb2df8b0;92;grassroot;0;1
680d6f9cdc;12;grassroot;0;1
37a5edde6d;2;grassroot;0;1
9db568442f;2;grassroot;0;1
f7db15b913;989;grassroot;0;1
3a666aff23;989;grassroot;1;0
8782570268;990;grassroot;1;1
f9b9ffed78;990;grassroot;1;1
2c53ba043b;991;grassroot;0;1
ae31a514e8;991;grassroot;4;0
056813ba53;43;grassroot;0;1
5c682db1d3;992;grassroot;0;2
6c5b322b03;992;grassroot;1;0
bf0334a9bd;992;grassroot;1;0
57da25b35d;104;grassroot;0;1
f16f98f652;9;grassroot;0;2
aa1ed76b35;42;grassroot;0;1
58d2f1e4d2;112;grassroot;0;1
3820f688df;7;grassroot;0;1
c7c7ebd780;2;grassroot;0;1
8af104e3d2;70;grassroot;0;1
59eab5c63b;49;grassroot;0;1
52074a1a3b;993;grassroot;0;1
58dc1be144;993;grassroot;1;0
c96a80065b;1;grassroot;0;1
45a2cfda46;994;grassroot;0;1
ff5f43c174;994;grassroot;1;0
372777d913;6;grassroot;0;1
76c63e4b96;995;grassroot;0;2
03d62ee66f;995;grassroot;1;0
f40c5965cd;995;grassroot;1;0
d1b74aa6ab;7;grassroot;0;1
69a14a3c9c;11;grassroot;0;1
00596b4bc8;996;grassroot;1;1
2649eb1c17;996;grassroot;1;1
126d97aeec;2;grassroot;0;3
26895e43da;997;grassroot;0;1
a18fe79290;997;grassroot;1;0
eae1627ce2;3;grassroot;0;3
bb24b2cbf0;3;grassroot;1;0
f53cd5d9bd;3;grassroot;1;0
40825264b9;35;grassroot;0;1
81f3fa0d68;9;grassroot;0;1
8769a528d0;998;grassroot;0;1
4102b7c87b;998;grassroot;1;0
8031fe9b65;10;grassroot;0;1
753b5c7d89;12;grassroot;0;1
fc29e4b68f;14;grassroot;0;4
cdfcd7df92;14;grassroot;1;0
23acbca15d;14;grassroot;1;0
21c95eccda;14;grassroot;1;0
9d4d249062;999;grassroot;0;1
76dfde3ec5;999;grassroot;1;0
e6508bfc87;1000;grassroot;0;1
0bf965d254;1000;grassroot;1;0
e9c8d3747b;6;grassroot;0;1
892bcfb2aa;1001;grassroot;0;1
204a03f369;1001;grassroot;1;0
8a9131a676;1002;grassroot;0;1
6ae2e47e92;1002;grassroot;1;0
d8763f40cf;4;grassroot;0;3
2afb085912;4;grassroot;1;0
32e4a15b00;2;grassroot;0;4
db815744c5;9;grassroot;0;4
48e79c8980;9;grassroot;1;0
3e2723b1ab;9;grassroot;1;0
27e99676c3;86;grassroot;0;1
0a3ea83b07;131;grassroot;0;1
8f0cf470ff;1003;grassroot;0;1
cc438b7de8;1003;grassroot;1;0
670cf88d0b;49;grassroot;0;1
7923a10fd7;3;grassroot;0;1
09039edc5e;1004;grassroot;0;1
d8cb0cb6ff;1004;grassroot;1;0
dbdbf8563b;86;grassroot;0;1
7fd90c9706;1005;grassroot;0;1
4097a5264d;1005;grassroot;1;0
11915a9526;1006;grassroot;0;1
97e1af0832;1006;grassroot;1;0
d405e6806e;9;grassroot;0;1
8bb2a64c25;1007;grassroot;0;1
8151eafef9;1007;grassroot;1;0
c0462995ab;1008;grassroot;0;1
5c28e0dd0a;1008;grassroot;1;0
93b85dd2d0;6;grassroot;0;1
c3690a9a51;12;grassroot;0;1
9a4053947c;35;grassroot;0;1
cc663d8f04;7;grassroot;0;1
ee64ccbdc2;11;grassroot;0;1
3b4c4fb408;9;grassroot;0;1
f6578d009e;9;grassroot;0;2
2d6914ebe9;1009;grassroot;0;1
63f7b0cf96;1009;grassroot;1;0
96540a5840;3;grassroot;0;2
4dcc42a679;3;grassroot;1;0
1969d3e42d;2;grassroot;0;1
17017c4052;298;grassroot;0;1
ff482d8524;1010;grassroot;0;1
16e42e9d9a;1010;grassroot;1;0
d699607b90;1011;grassroot;0;1
f04ae69bf2;1011;grassroot;2;0
92ae16295d;1012;grassroot;0;1
c79e54f116;1012;grassroot;1;0
e736a5b85a;13;grassroot;0;4
cae0e63687;13;grassroot;1;0
d3b0373de1;651;grassroot;0;1
3e5d982ed1;15;grassroot;0;2
143022b22c;6;grassroot;0;2
933c9a2100;1;grassroot;0;3
834071899d;1;grassroot;1;0
553ca486df;1;grassroot;1;0
6202b3aa54;123;grassroot;0;2
1643703546;1013;grassroot;0;1
06ac127595;1013;grassroot;1;0
625a2f862c;1014;grassroot;0;1
8dc1e05453;1014;grassroot;1;0
22b916f908;1015;grassroot;0;3
ba9c1b2143;1015;grassroot;1;0
0c4381b7d7;1015;grassroot;1;0
a7f95ed79e;1015;grassroot;1;0
72e19b1e00;1016;grassroot;0;1
3f9a5a9e3b;1016;grassroot;1;0
642dfc251f;2;grassroot;0;1
2d56c4b05e;16;grassroot;0;5
0ee71e3957;16;grassroot;1;0
438db43ec1;16;grassroot;1;0
1ecb7c759d;2;grassroot;0;1
013a4e79fa;1;grassroot;0;1
a5a6dbdf4c;1017;grassroot;0;2
b6c864c6fa;1017;grassroot;1;0
fbf27c5b32;1017;grassroot;1;0
9d78704e58;1018;grassroot;0;1
3ae7469610;1018;grassroot;1;0
128636bbd5;6;grassroot;0;1
664c2acbfc;9;grassroot;0;3
2175e8d196;9;grassroot;1;0
2b7a228ede;123;grassroot;0;1
b19961de10;1019;grassroot;0;1
9d6ae4ab48;1019;grassroot;1;0
3fac295a14;13;grassroot;0;1
2710c32051;76;grassroot;0;2
25a858fd75;76;grassroot;1;0
da6b526222;1;grassroot;0;1
a550bf3de2;2;grassroot;0;23
e3f95a1710;86;elite/political;3;0
84c29c1b9d;2;grassroot;1;0
291b177157;2;grassroot;1;0
5dd61cde0b;2;grassroot;1;0
bf68f1c12f;2;grassroot;1;0
7895d98ccd;2;grassroot;1;0
02cea518c2;2;grassroot;1;0
dcb4ac0b90;1020;grassroot;0;1
a539908e7b;1020;grassroot;1;0
ce2372e478;1021;grassroot;0;1
3fb63913d8;1021;grassroot;1;0
21d1de3b5c;2;grassroot;0;1
8fb9c1ba33;42;grassroot;0;6
b4baad72c5;42;grassroot;1;0
896c027c21;625;grassroot;0;2
a4d8f30de2;625;grassroot;1;0
8e290f6e3b;2;grassroot;0;3
b950650caa;69;grassroot;0;1
fea388e746;12;grassroot;0;1
88d89493ef;10;grassroot;0;1
d9912c9f3f;11;grassroot;0;1
9092e74f9d;16;grassroot;0;3
83524a7f91;16;grassroot;1;2
ae4fdf9e72;11;grassroot;0;3
6a6bfd5534;11;grassroot;1;0
767ee8ddf9;35;grassroot;0;11
4adbfb894c;3;grassroot;0;1
15f54a9daf;2;grassroot;0;3
78a31a2aa7;1022;grassroot;0;2
8f2210181f;1022;grassroot;1;0
a08686e623;1022;grassroot;2;0
d5e54bb41f;1;grassroot;0;1
5a2ec7aff5;69;grassroot;0;2
1024ec6732;69;grassroot;1;0
c88ffd545e;10;grassroot;0;1
007da1d1c6;12;grassroot;0;2
12df19da2d;12;grassroot;1;0
b4140418f4;1023;grassroot;0;1
9b1f29e1cd;1023;grassroot;1;0
039cd7d0fb;1024;grassroot;0;1
538a82ff6c;1024;grassroot;1;0
4d3978ff37;10;grassroot;0;4
b51fc76fde;1025;grassroot;0;2
1a0d236c5b;1025;grassroot;1;0
07696806bc;1025;grassroot;1;0
3c2c90eefd;1026;grassroot;0;1
0e1a5bc70f;1026;grassroot;1;0
b437272dc3;70;grassroot;0;1
f4459ad425;2;grassroot;0;3
9da1255142;2;grassroot;1;0
b8915f518c;1027;grassroot;0;11
89c17d606f;1027;grassroot;1;0
5b599609fe;1027;grassroot;1;0
d95970d06a;1027;grassroot;1;0
e3e085f931;1027;grassroot;1;0
d3a796c768;1027;grassroot;1;0
844d4c49d0;1027;grassroot;1;0
d371281456;1027;grassroot;1;0
370d4e088d;1027;grassroot;1;0
c44bca19ed;1027;grassroot;1;0
5cddca19e3;1027;grassroot;1;0
09c2bcf26e;1027;grassroot;1;0
a79e60d251;143;grassroot;1;6
e79c1c7e4c;143;grassroot;2;0
94cfcfe139;143;grassroot;2;0
655ac126ef;143;grassroot;2;0
e182285675;143;grassroot;1;5
e2a4a0cf14;143;grassroot;1;0
b4f1b1c973;127;grassroot;0;8
13082c4e60;127;grassroot;1;0
3e245ecf92;42;grassroot;0;3
1f141834c7;42;grassroot;1;0
ca6e016915;42;grassroot;1;0
08e5077e44;74;grassroot;0;2
d48f8a85a1;1028;grassroot;0;1
6a6ac479a0;1028;grassroot;1;0
96a9e7d969;13;grassroot;0;2
16c01bb475;1029;grassroot;0;1
e59123a7cb;1029;grassroot;1;0
a0ca4858ba;7;grassroot;0;1
6ccfddbcdc;7;grassroot;0;1
af2867cdc5;1030;grassroot;0;1
2475661eaa;1030;grassroot;1;0
18ef66cac4;7;grassroot;0;6
4ace887483;7;grassroot;1;0
d86be41392;7;grassroot;1;0
a551f1aaf3;7;grassroot;1;0
6f0e4e9978;7;grassroot;1;0
8ec3064419;9;grassroot;0;1
b14ce30262;11;grassroot;0;1
87231c3916;3;grassroot;0;1
864170bdfb;49;grassroot;0;1
de0550d666;43;grassroot;0;11
1e3ae0e826;43;grassroot;2;0
ebd89ee42f;9;grassroot;0;3
3725b255c9;9;media/news;1;0
9627bbfdea;9;media/news;2;0
8fb81441c5;2;grassroot;0;1
27771a8a21;12;grassroot;0;1
57f94ee555;2;grassroot;0;1
a9b1028e41;10;grassroot;0;1
3d1de1cc0a;291;grassroot;0;1
70359b5825;69;grassroot;1;2
432553c3e6;69;grassroot;1;2
9f2415fd9a;1031;grassroot;0;1
f39df8c0ad;1031;grassroot;1;0
b21346691e;991;grassroot;0;1
565c39e6b5;49;grassroot;0;2
0eddbf61a2;7;grassroot;0;2
ee0640e6fc;1032;grassroot;0;1
27f29a0487;1032;grassroot;1;0
95ff4537ab;70;grassroot;0;1
af907dca66;8;grassroot;0;1
2f4a343d6c;4;grassroot;0;3
b6707c5f32;4;grassroot;1;0
c7222415b5;10;grassroot;0;1
f8a3b781cb;1033;grassroot;0;1
47d3a0c622;1033;grassroot;1;0
972744e10d;5;grassroot;0;1
a8f91fe61d;5;grassroot;2;0
bf6e37a1b0;292;grassroot;0;2
d463c61a5a;292;grassroot;1;0
0d16a4b5fa;7;grassroot;0;2
123093eb33;7;grassroot;1;0
7798ec20bd;9;grassroot;0;2
bfb1e06d0d;9;grassroot;1;0
a0b8e59397;2;grassroot;0;14
f91d12d968;2;grassroot;2;0
3c83f9e4c8;2;grassroot;1;0
e4c37aeb6a;4;grassroot;0;1
b750a70b3d;1034;grassroot;0;3
c07d07f500;1034;grassroot;1;0
9e4a3e2056;1034;grassroot;1;0
721a334f6c;1034;grassroot;1;0
e27a06406b;6;grassroot;0;1
0dde09ed01;6;grassroot;0;2
619c3751d8;24;grassroot;0;1
2b7ec057c8;70;grassroot;0;2
640136b797;2;grassroot;0;5
bceaf4487b;9;grassroot;0;1
2764cb60a3;1035;grassroot;0;2
5382ad072b;1035;grassroot;1;0
0f3ef81d09;1035;grassroot;1;0
5c3372a58b;803;grassroot;0;1
6ce8e5dbec;42;grassroot;0;1
a5a0ade86b;42;grassroot;0;1
47c0417876;9;grassroot;0;1
4c61220bc0;12;grassroot;0;2
f8d083486f;12;grassroot;1;0
b6eb835d56;1036;grassroot;0;2
ecf00a49f1;1036;grassroot;1;0
684c94d107;1036;grassroot;1;0
2e315e414d;2;grassroot;0;2
fc20ef178c;1037;grassroot;0;1
7f350b72e3;1037;grassroot;1;0
1636dda2af;11;grassroot;0;1
5cc0864346;3;grassroot;0;1
d47781194e;127;grassroot;0;6
84ff97e1cf;127;grassroot;3;0
39fc9bfa71;127;grassroot;1;0
17fb49ad10;127;grassroot;1;0
ccfe003549;416;grassroot;0;3
b327fe70ba;416;grassroot;1;0
562e4772e2;416;grassroot;1;0
77191ee3b3;35;grassroot;0;1
b37aecd993;8;grassroot;0;1
6908350165;11;grassroot;0;3
b170d77eb8;11;grassroot;1;0
acbdc53bee;15;grassroot;0;2
ef73f939a4;32;grassroot;0;1
3acbc39270;662;grassroot;0;1
4c735e7c24;69;grassroot;0;2
8efd659194;2;grassroot;0;1
5af29d0e56;9;grassroot;0;1
02129c9bc8;70;grassroot;0;1
b7dc1ba472;2;grassroot;1;10
1c3cf313a9;2;elite/political;1;0
40df8d5dbc;10;grassroot;0;1
9550bae5a8;2;grassroot;0;2
68329b89c0;86;grassroot;0;1
9160f8f543;1038;grassroot;0;2
9cd8504ea3;1038;grassroot;1;0
d22b641815;1038;grassroot;1;0
86fdacf15a;2;grassroot;0;1
e0897adf78;1039;grassroot;0;1
ad77ab4bd9;1039;grassroot;1;0
028dfd6d16;43;grassroot;0;1
9ee7043a3e;7;grassroot;0;1
3a746d99cd;11;grassroot;0;2
115be5f409;1;grassroot;0;1
14b3825ab8;1040;grassroot;0;1
db58b1001e;1040;grassroot;1;0
99daf1a8fb;11;grassroot;0;3
23ac8a923c;11;grassroot;1;0
ae0ec798a1;11;grassroot;1;0
5d2eb98dea;1041;grassroot;1;1
835f9e2000;1041;grassroot;1;0
ffef87df84;3;grassroot;0;2
52409803ec;3;grassroot;1;0
0c51ff6ee2;2;grassroot;0;1
d1473b5bc7;12;grassroot;0;1
8b5e4168fb;86;grassroot;0;1
ea8fb9cf84;1042;grassroot;0;1
b6e00573fd;1042;grassroot;1;0
8d105c9ff0;247;grassroot;0;1
9697c39240;16;grassroot;0;6
845cfaea6e;16;media/news;1;0
e923827397;16;grassroot;1;0
317e591c14;16;grassroot;1;0
c1ff43128b;1043;grassroot;0;1
5e92bf1964;1043;grassroot;1;0
9938b9f530;1044;grassroot;0;1
c20e56d2ca;1044;grassroot;1;0
0f770a6860;32;grassroot;0;1
bfbf1d95d6;4;grassroot;1;1
a222666730;12;grassroot;0;2
6616cb2efc;12;grassroot;1;0
5e004a5969;1045;grassroot;0;3
6774d49985;1045;grassroot;1;0
9627d55111;1045;grassroot;1;0
9f4c987362;1045;grassroot;1;0
bfdf35bff3;12;grassroot;0;1
2700ca42b2;2;grassroot;0;1
08ae8231e8;12;grassroot;0;1
6c6f060d17;123;grassroot;0;1
297076bf2a;7;grassroot;0;1
e5595729dc;123;grassroot;0;1
903aabc0a6;12;grassroot;0;1
a882c7df00;1046;grassroot;0;1
f15a256bc7;1046;grassroot;1;0
93c5a99ceb;12;grassroot;0;1
34562a4c05;2;grassroot;0;2
531bbcffd3;10;grassroot;0;2
e8ed90a42e;10;grassroot;1;0
199ebde1e8;10;grassroot;0;1
2480e1c28c;6;grassroot;0;2
e0e6aa55da;6;grassroot;1;0
7ee50d9e62;1047;grassroot;0;1
b362d8a97a;1047;grassroot;4;0
ff4960d786;7;grassroot;0;1
05b224560d;1048;grassroot;0;1
906b27b27a;1048;grassroot;1;0
16d5156eef;4;grassroot;0;1
8255d0b45f;12;grassroot;0;6
dd1c68358e;2;grassroot;0;3
c9e294398a;2;grassroot;1;0
ba184a896c;12;grassroot;0;1
fc5f7c6a62;3;grassroot;0;1
937e044912;3;grassroot;0;1
cd1a46f5bc;9;grassroot;0;1
a4a1bc28e5;2;grassroot;0;2
5d7243214e;2;grassroot;0;7
57ee142590;2;grassroot;0;13
293f07729b;2;grassroot;1;0
97668d2c47;2;grassroot;1;0
fc0bf6fe6c;2;grassroot;1;0
96befa0b5b;2;grassroot;1;0
725fb05a44;11;grassroot;0;5
ed69b6f626;11;grassroot;2;0
3a6ac64757;11;grassroot;2;0
339dee6358;51;grassroot;0;1
07454490ca;2;grassroot;0;1
d57ad063b5;1049;grassroot;0;1
c6b312868e;1049;grassroot;1;0
5c3e796bf1;1050;grassroot;0;2
59e0152557;1050;grassroot;1;0
2e8c5c91fa;1050;grassroot;1;0
6a2df6c649;16;grassroot;0;1
72624148ae;1;grassroot;0;1
aa689a21e7;12;grassroot;0;2
7a12cec372;6;grassroot;0;1
42e8131d81;2;grassroot;0;1
d465865873;1;grassroot;0;1
aa86ae2901;182;grassroot;0;3
aeaf3eae3c;182;grassroot;1;0
e655102822;182;grassroot;1;0
4b8ae2e39f;104;grassroot;0;1
43e65069c1;10;grassroot;0;1
5720a1915c;1051;grassroot;0;1
62e1570356;1051;grassroot;1;0
2afcee522b;2;grassroot;0;8
99cf3d5aac;2;grassroot;1;0
50d0660ebe;2;grassroot;1;0
c1bcb37424;13;grassroot;0;1
9040166dce;1052;grassroot;0;2
4b49d4f94d;1052;grassroot;1;0
cea13cecc1;1052;grassroot;1;0
eb977ec724;7;grassroot;0;1
046d252d0f;7;grassroot;6;0
0410d4e0a8;1053;grassroot;0;1
01e61c3cbe;1053;grassroot;1;0
e8859c0d91;14;grassroot;0;1
bf3ce23598;1054;grassroot;0;1
0dcaffb7c4;1054;grassroot;1;0
c6355dbbf0;86;grassroot;0;1
65a8ffe59a;8;grassroot;0;2
6ac96a6ebb;8;grassroot;1;0
1a65b856ec;3;grassroot;0;1
ef86bf2540;9;grassroot;0;1
662b6fd2e4;35;grassroot;0;1
310354c1ed;3;grassroot;0;2
287ef48053;1055;grassroot;0;1
127f404c72;1055;grassroot;1;0
3f3a7513ac;12;grassroot;0;2
5dcb51d95a;107;grassroot;0;1
cfa7904e73;2;grassroot;0;1
edfe332153;49;grassroot;0;1
bb3996e59e;42;grassroot;0;3
0e0223a738;70;grassroot;0;1
2079ac1945;16;grassroot;0;1
c0a6dec5f1;43;grassroot;0;1
2470ae306b;1056;grassroot;0;1
bb7a828e06;1056;grassroot;1;0
5c792dfcd0;58;grassroot;0;3
e37e394a45;2;grassroot;0;2
4115111e38;9;grassroot;0;1
5c87e5fa64;84;grassroot;0;2
faa4ec25c1;84;grassroot;1;0
5b15e84d7f;2;grassroot;0;4
3643efebae;1057;grassroot;0;3
2dd727f0bb;1057;grassroot;1;0
e3f86cb422;1057;grassroot;1;0
15e6517f4e;1057;grassroot;1;0
3cb471224c;7;grassroot;0;2
a85c2e2cac;7;grassroot;1;0
a09636dd7c;13;grassroot;0;1
a71704afea;2;grassroot;0;5
a3ae659cdf;1058;grassroot;0;1
74b084e84d;1058;grassroot;1;0
7775ad0043;3;grassroot;0;1
e0ab94fda4;260;grassroot;0;1
86ee14f8ed;2;grassroot;0;1
4598f1eeeb;1059;grassroot;0;1
52c6a418b2;1059;grassroot;1;0
4234b3b98c;9;grassroot;0;4
ae42f5dcbc;9;media/news;1;0
1d9d032ca8;9;grassroot;3;0
e4e41786dd;9;grassroot;1;0
e70e62e1f7;49;grassroot;0;4
92a55d729a;2;grassroot;0;2
8896120fde;11;grassroot;0;1
77a90346ea;1060;grassroot;0;1
322d05ac48;1060;grassroot;2;0
1d51e5364c;13;grassroot;0;2
ddeffaf292;250;grassroot;0;1
ed7f10f379;6;grassroot;0;2
7fba0a8a7d;335;grassroot;0;1
e1605d7717;1061;grassroot;0;1
1644641c3c;1061;grassroot;1;0
e3bec3841e;4;grassroot;0;1
ef8a1ed9d7;1062;grassroot;0;3
f8577c5c76;1062;grassroot;1;0
c0f3272924;1062;grassroot;1;0
6cda69a7e7;1062;grassroot;1;0
75da032353;10;grassroot;0;1
835ab348bf;1063;grassroot;0;1
c58d423591;1063;grassroot;1;0
ca04c6a76b;146;grassroot;0;1
67182224e5;12;grassroot;0;1
ea8e8d6325;74;grassroot;0;3
3d23a69939;16;grassroot;0;5
84a35597b4;16;grassroot;1;0
1238faed35;10;grassroot;0;1
52c4e8b3b8;3;grassroot;0;1
485cddc28f;1064;grassroot;0;1
6c103141d1;1064;grassroot;1;0
50817efb0f;54;grassroot;0;11
6af0e57818;54;grassroot;2;0
6d3e474b0a;54;grassroot;1;0
eef24f82ea;54;grassroot;1;0
a51165f585;54;grassroot;1;0
9490e93359;54;grassroot;1;2
912307021a;1065;grassroot;0;2
aa889c5134;1065;grassroot;1;0
241ea7e487;1065;grassroot;1;0
c2f0e221b2;1066;grassroot;0;1
09e73f4ab4;1066;grassroot;1;0
49c1582231;1067;grassroot;0;1
d0de6494f5;1067;grassroot;1;0
9a36ed054f;1068;grassroot;0;2
781ad95ff8;1068;grassroot;1;0
d327cea6b8;1068;grassroot;1;0
072c9d388b;1069;grassroot;0;1
dadee415d7;1069;grassroot;1;0
2021bd1e5c;1070;grassroot;0;1
359b213dda;1070;grassroot;1;0
361b0c346a;10;grassroot;0;2
61edf5adf3;15;grassroot;0;2
56c293e12a;1071;grassroot;0;1
6737d8595d;1071;grassroot;1;0
bdd6405eea;210;grassroot;0;1
9d57a4ebdd;51;grassroot;1;0
a8dd423baa;51;grassroot;1;0
c1d219ef98;51;grassroot;1;0
931f83c635;51;grassroot;1;0
f09fef15de;51;grassroot;1;0
cb23d9dbfb;9;grassroot;0;1
dfc79def2f;1072;grassroot;0;1
66937221a9;1072;grassroot;1;0
7fe8e2d4aa;10;grassroot;0;1
ad67056ec0;240;grassroot;1;3
ba8b1ac8db;240;grassroot;1;0
f7c1d41900;10;grassroot;0;1
bf1996d11f;7;grassroot;0;1
e1d8375443;2;grassroot;0;1
406a0a7ba6;123;grassroot;0;3
a5640efa23;1073;grassroot;1;1
e75d6c363a;1073;grassroot;1;1
fd9aa15d09;49;grassroot;0;1
efb30b9b8c;10;grassroot;0;1
a0320dff09;1074;grassroot;0;1
dfaac9465d;1074;grassroot;1;0
10a9bc5660;9;grassroot;0;1
02f2ab6de7;7;grassroot;0;1
b05d3c3fd1;69;grassroot;0;1
6774bbe8bd;1075;grassroot;0;1
3b6a1ed08f;1075;grassroot;1;0
1f18eb9068;32;grassroot;0;1
87ac0047ed;6;grassroot;0;2
e51da46bcc;2;grassroot;0;1
337638c048;859;grassroot;0;1
77b71aa74b;2;grassroot;0;2
c755487947;35;grassroot;0;1
4e94760c42;7;grassroot;0;2
12f52a6e67;7;grassroot;1;0
b44f4ae129;1076;grassroot;0;1
2e5a10db0f;1076;grassroot;1;0
0cf81c631b;6;grassroot;0;5
cf9d669e1b;1077;grassroot;0;1
8325e2ed35;1077;grassroot;1;0
f637b7ab22;1078;grassroot;0;1
bd78cad6d3;1078;grassroot;2;0
e3f1db6ae8;1079;grassroot;0;1
d5c0b049d1;1079;grassroot;1;0
3b7c993cd4;11;grassroot;0;2
bce07e3e42;11;grassroot;1;0
a8b7d3bda7;1;grassroot;0;1
cd2c63a997;8;grassroot;0;1
ba9112ef5d;16;grassroot;0;2
686b879b06;86;grassroot;0;2
3bd925c4e4;86;grassroot;1;0
3338802bcb;10;grassroot;0;1
e22c6b8777;16;grassroot;0;3
8d537d757c;16;grassroot;1;0
3a394cfa12;16;grassroot;1;0
704d0b9663;16;grassroot;1;1
93fc90396d;32;grassroot;0;1
7dc56e695b;1080;grassroot;0;3
a2ffa97a9e;1080;grassroot;1;0
fe1b4f9c6d;1080;grassroot;1;0
f7d476fdd6;1080;grassroot;1;0
85c042e7e8;2;grassroot;0;2
b4bd32bdfe;7;grassroot;0;1
801a2e21d6;123;grassroot;0;1
c82e51746c;5;grassroot;0;1
6949b0e4b1;24;grassroot;0;1
36ac0fc29f;3;grassroot;0;2
88477332c7;16;grassroot;0;1
823594f013;1081;grassroot;0;3
189e69f04d;1081;grassroot;1;0
fa4866949e;1081;grassroot;1;0
1b5cd9aff2;1081;grassroot;1;0
1cc461001a;104;grassroot;0;3
5382d36eeb;104;grassroot;1;0
338bf26e13;104;grassroot;1;0
d67c4964bf;1082;grassroot;0;1
ed9cc6aff4;1082;grassroot;1;0
0647dc6360;11;grassroot;0;1
04ec33eb8a;11;grassroot;3;0
9f1ef62615;2;grassroot;0;2
a04dcf07ca;2;grassroot;1;0
a90a463129;1;grassroot;0;1
22736daeac;49;grassroot;0;2
2b691325d4;49;grassroot;1;0
3367bc59ef;7;grassroot;0;1
140b1fe526;86;grassroot;0;1
ea3915831a;1083;grassroot;0;2
943d40550d;1083;grassroot;1;0
217b8ba0f2;1083;grassroot;1;0
0798361e03;1084;grassroot;0;1
677fd4d3bd;1084;grassroot;1;0
7528cb556b;1085;grassroot;0;1
457d970c12;1085;grassroot;1;0
6433aa908e;1086;grassroot;0;1
76d2137ea6;1086;grassroot;1;0
a7ea09712c;104;grassroot;0;1
0634c95048;43;grassroot;0;1
e00e6c269c;1087;grassroot;0;1
b7b5c49ee3;1087;grassroot;1;0
d021ccba20;1088;grassroot;1;1
f7de018bd2;1088;grassroot;2;2
a6d1c2ace2;1088;grassroot;1;0
cfea3fc25c;13;grassroot;0;1
13f91006e4;5;grassroot;0;3
ffed4e5ed3;7;grassroot;0;1
5df34abc37;4;grassroot;0;1
b03af8b631;1089;grassroot;0;1
e7289e0e93;1089;grassroot;1;0
1073b8465f;4;grassroot;0;1
be121b25ac;86;grassroot;0;2
88d9143370;86;grassroot;4;0
71013a0560;1090;grassroot;0;1
11d45a130c;1090;grassroot;1;0
4d96ea5d73;1091;grassroot;0;1
288c5ab830;1091;grassroot;1;0
a7612dee59;2;grassroot;0;2
60444a142c;2;grassroot;0;1
b009cddded;6;grassroot;0;4
55be2d6451;6;grassroot;2;0
a769d556cb;7;grassroot;0;2
df556a1639;7;grassroot;2;0
c66230f83e;216;grassroot;0;1
5719dfb13c;1092;grassroot;0;3
086076e8f8;1092;grassroot;1;0
cf8a6d1b60;1092;grassroot;4;0
687bb6ac66;1093;grassroot;0;1
805b8c8960;1093;grassroot;1;0
89df71ce7f;10;grassroot;0;1
9394c0df49;1094;grassroot;0;1
d3825cfe5e;1094;grassroot;1;0
06767bed69;2;grassroot;0;1
b11b2ba2b8;43;grassroot;0;4
3a719f68d4;1;grassroot;0;2
9c7d48ce1c;1;grassroot;1;0
f275da9d89;10;grassroot;0;1
cefc9a8da1;12;grassroot;0;1
332124f012;7;grassroot;0;1
fab4e733a1;42;grassroot;0;3
5607f50d31;12;grassroot;0;1
38c42ceb0e;11;grassroot;0;3
27cac7298c;1095;grassroot;0;1
1de216ba6a;1095;grassroot;1;0
4d40812229;9;grassroot;0;2
c6163f8b74;9;grassroot;0;1
def5359145;2;grassroot;0;1
cc8278793d;16;grassroot;0;1
791766a587;1096;grassroot;0;1
d086b559c1;1096;grassroot;1;0
21e080f66a;1097;grassroot;0;1
de904b1953;1097;grassroot;1;0
6826513672;11;grassroot;0;1
ea2be5e078;42;grassroot;0;2
69e9f0a5b0;42;grassroot;1;0
26dd899c58;69;grassroot;0;1
00365f6644;2;grassroot;0;1
be5808c0e7;1;grassroot;0;1
74ab6df634;2;grassroot;0;2
c4e78abcf4;2;grassroot;1;0
084e539a98;6;grassroot;0;2
57f72f3f04;35;grassroot;0;1
7423356312;1;grassroot;0;3
13c4fc60f5;1;grassroot;1;0
8f51f126ad;1;grassroot;1;0
24096bddb0;3;grassroot;0;1
6aecff1bc2;2;grassroot;0;1
9ff839a048;58;grassroot;0;3
74940c0641;58;grassroot;1;0
8c7cf41902;1098;grassroot;0;3
7cab99361a;1098;grassroot;1;0
11c7a3578a;1098;media/news;2;0
1f26882de9;1098;grassroot;1;0
0652c4f46e;2;grassroot;0;1
5b4c75a214;2;grassroot;0;1
b71cfa2710;14;grassroot;0;1
03c15ff76e;32;grassroot;0;1
1d925449df;737;grassroot;0;1
8d3e39b8fa;9;grassroot;0;2
a698bf3a46;9;grassroot;1;0
269aecedd8;1099;grassroot;0;1
c54b2601b3;1099;grassroot;1;0
b8887e67c6;1100;grassroot;0;1
8dff1e578c;1100;grassroot;1;0
6bf621cb04;7;grassroot;0;1
c791036efa;7;grassroot;0;1
a9d7d1066b;10;grassroot;0;1
8e4ffce201;1101;grassroot;0;1
254fa4dedf;1101;grassroot;1;0
595d2bf952;10;grassroot;0;1
ced14db620;5;grassroot;0;1
9b0aee4c03;1102;grassroot;0;1
387b215219;1102;grassroot;1;0
9cd9c14916;13;grassroot;0;1
d38f595811;2;grassroot;0;1
8e9b03d012;86;grassroot;0;2
0eb5ff619e;86;grassroot;1;0
3a0fd160f8;10;grassroot;0;2
28cde55f55;7;grassroot;0;1
bae62a9336;1103;grassroot;0;1
09af725828;1103;grassroot;1;0
a466cbbf0c;70;grassroot;0;1
b4c7754bce;8;grassroot;0;1
ba96424462;1104;grassroot;1;2
f3dd5b5917;1104;grassroot;1;0
2e432d3d8f;1104;grassroot;1;0
cdcc14566c;1105;grassroot;0;1
53559e815a;1105;grassroot;1;0
984ded4682;1106;grassroot;0;2
50de3c7450;1106;grassroot;1;0
9a1ae1614b;1106;grassroot;1;0
6570170824;6;grassroot;0;3
d90ef11bf8;6;grassroot;1;0
25ee829fff;6;grassroot;1;0
44be3be08c;12;grassroot;0;2
cbf0d6a3af;12;grassroot;1;0
36b9e546e6;3;grassroot;0;2
3310ecaca1;12;grassroot;0;1
84437d04a9;9;grassroot;0;1
b830a5f9b8;7;grassroot;0;2
0b98c34e7a;70;grassroot;0;2
78240fec7e;2;grassroot;0;6
0b51d6069e;2;grassroot;1;4
51dc2daf51;7;grassroot;0;2
90303bec7c;70;grassroot;0;4
b389ab88fc;70;grassroot;1;0
198f1ff4db;70;grassroot;1;0
7d04993f8e;70;grassroot;1;0
963a5b222f;2;grassroot;0;2
5f9910c978;24;grassroot;0;1
7815693c92;7;grassroot;0;1
e17702c743;4;grassroot;0;1
1a7e9a71ff;6;grassroot;0;1
8c7272445e;7;grassroot;0;1
e26edb4ecd;12;grassroot;0;1
da535c1408;7;grassroot;1;1
61e8531e43;12;grassroot;0;1
2feef0af29;1107;grassroot;0;1
7e5bda558f;1107;grassroot;1;0
5be419b985;2;grassroot;0;8
52569f0f69;127;grassroot;0;10
05fdece9ca;1108;grassroot;0;1
0559773d0a;1108;grassroot;1;0
2d83e69848;1109;grassroot;0;1
d3789c0dc5;1109;grassroot;1;0
7e40f7dc14;1110;grassroot;1;1
824a6c88c7;1110;grassroot;1;0
e6ea643f53;991;grassroot;0;1
0c193e4e86;73;grassroot;0;2
86da0dd3cf;73;grassroot;2;0
44ab960fb3;73;grassroot;1;0
c5915cf4e5;12;grassroot;0;1
d10632ff52;7;grassroot;0;3
98772f29f9;7;grassroot;1;0
74ffb516a7;2;grassroot;0;7
85997e167d;2;grassroot;1;0
06494f799f;6;grassroot;0;1
6576ab913a;11;grassroot;1;1
38fa9971bc;2;grassroot;0;1
7f7d5d9530;12;grassroot;0;2
d8132ebd18;12;grassroot;1;0
ed523adc17;1111;grassroot;0;1
ff182b3d10;1111;grassroot;1;0
a9390ddf69;1112;grassroot;0;1
b3b80b6931;1112;grassroot;2;0
22fc49510b;24;grassroot;0;1
4430b880b0;1113;grassroot;0;1
63b8a19342;1113;grassroot;1;0
d4bb3e2449;1114;grassroot;0;3
434ed29f94;1114;grassroot;1;0
cb6db6369e;1114;grassroot;1;0
52d0f3fa06;1114;media/news;1;0
6413e01ac8;65;grassroot;0;1
7d11e9b8cc;1115;grassroot;0;2
355c80ff0c;1115;grassroot;1;0
a8410559b0;1115;grassroot;1;0
e2e0c12638;2;grassroot;0;1
138ebb2aa9;123;grassroot;0;2
952363830e;3;grassroot;0;1
4900c310eb;3;grassroot;0;1
26543f593f;35;grassroot;0;11
8cba4001dc;107;grassroot;0;1
24dccda9eb;86;grassroot;0;1
b531905086;11;grassroot;0;1
aa1aba9b12;2;grassroot;0;16
27e2e98914;2;elite/political;2;0
6b45deae5a;10;grassroot;0;2
1a3f3058e4;10;grassroot;1;0
7936d5c38f;24;grassroot;0;1
8b759f42f5;1116;grassroot;0;1
ddecb10acd;1116;grassroot;1;0
4ffce659af;1117;grassroot;0;1
9e8ce773dc;1117;grassroot;1;0
924688a3f6;35;grassroot;0;11
3b76c58351;11;grassroot;0;1
1c84638492;1118;grassroot;0;1
a0a2c35333;1118;grassroot;1;0
ed8f589c34;9;grassroot;0;1
92a9fccef8;70;grassroot;0;1
12b5349cd0;42;grassroot;0;1
d2a83b9716;1119;grassroot;0;1
c8f9b79e48;1119;grassroot;1;0
f28907c97c;7;grassroot;0;1
1c96735bbc;2;grassroot;0;9
6b34213541;2;grassroot;2;0
77b7634c3c;2;grassroot;4;0
c2bb707dd0;1120;grassroot;0;1
b5dfac6462;1120;grassroot;1;0
02861d1a5b;1121;grassroot;0;1
fa274ec180;1121;grassroot;1;0
61afe232df;2;grassroot;0;1
f18cead662;2;grassroot;0;4
c95b8cda60;2;grassroot;0;1
0519c98a79;2;grassroot;0;2
8665099de7;2;grassroot;1;0
f33d338e74;1122;grassroot;0;1
d431f43363;1122;grassroot;1;0
e3b93a8908;7;grassroot;0;3
14996eb683;58;grassroot;1;1
570a9a4510;24;grassroot;0;5
c0706092ca;2;grassroot;0;2
0260f1cdcf;11;grassroot;0;1
15acdd957f;69;grassroot;0;1
fe492bca05;12;grassroot;0;1
ed3284fa2f;1123;grassroot;0;1
072580a618;1123;grassroot;1;0
458b5e6471;10;grassroot;0;1
f535e458dd;16;grassroot;0;3
9fdfa7814e;2;grassroot;0;4
af61bcfd94;2;grassroot;1;0
789009179b;143;grassroot;0;2
d7d01d6683;58;grassroot;0;1
af93e9d131;58;grassroot;0;1
f24aaadebf;43;grassroot;0;1
a2858965ec;127;grassroot;0;7
293938ac97;12;grassroot;0;1
b1da463e34;3;grassroot;0;1
bdcc52ec34;9;grassroot;0;1
9467cffcf6;54;grassroot;1;0
1a86e571d8;54;grassroot;1;0
09cbaac376;54;media/news;1;0
25ec4d0289;54;grassroot;1;0
259e977186;54;grassroot;1;0
fdf7b2d4f4;54;grassroot;1;0
e6d5d06dfa;54;grassroot;1;0
e7c0e0765a;54;grassroot;1;0
2765304496;54;grassroot;1;0
c687560f82;54;grassroot;1;0
c247db85f0;54;grassroot;1;0
ac2078ddef;2;grassroot;0;1
ab2303f40a;12;grassroot;0;2
bb263f7c50;9;grassroot;0;1
5ddbea20d2;1112;grassroot;0;1
69547e1690;11;grassroot;0;4
694ab3b0d3;6;grassroot;0;1
24f628ea4f;11;grassroot;0;1
c9dd90d739;1124;grassroot;0;1
c1cd5c9381;1124;grassroot;1;0
9c138ce7b3;10;grassroot;0;2
f4324cfb5d;10;grassroot;1;0
16914bd0e1;1;grassroot;0;1
8c8eeac1cb;6;grassroot;0;1
8797a6d83e;1125;grassroot;0;4
bb4ebd1372;1125;grassroot;1;0
2a8efb131e;1125;grassroot;1;0
e28fd568a3;1125;grassroot;1;0
a18c36e875;1125;grassroot;1;0
2e96128d4f;7;grassroot;0;7
f3fc4e5045;7;grassroot;3;0
cd9f470135;6;grassroot;0;1
64b8a3ed8f;7;grassroot;0;1
af9c78b486;7;grassroot;0;1
f6578d0cce;1126;grassroot;0;1
9842eacab0;1126;grassroot;1;0
554497c92f;3;grassroot;0;3
4e95278f43;69;grassroot;0;1
5d799704a4;69;grassroot;0;1
399ef3977d;8;grassroot;0;1
6a818fcdee;1092;grassroot;1;1
a895f7726d;6;grassroot;0;2
6a0883ae6f;6;grassroot;1;0
d48f7d64eb;134;grassroot;0;4
cf015faf9b;2;grassroot;0;1
8408fdba54;2;grassroot;0;1
3371d8b55b;14;grassroot;0;1
c006f2d2dc;1;grassroot;0;1
3a5ec21ad9;7;grassroot;0;2
e6e2be1fa1;1127;grassroot;0;1
62f533adcf;1127;grassroot;1;0
54ddf5cec3;13;grassroot;0;2
0ed67f07bb;24;grassroot;0;1
b4e0d2c0fc;2;grassroot;0;9
e5f505864d;2;grassroot;1;0
dc94fd8659;2;grassroot;1;0
61ad881107;9;grassroot;0;1
4110098b4f;7;grassroot;0;9
406f7fd887;1128;grassroot;0;1
6b97eee5ef;1128;grassroot;2;0
505e9be25f;1129;grassroot;0;1
8ad4bac46c;1129;grassroot;1;0
0890a10692;2;grassroot;0;1
3b33e031ed;42;grassroot;0;3
cdadda97f1;1130;grassroot;0;3
40d1f4852f;1130;grassroot;1;0
48fc264542;1130;grassroot;1;0
11c5df8210;1131;grassroot;0;1
fcd53979bf;1131;grassroot;1;0
0535da6d3a;1132;grassroot;0;1
beb8f7ac06;1132;grassroot;1;0
35470f7b31;86;grassroot;1;3
5dbb104185;86;grassroot;2;0
0d3f72fc3d;86;grassroot;2;4
808132272c;86;grassroot;2;2
b853b2d33e;10;grassroot;0;1
ab04620cd9;6;grassroot;0;1
33644be2f1;12;grassroot;0;2
2f1af9c642;12;grassroot;1;0
84f54d020b;1133;grassroot;0;1
75440811a8;1133;grassroot;1;0
0026954f32;12;grassroot;0;2
0b7b95fc8b;265;grassroot;0;1
cb258664c5;1134;grassroot;0;1
cf59655add;1134;grassroot;1;0
f231359bc9;7;grassroot;0;1
b19c3885ee;1135;grassroot;0;1
fb55950ebc;1135;grassroot;1;0
204884223e;1136;grassroot;0;1
9b6cb4dfb5;1136;grassroot;1;0
5daad8b107;492;grassroot;0;1
1150e2b790;11;grassroot;0;1
5c19ce3e4e;7;grassroot;0;1
19a7cff3c6;11;grassroot;0;1
7fdab64c5f;123;grassroot;0;2
adbea0db80;123;grassroot;1;0
2d5a801d41;74;grassroot;0;1
4584bae4f5;7;grassroot;0;1
dc217a1713;1137;grassroot;0;1
14bb720647;1137;grassroot;1;0
22f6a02b3c;24;grassroot;0;1
6d747c43b1;9;grassroot;0;2
d8bae6e85f;210;grassroot;0;1
b4e6b34a07;1138;grassroot;0;1
46ea3044d3;1138;grassroot;1;0
6395e7bf0a;1139;grassroot;0;1
2f2c1efee8;1139;grassroot;1;0
218dbbad4e;1140;grassroot;0;1
496112bb46;1140;grassroot;1;0
8739295cb5;1141;grassroot;0;1
39a2e37521;1141;grassroot;1;0
0476833ffa;16;grassroot;0;1
c6cb2be1c2;2;grassroot;0;7
35f8cc0773;2;grassroot;1;0
1b7a6eefb8;42;grassroot;0;2
c4cd2048ee;1142;grassroot;0;2
a79123900b;1142;grassroot;1;0
b52a7da70f;1142;grassroot;1;0
709ff362cd;5;grassroot;0;1
8711d63b86;49;grassroot;0;1
681449ffb0;12;grassroot;0;2
bde89c4d29;12;grassroot;1;0
573e4377a3;1143;grassroot;0;1
2d4e4bdb3e;1143;grassroot;1;0
d14af5b680;69;grassroot;0;1
dc62fced69;10;grassroot;0;1
687a940ea5;42;grassroot;0;2
cea457b48f;98;grassroot;0;2
e74bd781f7;32;grassroot;0;1
fbdfa8c9c9;35;grassroot;0;1
877fb16f9f;2;grassroot;0;2
9577976460;43;grassroot;0;1
4c29b9dd9b;1144;grassroot;0;1
429b362959;1144;grassroot;1;0
d237fbd5a1;1145;grassroot;0;1
8db21b61ad;1145;grassroot;1;0
fefd6fb295;210;grassroot;0;1
845795d8e1;1146;grassroot;0;1
0d4eb698b4;1146;grassroot;2;0
706ee19445;2;grassroot;0;3
50862975bd;8;grassroot;0;2
757bc87ed8;49;grassroot;0;1
c9ad2ee35b;2;grassroot;0;1
0e578119e3;619;grassroot;0;1
66d71eed38;1147;grassroot;0;1
2a625ad94a;1147;grassroot;1;0
24e18ce0d3;805;grassroot;0;1
99e844d467;16;grassroot;0;1
bc432016fe;7;grassroot;0;1
435541e341;1148;grassroot;0;1
afb39b28c6;1148;grassroot;2;0
18a6307ad2;1148;grassroot;0;1
d16a7de553;143;grassroot;0;1
8232940fe6;143;grassroot;2;0
f1495c100f;2;grassroot;0;2
6ca30dfd26;2;grassroot;0;15
dd7e5239eb;2;grassroot;1;0
547a95532d;1149;grassroot;0;2
8ba2dc2723;1149;grassroot;1;0
2a4e56d3fa;1149;grassroot;1;0
56831de0a3;1150;grassroot;0;1
97bac26290;1150;grassroot;1;0
9f2396a12e;42;grassroot;0;1
3c5924c020;1151;grassroot;0;2
85dcbd83a7;1151;grassroot;1;0
2f69fa9b53;1151;grassroot;1;0
de060892a8;10;grassroot;0;1
b7573aeeb0;1152;grassroot;0;1
84a3139753;1152;grassroot;1;0
d0d2849548;2;grassroot;0;5
fdc01bf5c2;194;grassroot;0;1
c79effa24c;2;grassroot;0;1
3b69c5a565;12;grassroot;0;2
e22ead35d9;11;grassroot;0;1
41c2502ea6;24;grassroot;0;3
83cfce4795;49;grassroot;0;2
4cdefc5e49;49;grassroot;1;0
0fb8b8fc0f;6;grassroot;0;3
063ebfd2e3;6;grassroot;1;0
853111727e;6;grassroot;1;0
b4fc8717a4;427;grassroot;0;1
ddd03799ff;2;grassroot;0;1
53e83824d4;152;grassroot;0;2
760670bcae;42;grassroot;0;1
de97c6e4da;7;grassroot;0;1
229b2c1199;6;grassroot;0;2
211a7be6d6;6;grassroot;1;0
4eab0d80f9;24;grassroot;0;1
b1bdeeca81;1153;grassroot;0;1
d37b2bbe8e;1153;grassroot;1;0
e0cc55af58;2;grassroot;0;3
f483359c5a;1154;grassroot;0;2
9c8df14400;1154;grassroot;1;0
aef4507a92;1154;grassroot;1;0
df3ab1561a;11;grassroot;0;1
8eff0f68f7;16;grassroot;0;1
e8d10ecce7;9;grassroot;0;1
dbee2926d4;1041;grassroot;0;1
07c5a48489;146;grassroot;0;1
911689888e;7;grassroot;0;1
6009aa3bd8;634;grassroot;0;1
72d842e3bb;1155;grassroot;0;1
8fbf135681;1155;grassroot;1;0
f4161c5bcd;51;grassroot;0;1
a3991d9307;2;grassroot;0;1
f4f3c7e79d;1156;grassroot;0;1
4c3dbb5ff9;1156;grassroot;1;0
819d8e49af;9;grassroot;0;1
1c9876b598;1157;grassroot;0;1
070dfca9ff;1157;grassroot;1;0
487fb6221e;86;grassroot;0;1
d79e0dbbb0;43;grassroot;0;10
813f15254a;3;grassroot;0;1
cb38642efb;7;grassroot;0;1
a3c399ed98;70;grassroot;0;1
b8a74b9e53;42;grassroot;0;3
cf70511fe3;1158;grassroot;0;1
ec2e1384b7;1158;elite/political;1;0
780e9cdf4b;3;grassroot;0;1
5d811d59a0;123;grassroot;0;2
6f229a5f92;123;grassroot;1;0
74f3a142fb;32;grassroot;0;1
a2ebb38881;13;grassroot;0;1
4e14e73fc2;1159;grassroot;0;2
bdc9d50676;1159;grassroot;1;0
cf43f1d993;1159;grassroot;1;0
25afe642d7;32;grassroot;0;1
8fe335facf;2;grassroot;0;3
b06b0529a2;2;grassroot;1;0
dfb913218a;2;grassroot;1;0
959986aef0;11;grassroot;0;3
35d4929770;1160;grassroot;0;1
245754a1a2;1160;grassroot;1;0
c84363212f;2;grassroot;0;1
1735fc29e1;1161;grassroot;0;2
6071d5ad91;1161;grassroot;1;0
9e5daa973b;1161;grassroot;1;0
92dff56857;2;grassroot;0;3
9cb5a6e782;123;grassroot;0;1
484a09219c;105;grassroot;0;1
8373c69559;1162;grassroot;0;2
afcd04a6dd;1162;grassroot;1;0
d15bc36762;1162;grassroot;1;0
9d6e9922bb;1163;grassroot;0;1
abfc8f438c;1163;grassroot;1;0
cdd4b50ab1;42;grassroot;0;1
d36677236c;1164;grassroot;0;1
a9c0e279ea;1164;grassroot;1;0
2ffd8a4571;289;grassroot;0;1
efe4cfc218;1165;grassroot;0;1
a14f00aa16;1165;grassroot;1;0
3c6e03e3ca;2;grassroot;0;1
09b7ad0a9e;1166;grassroot;0;1
d15c540ad2;1166;grassroot;1;0
cac744646c;70;grassroot;0;2
41ae595d88;1167;grassroot;0;1
95e31fd257;1167;grassroot;1;0
f2b7576c87;7;grassroot;0;1
f656ba72ff;86;grassroot;0;1
4d008053fb;1168;grassroot;0;1
2388557057;1168;grassroot;1;0
939b2f0cae;74;grassroot;0;1
10f020d6c0;70;grassroot;0;1
fc7c36d43a;7;grassroot;0;1
f7feedcb61;2;grassroot;0;1
81431e8ab0;14;grassroot;0;1
e8880a78e1;2;grassroot;0;1
8373828674;69;grassroot;0;4
53ceeaa73f;12;grassroot;0;1
0f4aa4becf;43;grassroot;0;11
6792cf454b;43;grassroot;1;0
d0445e9d07;4;grassroot;4;0
451ec3d6a8;8;grassroot;0;2
438251a63c;8;grassroot;1;0
1a97a4ea30;127;grassroot;0;13
9c3a892a73;127;grassroot;1;0
6e21e3b0d9;127;grassroot;1;0
3929b39a63;16;grassroot;0;4
758696aa92;43;grassroot;0;4
e29958f95f;43;grassroot;1;0
9210854672;12;grassroot;0;5
526e958b2b;12;elite/political;2;0
3f0dcb840a;12;elite/political;1;9
9bd9084208;2;grassroot;4;0
2737513148;54;grassroot;0;2
319f8ae2c3;49;grassroot;0;2
a5df4bac52;49;grassroot;1;0
962faef332;11;grassroot;0;1
33590b9e3a;1169;grassroot;0;1
84948a888c;1169;grassroot;1;0
ea8d471a0d;8;grassroot;0;1
e9e8b2870a;24;grassroot;0;1
4f4d4a4d4a;58;grassroot;0;2
fb649dc1ac;58;grassroot;1;0
56e038bcd8;1170;grassroot;0;1
b3d449aec4;1170;grassroot;1;0
8c33497bb0;1171;grassroot;0;1
72ee181d67;1171;grassroot;3;0
81ee7cfcaa;11;grassroot;0;1
4cf0a58adf;3;grassroot;0;1
20230a52db;296;grassroot;0;1
2eb88f01ea;1172;grassroot;0;2
abd2040be2;1172;grassroot;1;0
5b12f41189;1172;grassroot;1;0
054777ae10;1173;grassroot;0;1
30ed1d1a98;1173;grassroot;1;0
07f988a63e;69;grassroot;0;6
2a10f2dd05;12;grassroot;0;1
2c8751489a;1174;grassroot;0;3
4cae493c6a;1174;grassroot;1;0
93b8b26782;1174;grassroot;1;0
60f301ccf0;1174;grassroot;1;0
9dda663d90;49;grassroot;0;6
07dd9fbe67;49;grassroot;2;0
36de2def23;49;grassroot;1;0
4558fc60fa;49;grassroot;1;0
774d5969aa;49;grassroot;1;0
8631a03913;42;grassroot;0;2
af041a140e;10;grassroot;0;1
7234045570;137;grassroot;0;2
d79d085d0c;1175;grassroot;0;1
f87e812d50;1175;grassroot;1;0
de33da301c;9;grassroot;0;1
9d4807243b;1176;grassroot;0;1
43ba7102e2;1176;grassroot;1;0
5ec37fcd8f;13;grassroot;0;1
66db4abd52;1177;grassroot;0;1
e4bf67a973;1177;grassroot;1;0
ab975729a0;306;grassroot;0;2
38b154fdfe;306;grassroot;1;0
9327fc060e;35;grassroot;0;4
692b5f2a8d;35;grassroot;1;0
09f91fc106;35;grassroot;1;0
937784b4b8;35;grassroot;1;0
4ae201f162;9;grassroot;0;6
50f6dfec32;43;grassroot;0;1
6f1e2daac0;6;grassroot;0;1
a033254523;1178;grassroot;0;1
45631caf8c;1178;grassroot;1;0
174ef1944b;14;grassroot;0;1
fa9859c7b4;1179;grassroot;0;1
39cda99d4f;1179;grassroot;1;0
c2266d748d;12;grassroot;1;1
27e4fcb44d;3;grassroot;0;1
667bc456fe;1180;grassroot;0;1
4d1138fb54;1180;grassroot;1;0
7bdaae01be;69;grassroot;0;1
1b70f1fcdd;1181;grassroot;0;1
92986395ad;1181;grassroot;1;0
3f572f2bfb;1182;grassroot;0;1
c5ab400499;1182;grassroot;1;0
0e6711c59e;1183;grassroot;0;2
354d675649;1183;grassroot;1;0
7fdd142112;1183;grassroot;1;0
589399ec2e;15;grassroot;0;2
b630ea31aa;2;grassroot;0;1
45a885025e;9;grassroot;0;1
7a265f0df9;7;grassroot;0;1
38e19f561f;10;grassroot;0;2
a53d7b4d6d;7;grassroot;0;2
4077ce7014;2;grassroot;0;1
7c1f03d8ef;2;grassroot;0;1
d37adb2052;70;grassroot;0;1
c8e42935a1;2;grassroot;0;2
e0c3106bc2;58;grassroot;0;1
f9fdd81213;1184;grassroot;0;1
a1a06d0e05;1184;grassroot;1;0
249dff3829;1185;grassroot;0;1
a91f0cc24f;1185;grassroot;1;0
6415032ea4;577;grassroot;0;1
b0f9f761e7;7;grassroot;0;1
6668c1954d;2;grassroot;0;1
c2d17d5cbf;7;grassroot;0;1
2fbfde283b;10;grassroot;0;1
f2fef05db1;1186;grassroot;0;1
3439fc8077;1186;grassroot;1;0
e179ac2ef3;1187;grassroot;0;1
b1d02c78f3;1187;grassroot;1;0
9ffca38b99;1;grassroot;0;1
40efe21494;12;grassroot;0;1
e27e465f44;11;grassroot;0;2
e2537280bd;11;grassroot;1;0
0efef228d2;1188;grassroot;0;2
71b18735cd;1188;grassroot;1;0
40a75612f1;1188;grassroot;1;0
fab3dbd04d;5;grassroot;0;3
88b76f1028;5;grassroot;1;0
47477cc8b9;7;grassroot;0;1
fa46f43d38;2;grassroot;0;2
1d973475b4;2;elite/political;1;0
8ca0e6a568;2;grassroot;0;1
590635d319;1189;grassroot;0;1
fe186b5499;1189;grassroot;2;0
8b3a248979;49;grassroot;0;3
bb9b5f0882;86;grassroot;0;5
1b0f54b268;7;grassroot;0;2
0d139d77b7;7;grassroot;1;0
acd620d745;1190;grassroot;0;1
bd7008638e;1190;grassroot;1;0
810dc11080;16;grassroot;0;1
a6413eff60;1191;grassroot;0;1
4596543ac1;1191;grassroot;1;0
9e51351c5f;4;grassroot;0;1
e273bce6cc;2;grassroot;0;1
011a58d28e;9;grassroot;0;1
a2682b179f;9;grassroot;1;2
380d9c3c46;9;grassroot;0;6
8ba77ed50f;12;grassroot;0;1
e91e12a732;123;grassroot;0;3
60a84cf14b;9;grassroot;0;3
7c59d88abc;74;grassroot;0;1
c86764f352;2;grassroot;0;1
d3cbb500e9;24;grassroot;0;1
fabcf9ceda;1022;grassroot;0;1
f74e2409f6;32;grassroot;0;1
b9d4d4b5e8;2;grassroot;0;1
7a3c0cb4d3;86;grassroot;0;1
ca6d302154;1;grassroot;0;1
ceefd6bfb5;3;grassroot;0;1
db25a9b515;3;grassroot;0;1
a52580c1ef;70;grassroot;0;1
5caac5104b;12;grassroot;0;1
d569dc0299;1192;grassroot;0;1
c8c242ca13;1192;grassroot;1;0
68090c82a1;1110;grassroot;0;1
9ae8776abd;86;grassroot;0;2
96569303ef;1193;grassroot;0;1
685a5fc65f;1193;grassroot;1;0
eeb49fe165;69;grassroot;0;1
b7dcf734cc;7;grassroot;0;1
a21368d28b;1194;grassroot;0;3
d2aeaea2f1;1194;grassroot;1;0
957f177854;1194;grassroot;1;0
cc1553f6ab;1194;grassroot;1;0
e87cced640;7;grassroot;0;1
092cfb1817;2;grassroot;0;1
c6d038fbe1;43;grassroot;0;2
65e0abebae;43;grassroot;1;0
9907fac12c;677;grassroot;0;1
6b4ff11baa;1195;grassroot;0;1
a5959f21bb;1195;grassroot;1;0
cd3553160c;58;grassroot;0;2
1c12f6a5b4;9;grassroot;0;1
1496972379;10;grassroot;0;2
e090fcda52;86;grassroot;0;1
64452a5cc7;1196;grassroot;0;1
0068f434c9;1196;grassroot;1;0
ac0baf8688;70;grassroot;0;1
da39c6f62d;216;grassroot;0;1
0494abbf39;12;grassroot;0;1
0bacf6e7cd;7;grassroot;0;1
863c6d0b0e;1197;grassroot;0;1
20f122c562;1197;grassroot;1;0
8b265a3540;1198;grassroot;0;1
dd5910f53d;1198;grassroot;1;0
64e4817f2c;2;grassroot;0;1
5f5c7df942;9;grassroot;0;2
2d9040fb67;6;grassroot;0;1
8d702c2447;107;grassroot;0;1
fa16299d3c;16;grassroot;0;1
48298a1143;212;grassroot;0;1
e86d010921;11;grassroot;0;3
76da7f26a0;10;grassroot;0;2
6c1917253d;10;grassroot;1;0
9d35fbbbb1;2;grassroot;0;1
7cbdbcd07f;1199;grassroot;0;1
e7035db7d5;1199;grassroot;1;0
fa636ae47e;7;grassroot;0;2
250ab3807c;7;grassroot;1;5
e56cf9c9e4;7;grassroot;1;0
5194ee49b1;7;grassroot;1;0
d720005a26;7;grassroot;1;0
c4d72b56a7;70;grassroot;0;1
7dcd97358d;9;grassroot;0;1
08f21d4625;2;grassroot;0;1
6fd195a231;123;grassroot;0;2
9439eba3e2;11;grassroot;0;3
e7849b3752;1200;grassroot;0;5
0829c7930a;1200;grassroot;1;0
433f1288f7;1200;grassroot;1;0
e7dc548a5f;1200;grassroot;1;0
37d60a2825;1200;grassroot;1;0
7fa999d894;1200;grassroot;1;0
e187591271;1201;grassroot;0;1
63bec4e596;1201;grassroot;1;0
8a3736a7f9;1202;grassroot;0;1
6867f63387;1202;grassroot;1;0
9c5ac34930;70;grassroot;0;2
7e13cffffa;42;grassroot;0;3
e314e633fa;1203;grassroot;0;2
cf8009da2b;1203;grassroot;1;0
07af48f18a;1203;grassroot;1;0
9df53a02d1;862;grassroot;0;1
7ff745c3d1;42;grassroot;0;1
20b272e6ec;1;grassroot;0;3
aef62eceac;10;grassroot;0;1
be4d9bf576;2;grassroot;0;4
13fbd7694a;1204;grassroot;0;1
882a797bef;1204;grassroot;1;0
cad45a2db3;143;grassroot;0;1
f0f92a3495;1205;grassroot;0;1
ab9ecec2a6;1205;grassroot;1;0
ae5df75ceb;2;grassroot;0;2
de3279d2c5;74;grassroot;0;1
e5aba7492a;737;grassroot;0;1
d582354469;43;grassroot;0;1
7f5d2da7ba;1206;grassroot;0;1
60611daad9;1206;grassroot;1;0
2ac7a353b5;6;grassroot;0;1
e1e15e9dbc;15;grassroot;0;2
50e36e7947;2;grassroot;0;1
9bb2a39f68;2;grassroot;0;3
fa6f48265c;1207;grassroot;0;1
f09e929796;1207;grassroot;1;0
5d21110a92;85;grassroot;0;1
fb3eaf5b66;2;grassroot;0;2
d733240cb8;12;grassroot;0;1
bf51d5cd21;2;grassroot;2;2
3ce8e8a288;137;grassroot;0;1
36b585df34;86;grassroot;0;1
40fd2492cb;439;grassroot;0;1
e503e55e1a;9;grassroot;0;1
332b679b2c;6;grassroot;0;2
39dd936ec7;6;grassroot;1;0
a69dd2261b;1208;grassroot;0;1
1429dd76bb;1208;grassroot;1;0
cd4bbc1df4;1209;grassroot;0;2
373da6af15;1209;grassroot;1;0
97b3a29d92;1209;grassroot;1;0
a5758df026;2;grassroot;0;1
a62dca9cd9;1210;grassroot;0;1
460afa4dba;1210;grassroot;1;0
64957c5c61;3;grassroot;0;1
775540fab4;7;grassroot;0;1
620fe6c655;3;grassroot;0;1
4c5ce2702c;1211;grassroot;0;1
5beeafeac2;1211;grassroot;1;0
c48d642f48;11;grassroot;0;1
99943833e1;3;grassroot;0;3
28b63b8519;7;grassroot;0;1
12c8763f56;3;grassroot;0;1
913239d776;577;grassroot;0;1
3b0b34130c;58;grassroot;0;1
94668770a9;32;grassroot;0;1
af7aa7f154;11;grassroot;0;1
052e91b5c7;12;grassroot;0;5
1b45d90ef5;94;grassroot;0;1
fa2210ef0f;1;grassroot;0;1
b847603b30;58;grassroot;0;1
4e2a15cd9e;1212;grassroot;0;1
0110885f28;1212;grassroot;1;0
e4cbb42f9b;1213;grassroot;0;1
cc5259c21b;1213;grassroot;1;0
f4e0a22542;11;grassroot;0;1
7113721fca;1214;grassroot;0;1
c7b074a3a5;1214;grassroot;1;0
94830801f3;4;grassroot;0;1
d4d95c45f0;32;grassroot;0;2
1022a6acb3;1215;grassroot;0;1
04fec83c70;1215;grassroot;1;0
f681e4c4c9;1216;grassroot;0;2
4a4dc7be36;1216;grassroot;1;0
7efae7ba57;1216;grassroot;1;0
3e7419ac97;1217;grassroot;0;1
027f77aead;1217;grassroot;1;0
f3c28095c2;2;grassroot;0;19
5debd88a45;2;grassroot;1;0
6b0197faf9;2;grassroot;1;0
69e15d992b;9;grassroot;0;1
39d4313c1c;134;grassroot;0;5
69d658cbf6;134;grassroot;1;0
65036cbe44;2;grassroot;0;1
52b0953163;1218;grassroot;0;1
4573d5adb5;1218;grassroot;1;0
0879517701;177;grassroot;0;1
3858125a50;1219;grassroot;0;2
37230ce5a3;1219;grassroot;2;0
5afb1949c2;1219;grassroot;2;0
a3f8471ad8;2;grassroot;0;2
5082bc7b6e;2;grassroot;1;1
fb76bb168a;174;grassroot;0;1
fdd238d6d0;1220;grassroot;0;3
5718f2bb0d;1220;grassroot;2;0
48dba85b09;1220;grassroot;1;0
1296ab6f99;1220;grassroot;1;0
0021a71aef;1221;grassroot;0;3
7c6dc59689;1221;grassroot;1;0
13d1eda356;1221;grassroot;1;0
4539a148a5;1221;grassroot;1;0
0e8854a4d8;2;grassroot;0;2
08cbdbee3a;1222;grassroot;0;2
a1a46cf5b5;1222;grassroot;1;0
d3f0e81536;1222;grassroot;1;0
8a4ccd17db;1;grassroot;0;1
f54a38488f;7;grassroot;0;1
3cfad94e2d;11;grassroot;0;2
693a278501;11;grassroot;1;0
10dd38970e;58;grassroot;0;1
3920611790;7;grassroot;0;1
7b3468fd67;43;grassroot;0;11
1be6c73096;43;grassroot;2;0
799066a359;2;grassroot;0;1
3daa721a58;12;grassroot;0;1
93f2f2e668;1223;grassroot;0;1
de6893580d;1223;grassroot;1;0
d1d5441973;10;grassroot;0;1
bbd78bbcd6;10;grassroot;0;1
ae6d7a04a6;613;grassroot;0;1
3ceee16576;1224;grassroot;0;2
56de8c9907;1224;grassroot;1;0
b69ce3f2c2;1224;grassroot;1;0
3a5b648f2a;69;grassroot;0;1
ce65719338;9;grassroot;0;1
e0d5a5b00d;1225;grassroot;0;3
ad51eb5821;1225;grassroot;1;0
2b466bdbeb;1225;grassroot;1;0
ebb567c8a4;1225;grassroot;1;0
dbefc59b87;1226;grassroot;0;1
dd3516e9e6;1226;grassroot;1;0
187d12a75c;7;grassroot;0;1
dd9de51001;11;grassroot;0;2
81c1afb0d5;49;grassroot;0;3
0e2c2c59f0;49;grassroot;1;0
ac0114c73b;49;grassroot;1;0
2b6e4bcc6d;86;grassroot;0;1
0405d15c52;1;grassroot;0;1
5cb01c374d;6;grassroot;0;1
36d37b8db0;24;grassroot;1;1
94ccd87fd9;3;grassroot;0;1
bd57f8acfd;152;grassroot;0;1
cc720f8937;1047;grassroot;0;1
25727c9ab3;11;grassroot;0;1
418a6e7abc;182;grassroot;0;1
91228f8ff0;1227;grassroot;0;1
7f823af0bb;1227;grassroot;1;0
109f2a9c51;42;grassroot;0;4
68bb1177ff;1;grassroot;0;1
188ea72d54;1228;grassroot;0;1
23aa12d4f6;1228;grassroot;1;0
d1edb1f58a;94;grassroot;0;1
82b30ed85c;9;grassroot;0;6
df6ec50ce3;577;grassroot;0;1
f1046bbd48;42;grassroot;0;4
59905149b8;42;grassroot;1;0
22ac1368dd;70;grassroot;0;1
41be61d20a;6;grassroot;0;2
8440801b2b;121;grassroot;0;1
935be783ea;2;grassroot;0;7
ae7d764ae5;1229;grassroot;0;1
3294800d78;1229;grassroot;1;0
a787169140;69;grassroot;0;1
f080a3a529;4;grassroot;0;1
6b51139404;224;grassroot;0;1
0b471f0b12;7;grassroot;0;1
7c10f6c254;1230;grassroot;0;1
233c7603d2;1230;grassroot;1;0
7674a27d95;10;grassroot;0;1
b1b116bc01;519;grassroot;0;1
6e52dd3406;1;grassroot;0;3
a637b80c6e;1;grassroot;1;0
a1f7dd9d7b;1;grassroot;1;0
e4ebe0eecc;49;grassroot;0;1
11aceed442;14;grassroot;0;3
3e2dc4a123;661;grassroot;0;1
3f9f6a2542;2;grassroot;0;1
86c7ef1c7d;2;grassroot;0;5
f0e7659885;2;grassroot;1;0
eb1dbce34f;12;grassroot;0;1
92d5fbd6d3;1231;grassroot;0;1
41da8edc95;1231;grassroot;1;0
6e0037b9c5;1232;grassroot;1;1
ee58033d33;1232;grassroot;1;1
e1e1517a96;3;grassroot;0;1
67e85c0726;4;grassroot;0;1
8e22a24a56;1233;grassroot;0;1
536d52d643;1233;grassroot;1;0
3ee12ab1ea;2;grassroot;0;2
2957e38439;2;grassroot;1;0
3f30d82f21;1234;grassroot;0;1
bf117496e5;1234;grassroot;1;0
c52206458a;6;grassroot;0;1
df5d74f269;13;grassroot;0;2
a1ad3b8ead;13;grassroot;1;0
5e1fc60686;16;grassroot;0;1
9200c5852d;6;grassroot;0;2
cc3a3bbe67;3;grassroot;0;1
b118caeefb;2;grassroot;0;1
ba23c1bf5b;1092;grassroot;0;1
b7acabd31d;805;grassroot;0;1
e3adeacb36;106;grassroot;0;1
bcd81473b8;1235;grassroot;0;1
5919b45eb6;1235;grassroot;1;0
38c8b83624;8;grassroot;0;1
ed1c053240;1236;grassroot;0;1
911ae14eb8;1236;grassroot;1;0
d1c899b430;2;grassroot;0;2
632a710183;1237;grassroot;0;1
d6ed6c15b8;1237;grassroot;1;0
55df65ab2e;69;grassroot;0;2
76b5f45a22;9;grassroot;0;1
941c937220;979;grassroot;0;2
8ddbe2d0a2;979;elite/political;1;0
08ea7d43cb;9;grassroot;0;3
890ff4393e;1238;grassroot;0;1
2f17908173;1238;grassroot;2;0
93f94fc71a;12;grassroot;0;3
20a7fea0aa;24;grassroot;0;1
f8e0e119e2;2;grassroot;0;1
d64c6e145e;43;grassroot;0;2
67b909c9fc;24;grassroot;0;3
307a23c00b;1239;grassroot;0;1
9dbeff0f78;1239;media/news;1;0
7e54b60282;1047;grassroot;0;1
01a7e57329;42;grassroot;0;1
c642d9d54d;24;grassroot;0;1
affedfed2f;2;grassroot;0;1
4f4e9372ed;42;grassroot;0;2
60b55353d2;10;grassroot;0;1
122ec8ee7b;7;grassroot;0;1
1ca35c675c;7;grassroot;0;2
8d682cf6eb;2;grassroot;0;5
123552255e;1240;grassroot;0;1
6b7cbfa625;1240;grassroot;4;0
d92223dd1b;1241;grassroot;0;1
7df0f99432;1241;grassroot;1;0
d169888224;10;grassroot;0;1
63e6f744c6;2;grassroot;0;26
774bfd5c99;2;grassroot;1;0
d524fc96d0;2;grassroot;1;0
f49b4dc814;2;grassroot;1;0
2bbfe9cb55;2;grassroot;0;1
936962068a;85;grassroot;0;1
030fd4cbce;2;grassroot;0;3
ce4eb633db;1104;grassroot;0;1
843dbd3f00;86;grassroot;0;1
b48fa784fa;11;grassroot;0;3
5c5a525109;11;grassroot;1;0
00ddaeae76;11;grassroot;0;1
54d0bd60cc;11;grassroot;1;1
1f5f9ea4ad;923;grassroot;0;1
bfbc9c724f;2;grassroot;0;1
b34bc7acc1;1242;grassroot;0;1
4e813afb39;1242;grassroot;1;0
3fb6210e8a;1243;grassroot;0;1
3efeca4f18;1243;grassroot;1;0
1adbdb73e1;3;grassroot;0;1
a91c7e6002;12;grassroot;0;1
3b86a9613a;3;grassroot;0;1
3e11a845db;10;grassroot;0;1
5b07c09352;49;grassroot;0;7
24e0a0e202;49;grassroot;1;0
5c405c9225;49;grassroot;1;0
ff04df7515;9;grassroot;0;1
d93966fbcc;1244;grassroot;0;1
1b1054b0be;1244;grassroot;1;0
6a5f97b0c5;4;grassroot;0;1
9c50155c70;217;grassroot;0;1
d316e35aa6;2;grassroot;0;2
492b92142a;112;grassroot;0;1
f2819dfa58;1245;grassroot;0;1
063d1a2f26;1245;grassroot;1;0
16a6fdc58f;2;grassroot;0;1
47e85dc228;123;grassroot;0;1
45b09d3744;3;grassroot;0;1
c766d9c0b2;7;grassroot;0;1
513b5b1a2d;58;grassroot;0;1
2b281efa66;410;grassroot;0;6
5b3968ec7a;1246;grassroot;0;1
94de10144a;1246;grassroot;1;0
bcfb10efed;3;grassroot;0;1
c69773a402;2;grassroot;0;2
d0f1346bff;9;grassroot;0;1
9ac3820f78;241;grassroot;0;2
29db0c6782;241;grassroot;1;0
4d5dad0c88;241;grassroot;2;0
7350cf9a34;16;grassroot;0;1
ae1a81f573;7;grassroot;0;1
17cc74fcb9;1247;grassroot;0;1
28c0d03d16;1247;grassroot;1;0
967fcf4d90;2;grassroot;0;1
ea4d50a835;6;grassroot;0;1
6343cba3cb;1248;grassroot;0;1
42e064f9fb;1248;grassroot;1;0
c4d8f3e1cf;24;grassroot;0;3
ef85889a02;12;grassroot;0;1
6f0067829e;1219;grassroot;0;2
0608081255;104;grassroot;0;1
2550f0a0f9;2;grassroot;0;4
9bc5a9cf3b;2;grassroot;1;0
8ba68f8518;6;grassroot;0;1
f923937d48;7;grassroot;0;2
bbd09ef7c9;1249;grassroot;0;1
f0cdffaee1;1249;grassroot;1;0
12b38ddc57;1060;grassroot;0;1
519cc03725;2;grassroot;0;2
7bb27f3490;2;grassroot;1;0
099fe4a1b0;2;grassroot;0;2
c5ef894a37;2;grassroot;1;0
a633b68dbc;2;grassroot;0;1
df09fedf57;9;grassroot;0;1
3e512f1539;1250;grassroot;0;1
accd060646;1250;grassroot;1;0
67324663c7;1251;grassroot;0;1
5773e79b3b;1251;grassroot;1;0
a22d9e12ab;10;grassroot;0;1
817ac63460;121;grassroot;0;1
eac26b8c92;9;grassroot;0;1
2442256b89;1252;grassroot;0;2
2155218abc;1252;grassroot;1;0
9f2e81516f;1252;grassroot;1;0
6a778be6b3;86;grassroot;0;1
011c0fcc06;49;grassroot;0;1
c7349ad17e;49;grassroot;0;2
c95485141e;49;grassroot;1;11
1c6658c3b3;49;grassroot;1;0
1de1ccb46f;49;grassroot;1;0
af04045042;49;grassroot;1;0
4c41e34651;42;grassroot;0;1
233c9094b9;387;grassroot;0;1
cec1aa5453;1171;grassroot;0;1
db9596b62a;13;grassroot;0;1
e54de4ff50;8;grassroot;0;1
592d9b743b;1253;grassroot;0;1
5be6a5bc22;1253;grassroot;1;0
4630596da6;1254;grassroot;0;1
7dc9a3fbaa;1254;grassroot;1;0
ababe150e9;182;grassroot;0;1
5a7d19dc87;9;grassroot;0;2
0b2aaf8547;9;grassroot;1;0
821bc24307;1255;grassroot;0;1
7b99beaf2e;1255;grassroot;1;0
ef1314fe61;24;grassroot;0;1
2f790e5d85;70;grassroot;0;2
25a576991c;1256;grassroot;0;2
17c355bbca;1256;grassroot;1;0
1a49551bbc;1256;grassroot;1;0
a3f2df9af2;32;grassroot;0;1
6350e8f57f;69;grassroot;0;1
0ade918f26;1257;grassroot;1;1
594183a979;1257;grassroot;1;0
bad0df337d;2;grassroot;0;4
2d47589255;1258;grassroot;0;1
618c249b87;1258;grassroot;1;0
eb9953c212;12;grassroot;0;1
722b4be29b;2;grassroot;0;3
7b47283175;7;grassroot;0;4
edb6911063;1259;grassroot;0;1
22253435ef;1259;grassroot;1;0
c9624a52d0;9;grassroot;0;3
27deceb70e;9;grassroot;1;0
c38cf3ed56;5;grassroot;0;1
ca4c7da7f7;11;media/news;1;1
89baa3f721;49;grassroot;0;3
502f36593e;49;grassroot;1;0
abac21938b;5;grassroot;0;1
f47bbeab78;1260;grassroot;0;1
5e9d0a95ff;1260;grassroot;1;0
888cf84385;5;grassroot;0;2
5cccd6c0ad;5;grassroot;0;1
f8a98b631e;5;grassroot;0;6
14d66f09a1;5;grassroot;2;0
c17af6bb74;5;grassroot;2;0
df716f471c;5;grassroot;2;0
bbf11b4b3b;5;grassroot;2;0
6062427b94;5;grassroot;2;0
dd7e9362a6;5;grassroot;0;6
52f7fd1120;2;grassroot;0;4
5e6051435f;1261;grassroot;0;1
8d8f299ebd;1261;grassroot;1;0
fd76d18371;43;grassroot;0;1
c9596cc6f0;86;grassroot;0;1
1dfebb6466;42;grassroot;0;2
77e4fc8b4d;42;grassroot;1;0
f498eb50eb;9;grassroot;0;3
686a42fb52;2;grassroot;0;4
e5ed767810;2;grassroot;0;1
e719ccdbc1;15;grassroot;0;2
f46cdd277e;32;grassroot;0;13
7518ee10f0;32;grassroot;1;0
675446e4b5;32;grassroot;1;0
a64dc35237;1262;grassroot;0;1
c8544f7e51;1262;grassroot;1;0
7891119b80;49;grassroot;0;1
1a572db0b6;12;grassroot;0;2
042a142935;3;grassroot;0;1
8c8f5d8785;43;grassroot;0;1
04db4eef6f;537;grassroot;0;1
fb291f060a;1263;grassroot;0;1
c361967f3f;1263;grassroot;1;0
21706111cb;7;grassroot;0;1
03a00d2962;10;grassroot;0;1
28192d12d1;2;grassroot;0;1
fe36adcf57;11;grassroot;0;1
79fb3b2c0b;182;grassroot;0;1
0de25cd1ea;32;grassroot;0;2
64af10f955;32;grassroot;4;0
0fe6392d8e;32;grassroot;1;0
a136ba5462;3;grassroot;0;1
edf7a266f3;58;grassroot;0;1
082a3c2f24;127;grassroot;0;9
fa6b60b21b;1264;grassroot;0;1
8e024b75df;1264;grassroot;1;0
2552c8c6cb;9;grassroot;0;2
e394764bda;35;grassroot;0;2
c2bb47b607;123;grassroot;0;3
282bea1b59;1265;grassroot;0;1
e8e9d929a2;1265;grassroot;1;0
e0464f5109;1266;grassroot;0;1
f8afd54537;1266;grassroot;1;1
f946097de5;1266;grassroot;1;0
9011f679ea;2;grassroot;0;2
519f75e50a;143;grassroot;0;1
2b1c3533be;3;grassroot;0;2
336bd34bd2;1;grassroot;0;1
e0bfcfa9f0;10;grassroot;0;1
0f882a71f4;32;grassroot;0;43
6d0cfdc6da;32;media/news;1;0
f17b42b350;32;grassroot;1;0
eec96cec6b;32;grassroot;1;0
3638a16ee0;32;grassroot;1;0
1f1351a1cc;32;grassroot;2;0
94a11a6c3e;32;grassroot;1;0
99dff90be7;32;media/news;1;0
4d22a1b8c1;32;grassroot;1;0
c6a579a989;32;media/news;1;0
f9cbaec94b;32;grassroot;1;0
ce250f669a;32;grassroot;1;0
ba376e1875;32;grassroot;1;0
6143bba9cf;32;grassroot;1;0
170085c162;32;media/news;1;0
701f7f7b33;32;grassroot;1;0
1a1e349886;32;grassroot;1;0
9a02e74bcc;32;grassroot;1;0
90a6d53df4;32;grassroot;1;0
c923fea4e2;32;media/news;1;0
d7a55c5f46;32;grassroot;1;0
87d19fd70e;456;grassroot;0;2
d7551ecb0b;35;grassroot;0;11
534ee46100;9;grassroot;0;1
39ee96b99d;1267;grassroot;0;1
2526cab835;1267;grassroot;1;0
221745859b;115;grassroot;0;2
3ee1307952;857;grassroot;0;1
c87ebd0212;9;grassroot;0;1
fbe084977a;1268;grassroot;0;1
8ae4b28ff1;1268;grassroot;1;0
fd6735858e;1269;grassroot;0;1
e173b97225;1269;grassroot;1;0
65bc0aa864;2;grassroot;0;1
9a7c55a2f5;12;grassroot;0;1
f3608e8ac3;1270;grassroot;0;1
5c367b24db;1270;grassroot;2;0
bc642cb3fa;2;grassroot;0;3
e76e61703b;2;grassroot;1;0
0a2243234d;1271;grassroot;0;1
299a75baae;1271;grassroot;1;0
4fcde2b0d8;535;grassroot;0;1
6a659adcff;7;grassroot;0;1
e671fe0843;7;grassroot;0;8
b4e327e1cb;7;grassroot;1;0
0124b71b57;7;grassroot;1;0
0e326c4636;7;grassroot;0;3
7b48991e10;7;grassroot;0;1
6f60fdde46;32;grassroot;0;1
ac57f61a7c;4;grassroot;0;1
b49f03f2b7;3;grassroot;0;1
0732d7ad4b;9;grassroot;0;1
76b0617363;2;grassroot;0;1
8ae55c1168;547;grassroot;0;1
602b58f7fe;2;grassroot;0;1
a72fcd1968;69;grassroot;0;4
c0666334d8;1;grassroot;0;1
94e0e2c57f;7;grassroot;0;1
3f6bcf8651;1272;grassroot;0;2
eef1ef525b;1272;grassroot;1;0
6a3715365d;1272;grassroot;1;0
4829e872a4;2;grassroot;0;1
fdcce9cae8;1273;grassroot;0;1
bdce1ace4e;1273;grassroot;1;0
5c049eaf93;32;grassroot;0;1
b45103cc04;1274;grassroot;0;1
77dabb69f3;1274;grassroot;1;0
9318711241;8;grassroot;0;1
1619b4dcb1;1275;grassroot;0;1
da45d0b4a1;1275;grassroot;2;0
878206903a;12;grassroot;0;3
a461f50631;12;grassroot;1;0
4533cdc42b;1276;grassroot;0;1
4fd689edac;1276;grassroot;1;0
53a6bcc894;1277;grassroot;0;2
9301494825;1277;grassroot;1;0
a115734514;1277;grassroot;1;0
b0f727b11e;86;grassroot;0;5
a01256dcda;49;grassroot;0;1
a1905dd058;7;grassroot;0;1
a6a371fc05;11;grassroot;0;2
1a582db865;74;grassroot;0;9
ae53e2238a;74;grassroot;1;0
8871be18b3;10;grassroot;0;1
4ceeb6d575;70;grassroot;0;2
4c298208b5;1278;grassroot;0;1
6991c8f87b;1278;grassroot;1;0
927ad62ff9;86;grassroot;1;3
b634f8936d;86;grassroot;1;0
32c5e49657;86;grassroot;1;0
c962010b89;1279;grassroot;0;2
66d4407cdc;1279;grassroot;1;0
fcca29e35a;1279;grassroot;1;0
19586f3712;16;grassroot;0;13
9b07adcddb;16;grassroot;1;0
36de27f47f;16;grassroot;1;0
23f1b3c81f;16;grassroot;1;0
e689030a7b;74;grassroot;0;1
b0834b9c5e;89;grassroot;0;1
284e4b257a;1280;grassroot;0;1
e44b4bd707;1280;grassroot;1;0
0c06e158c3;7;grassroot;0;5
7b098ed27b;7;grassroot;1;0
a020d5511d;7;grassroot;0;2
8718c68ef1;11;grassroot;0;1
302554ddd7;1281;grassroot;0;1
9b399ae994;1281;grassroot;2;0
9916c6d045;123;grassroot;0;1
e0d22e3618;2;grassroot;0;3
614140046e;2;grassroot;0;5
3c9e5d2b63;11;grassroot;0;4
ee1fcd5c6f;2;grassroot;0;2
f4e5d29f18;2;grassroot;1;0
1456498e9d;210;grassroot;0;1
6f968a03f5;8;grassroot;0;1
efc778a0b3;2;grassroot;0;2
c71d54a06d;69;grassroot;0;2
a8bec2485a;210;grassroot;0;1
98de3f7b7b;2;grassroot;0;1
acb46ccdbd;49;grassroot;0;1
106604ed48;1282;grassroot;0;1
54ba635749;1282;grassroot;1;0
5cce658ab6;7;grassroot;0;1
dc5344aacd;32;grassroot;0;1
8ed6830863;1;grassroot;0;1
faa5a1e6f8;210;grassroot;0;1
3a96de2458;1283;grassroot;0;1
81781be297;1283;grassroot;1;0
573ab9fed2;6;grassroot;0;1
bf5fcfbe76;4;grassroot;0;1
70a42fdfd0;1284;grassroot;0;1
2ce39f04ad;1284;grassroot;1;0
4823b12290;70;grassroot;0;2
a0464a2864;70;grassroot;1;0
061a6d97ce;5;grassroot;0;1
00f9d3762a;12;grassroot;0;1
656e1ed797;210;grassroot;0;2
23e384c398;86;grassroot;0;1
1fb27e965d;42;grassroot;0;10
7821bad876;42;elite/political;1;0
8054cec942;42;grassroot;1;0
43f010cc89;42;grassroot;1;0
1010fbe12d;42;grassroot;1;0
7cee9d35d2;640;grassroot;0;1
e7f0d9f593;86;grassroot;0;2
f743270e93;1285;grassroot;0;1
d5f9de58ef;1285;grassroot;1;0
463b7b2239;7;grassroot;0;1
0dd94f3730;1286;grassroot;0;2
18ae863677;1286;grassroot;1;0
048c7f9811;1286;grassroot;1;0
d7048c230b;58;grassroot;0;2
5e33d97bfc;10;grassroot;0;1
5c945b8730;1098;grassroot;0;1
1e07225ba5;1287;grassroot;0;1
13944d84a0;1287;grassroot;1;0
7f300ae124;11;grassroot;0;1
4094de47b1;1275;grassroot;0;2
8508ae4d9c;1275;grassroot;1;0
51f37cf18f;16;grassroot;0;1
41e5819476;11;grassroot;0;1
bc1bedbf2a;1288;grassroot;0;1
37a861d2c7;1288;grassroot;1;0
eb07b312dc;43;grassroot;0;1
2d331a8185;14;grassroot;0;8
122da8e4f7;1289;grassroot;0;1
dba210ee8e;1289;grassroot;1;1
735c399fba;1289;grassroot;1;0
548b178394;86;grassroot;0;1
33f3dc2b47;1290;grassroot;0;1
282105b0f0;1290;grassroot;1;0
930980e5e8;10;grassroot;0;1
7d3e67789f;10;grassroot;0;1
eb5b8b8cb0;69;grassroot;0;1
a8ed18a41a;1291;grassroot;0;1
22b0b39fe4;1291;grassroot;1;0
4926475886;8;grassroot;0;5
38a5f20fea;8;grassroot;1;0
184208e8fb;1292;grassroot;0;1
fa89d02d6f;1292;grassroot;1;0
d7b5a2fbb6;1293;grassroot;0;1
bb2b5fbc5f;1293;grassroot;1;0
cd51f1ff81;4;grassroot;1;1
cc459630e3;1294;grassroot;0;1
69ae0805b3;1294;grassroot;1;0
fb12564c33;86;grassroot;0;1
209eed4fe8;9;grassroot;1;3
ea657844cd;1295;grassroot;0;1
cf3c22187f;1295;grassroot;1;0
f9d8e182c9;9;grassroot;0;8
3765af3285;107;grassroot;0;1
bf8db833d3;58;grassroot;0;2
ad450989aa;551;grassroot;0;1
3ad8b45fe1;1296;grassroot;0;2
983f9bdc8d;1296;grassroot;1;0
b98030f2b7;1296;grassroot;1;0
4d4eab634f;1297;grassroot;0;1
2ef9e4158d;1297;grassroot;1;0
a09fdecf03;12;grassroot;0;1
b13c28c1f0;1298;grassroot;0;1
34ffcac5d8;1298;grassroot;1;0
25b90127b1;140;grassroot;0;1
f88ffaffc0;210;grassroot;0;1
4bcd2e5644;9;grassroot;0;1
ee3e38cd0e;9;grassroot;0;1
e9f541a060;2;grassroot;0;1
3074eb9fab;9;grassroot;0;1
dc88dc4c61;152;grassroot;0;2
53bc120feb;1299;grassroot;0;1
73b9e2999d;1299;grassroot;1;0
a1ebc82f41;9;media/news;0;1
61429a6f22;2;grassroot;0;1
14203b7bc3;43;grassroot;0;1
9d583808ed;11;grassroot;0;4
a9df13ca04;11;grassroot;1;0
877192667d;1300;grassroot;0;1
49a6ee76f0;1300;grassroot;1;0
51742e9661;15;grassroot;0;2
193c5f669a;250;grassroot;0;1
fe72c47e0d;1301;grassroot;0;1
2331f2a1b3;1301;grassroot;1;0
035128d134;1302;grassroot;0;1
ae34175c67;1302;grassroot;1;0
4905b8c208;1303;grassroot;0;1
7aa8c69fd4;1303;grassroot;1;0
734fbdfad1;12;grassroot;0;1
2845822bb9;24;grassroot;0;1
c208a1c347;9;grassroot;0;1
34e404b260;42;grassroot;0;1
dc921bae38;3;grassroot;0;2
50db496673;10;grassroot;0;1
28d706a557;70;grassroot;0;1
75db224f05;9;grassroot;0;1
765a3fe959;1304;grassroot;0;1
e6bc5cd0e9;1304;grassroot;1;0
2701f42d22;10;grassroot;0;1
5f138d4876;16;grassroot;0;2
2a1d9ef916;35;grassroot;0;1
7b479b5040;86;grassroot;0;1
dec907d7c8;32;grassroot;0;2
5b842cd7f8;123;grassroot;1;2
0e3c280b7b;123;grassroot;1;0
7b47f470bb;1305;grassroot;0;2
2a6ed899f7;1305;grassroot;1;0
2114f5d428;1305;grassroot;1;0
8192f27cf5;1306;grassroot;0;1
2755f50ceb;1306;grassroot;2;0
da9df3df1f;1307;grassroot;0;1
1e8023a631;1307;grassroot;1;0
95bea235ef;2;grassroot;0;1
d2d5cc4622;16;grassroot;0;1
84cf036974;1308;grassroot;0;1
7b390189b1;1308;grassroot;2;0
ed105c0ef4;7;grassroot;0;1
651f13d949;3;grassroot;0;1
3e62aa14d7;1309;grassroot;0;1
ace95a35b7;1309;grassroot;1;0
faefce5fbe;7;grassroot;0;1
9bb14f649c;13;grassroot;0;2
83dc4acc54;2;grassroot;0;1
23c75aacf8;2;grassroot;0;2
e0a95ca6d0;2;grassroot;1;0
211be42f86;2;grassroot;0;1
98936b751a;11;grassroot;0;1
fa148dd149;70;grassroot;0;1
64c676a676;2;grassroot;0;2
a73dcd4bd0;1310;grassroot;0;1
a5c4c5c2b2;1310;grassroot;1;0
81eadfd0f5;10;grassroot;0;1
7a17880d59;14;grassroot;0;1
479041489e;32;grassroot;0;7
0ff8a16435;32;grassroot;1;0
4e6774a2d3;12;grassroot;0;1
baaac127eb;86;grassroot;0;1
ce713ac1e8;11;grassroot;0;3
5c265fd1db;12;grassroot;0;2
69e524cc25;12;grassroot;1;0
eb3da89454;7;grassroot;0;4
77288866bd;7;grassroot;1;0
d0c181ff22;7;grassroot;1;0
5a09924eee;7;grassroot;1;0
9519b26cb4;11;grassroot;0;1
c1a512ca5d;127;grassroot;0;8
6aaf99a737;127;grassroot;2;0
7f9105102a;127;grassroot;1;0
a537348943;784;grassroot;0;1
c726f74de5;70;grassroot;0;1
42a38f7458;7;grassroot;0;4
98e23d6100;11;grassroot;0;2
3737e70661;49;grassroot;0;2
168f81bf44;70;grassroot;0;1
79c64dd641;1311;grassroot;0;1
3958bb0482;1311;grassroot;1;0
4d7db16c15;35;grassroot;0;4
0a506beb19;35;grassroot;1;0
3f5dc32b90;137;grassroot;0;1
1788dbf1b5;1312;grassroot;0;2
4bcb6c0097;1312;grassroot;1;0
d25f7c55c2;1312;grassroot;1;0
a3ba55bc80;12;grassroot;0;1
b95f4a35d3;42;grassroot;0;3
f9be9a55c1;32;grassroot;0;1
b2b563a799;3;grassroot;0;1
a0948292b4;6;grassroot;0;2
cc13d147cd;1313;grassroot;0;1
e61bc2b706;1313;grassroot;1;0
a549f6f609;2;grassroot;0;1
a54e6b849d;1314;grassroot;0;1
ed16f8f2f0;1314;grassroot;1;0
23bb1964fb;11;grassroot;0;1
9e974ad48c;626;grassroot;0;1
608ffbcc2b;7;grassroot;0;1
e0e5b693bf;2;grassroot;0;7
40fdfc192d;2;grassroot;1;0
f443f7725d;43;grassroot;0;1
2ac4b4b347;43;grassroot;0;1
2c28809202;112;grassroot;0;1
d096de43fd;3;grassroot;0;1
01cfcf21df;2;grassroot;0;2
90a734acd1;2;grassroot;1;0
8d918b0d47;69;grassroot;0;1
b0db509e48;1315;grassroot;0;1
f222c31d59;1315;grassroot;1;0
1b2522f953;49;grassroot;0;2
2cc6ac354f;24;grassroot;0;1
bce8270bde;4;grassroot;0;1
1cdd307aaa;1316;grassroot;0;1
9f9e190d53;1316;grassroot;1;2
eb888efe4d;1316;grassroot;1;0
42acddfacc;1316;grassroot;1;0
d9bc9a1602;49;grassroot;0;3
9e37808843;49;grassroot;1;0
0d1dbecae5;16;grassroot;0;2
e794c8ec69;3;grassroot;0;1
115f7cff06;12;grassroot;0;1
c2c1bd5437;9;grassroot;0;1
55f7ba0b19;2;grassroot;0;1
1b9cbdc207;16;grassroot;0;1
c31ac5334f;1317;grassroot;0;1
5c5f12b79a;1317;grassroot;1;0
97d99f6496;10;grassroot;0;1
08dd40fb01;1318;grassroot;0;1
1e4cb7eb7c;1318;grassroot;1;0
ee941cab04;11;grassroot;0;1
c123163030;1;grassroot;0;1
69d7e6b92b;2;grassroot;0;1
c9f48e67ee;1319;grassroot;0;1
8a55ac8a15;1319;grassroot;1;0
d8e29ce2f3;3;grassroot;0;2
b3775785ab;1;grassroot;0;1
2120b63073;410;grassroot;0;6
7d09564fba;9;grassroot;0;2
77097378a0;9;grassroot;1;0
df9485faa5;12;grassroot;0;1
ab66058564;5;grassroot;1;2
0b9b6f404a;1320;grassroot;0;1
ebd8927ed3;1320;grassroot;1;0
7961ce5759;123;grassroot;0;1
7e29a4cdef;7;grassroot;0;1
ef774a4fdc;3;grassroot;0;1
7cbf6df85a;1257;grassroot;0;2
6deafebe30;1257;grassroot;1;0
e061a849d3;1321;grassroot;0;2
fc2c5b4ae6;1321;grassroot;1;0
d7eeb42e87;1321;grassroot;1;0
488ce19915;1322;grassroot;0;10
0bdf110643;1322;grassroot;1;0
e2ba441c42;1322;grassroot;1;0
596889fcde;1322;grassroot;1;0
6f98ce771f;1322;grassroot;1;0
e774ff1622;1322;grassroot;1;0
3d4f99801a;1322;grassroot;1;0
29e1bf5014;1322;grassroot;1;0
735331b490;1322;grassroot;1;0
507269bfcb;1322;grassroot;1;0
b0b85fafd8;1322;grassroot;1;0
2202c1277d;4;grassroot;0;2
58e34f3b2a;2;grassroot;0;1
f52ecc1a78;2;grassroot;0;3
6171d8c763;2;grassroot;1;0
acbf3b967a;12;grassroot;0;1
77c899b9b8;86;grassroot;0;1
d2b1da7b57;1323;grassroot;0;1
6921369226;1323;grassroot;1;0
1f8d6e0a36;7;grassroot;0;2
a6902574e3;7;grassroot;1;1
454b83ff09;1324;grassroot;0;1
0a7f4cd104;1324;grassroot;1;0
997adeec76;10;grassroot;0;1
6e7b17bf6f;2;grassroot;0;4
b99be91508;2;grassroot;0;6
179a82e813;2;grassroot;1;6
c891fb3164;1011;grassroot;0;1
886ce219e7;49;grassroot;0;1
41a72671b0;123;grassroot;0;1
c6eebad2e6;12;grassroot;0;1
ea3e851dab;1325;grassroot;0;1
99b35d503a;1325;grassroot;1;0
3971d5a43c;49;grassroot;0;1
beafe94c12;14;grassroot;0;1
dc4245c6fb;12;grassroot;0;2
a982b834e3;70;grassroot;0;1
c9fcf001a2;7;grassroot;0;1
0df374588d;1326;grassroot;0;1
cffe12048c;1326;grassroot;1;0
4e482beece;1327;grassroot;0;1
f12aa2ed06;1327;grassroot;1;0
cfdd3149d6;89;grassroot;0;1
be88e975f8;3;grassroot;0;1
91e8db6f51;577;grassroot;0;1
3cab6840ab;123;grassroot;0;2
062ab38403;1092;grassroot;0;2
cc7261a498;1092;grassroot;1;0
94233c83ca;1328;grassroot;0;1
bf0726751e;1328;grassroot;1;0
e8258d3176;35;grassroot;0;1
b3df03abc8;1329;grassroot;0;1
e05dec152f;1329;grassroot;1;0
a89e50e86f;24;grassroot;0;15
4c1e24b1db;24;elite/political;1;0
fa89aab003;24;grassroot;1;0
005197e9de;7;grassroot;0;1
608e6c42f5;1330;grassroot;0;1
2cd764bcf2;1330;grassroot;1;0
b0cee619d1;16;grassroot;0;1
e8b5c4f465;7;grassroot;0;1
1902a4d708;86;grassroot;0;2
ee472b6527;86;grassroot;1;0
90421a62f8;1331;grassroot;0;1
4c89e98a9b;1331;grassroot;1;0
f788805d02;410;grassroot;0;6
05d78518b5;1332;grassroot;0;1
b58675e689;1332;grassroot;1;0
b102060375;3;grassroot;0;1
a5c34a5cd5;1;grassroot;0;1
835b1a7744;7;grassroot;0;1
e8c4baee54;70;grassroot;0;4
f4a6dad7cd;1333;grassroot;0;1
e183db1c18;1333;grassroot;1;0
0d1b4b7929;1;grassroot;0;1
13772669fe;86;grassroot;0;1
a35b94db36;3;grassroot;0;1
a221b67997;10;grassroot;0;1
2de8bcd3fe;123;grassroot;0;1
2694a26811;7;grassroot;0;3
f5517840c1;1334;grassroot;0;1
ae854e9074;1334;grassroot;1;0
e306e1ef39;51;grassroot;0;28
6198e9e081;51;grassroot;1;0
9c8597ce8f;51;grassroot;1;0
bcf029f7d7;51;grassroot;1;0
6114dca231;51;grassroot;1;0
f536d99f3e;210;grassroot;0;2
03a7152d85;12;grassroot;0;1
bc1225a4e6;862;grassroot;1;2
85f9f32b06;862;grassroot;1;0
211687e25c;7;grassroot;0;1
1c6d2cb6de;7;grassroot;0;1
ebcd53bd07;10;grassroot;0;4
7d28f1fe7d;10;grassroot;1;0
697035e1f5;10;grassroot;1;0
4f6b276466;10;grassroot;1;0
9bc2e78aca;9;grassroot;0;1
dfb248b780;2;grassroot;0;7
384bb77dff;2;grassroot;1;0
5616b019bb;2;grassroot;1;0
eb00b5f79e;11;grassroot;0;2
26fc598e6f;11;grassroot;1;0
d7b4f18707;12;grassroot;0;1
3fc066dca9;13;grassroot;0;1
df33b4e361;3;grassroot;0;1
74350652da;58;grassroot;0;2
c78c63a9d7;58;grassroot;1;0
ffb3e14f6b;10;grassroot;0;1
812ad7a554;9;grassroot;0;2
4e14900e5f;882;grassroot;0;2
7eba17ffd4;882;grassroot;1;0
0030175faa;16;grassroot;0;2
5ff56cc72b;16;grassroot;1;0
318085193e;4;grassroot;0;1
298c4867df;74;grassroot;0;1
0500410d85;9;grassroot;0;1
2221b01a73;2;grassroot;0;1
fe577a1e26;4;grassroot;0;5
e0de7f0d08;1;grassroot;0;3
e2a0704635;7;grassroot;0;3
f1c16965ce;9;grassroot;0;2
e0eda2e0ff;12;grassroot;0;1
2fa0de39fa;32;grassroot;0;3
12d590ea93;86;grassroot;1;3
54635dbfb5;42;grassroot;0;1
622cd856ab;1335;grassroot;0;1
4b93c79452;1335;grassroot;1;0
d5d6699291;6;grassroot;0;2
b14261a143;1336;grassroot;0;1
851f672b91;1336;grassroot;1;0
bc57c06862;3;grassroot;0;2
c8353be0a0;2;grassroot;0;1
13b89617d9;1337;grassroot;0;1
296963b533;1337;grassroot;1;0
5889664d21;2;grassroot;0;2
8ab507054b;70;grassroot;0;2
9a722a7fc8;49;grassroot;0;1
6c08e929d5;1338;grassroot;0;2
a467a43f15;1338;grassroot;1;0
9d270ed2e4;1338;grassroot;1;0
6046f1c0f4;13;grassroot;0;1
dd97865917;2;grassroot;0;1
068cb51083;86;grassroot;0;2
a6d04514d3;1;grassroot;0;1
0115056595;1339;grassroot;0;1
01cafd39a5;1339;grassroot;1;0
08e00dfeed;6;grassroot;0;1
a41e4eebd3;10;grassroot;0;1
1d45bb910c;9;grassroot;0;1
f12db7e8e5;10;grassroot;0;2
e263c295ba;10;grassroot;1;0
78f56785f2;6;grassroot;0;2
d5615b5433;1128;grassroot;0;2
ca53117117;1128;grassroot;1;0
925aa43d75;43;grassroot;0;1
5be8eb1fb9;1340;grassroot;0;1
b4816ef37f;1340;grassroot;1;0
46fa83bb96;2;grassroot;0;11
827fe1904b;589;grassroot;0;1
a486fb1c11;1341;grassroot;0;1
ba6f94cc6b;1341;grassroot;1;0
c1280a934c;2;grassroot;0;2
947f0bedd0;7;grassroot;0;1
b47adfc0b9;9;grassroot;0;27
2ec33e4537;9;grassroot;1;0
fe9d7ff330;9;grassroot;1;0
cc5a08af21;9;grassroot;1;0
3b3c52536c;9;grassroot;1;0
313565d02d;9;grassroot;1;0
ce990fc6c4;9;grassroot;1;0
a2b809607b;32;grassroot;0;2
ba5e34846d;32;grassroot;1;0
decf1a7c1e;12;grassroot;0;1
8fc9a091a9;9;grassroot;0;1
da849268b8;2;grassroot;0;1
7dc82bab60;10;grassroot;0;1
d507959f67;12;grassroot;0;1
5276533bb0;12;grassroot;0;2
2606184e67;1342;grassroot;0;1
c7835697a3;1342;grassroot;1;0
464358225b;12;grassroot;0;1
f49d3f2eef;58;grassroot;0;1
bc5fb004e0;2;grassroot;0;1
3e0012ab7a;217;grassroot;0;1
e272784f27;2;grassroot;0;1
20381f6331;313;grassroot;0;1
62446636b8;6;grassroot;0;2
292924de4f;9;grassroot;1;1
fe9d8fa083;1343;grassroot;0;1
9b6ed21043;1343;grassroot;1;0
e3c4083cc7;70;grassroot;0;1
e646f7feba;1344;grassroot;0;1
5cee0a7bad;1344;grassroot;1;0
1dae502ed3;7;grassroot;0;3
8988ac73c6;8;grassroot;0;2
2a4498aec2;8;grassroot;1;0
5666aa2f13;24;grassroot;0;1
41610fd1ef;14;grassroot;0;1
6bde6f5ffb;1345;grassroot;0;1
8dbcc1c663;1345;grassroot;1;0
a6cfceff0a;10;grassroot;0;1
3ad388d36c;1346;grassroot;0;2
90ca3e0a3b;1346;grassroot;1;0
756cd104e5;1346;grassroot;1;0
95178453cf;2;grassroot;0;1
991a47ef57;2;grassroot;0;3
df9a64c217;1347;grassroot;0;1
45e440b8c2;1347;grassroot;1;0
357983efe8;1348;grassroot;0;1
fa1b165910;1348;grassroot;1;0
2b427fdb3d;12;grassroot;0;2
0a611e322e;837;grassroot;0;1
1aff147fde;12;grassroot;0;1
ac0c1521d6;3;grassroot;0;2
533b81e7d2;3;grassroot;1;0
0b59bff4b4;12;grassroot;0;1
626153ff78;7;grassroot;0;1
35fe0e0978;2;grassroot;0;1
3c77b9aa2c;11;grassroot;0;5
2fa7f0ad9a;7;grassroot;0;2
0943050ab9;7;grassroot;1;0
179ccc45e5;2;grassroot;0;9
b2a6cd07f5;3;grassroot;0;1
7f95e93c76;15;grassroot;0;2
db6030b12d;2;grassroot;0;1
0fded73615;834;grassroot;0;1
892c4405d3;1349;grassroot;0;1
f715ce35ca;1349;grassroot;1;0
7655bc8a89;86;grassroot;0;1
aa19723ad2;5;grassroot;0;7
8610bf3022;5;grassroot;1;0
337064159b;5;grassroot;1;0
a890ee5a82;5;grassroot;1;0
c6bf56b51b;5;grassroot;1;0
c842afbd81;4;grassroot;0;1
a508239ac9;9;grassroot;0;2
9944ebdad0;1350;grassroot;0;1
e589b4a751;1350;grassroot;1;0
b47633cd24;12;grassroot;0;1
ff291d4f9b;2;grassroot;0;6
66fe010b84;2;grassroot;2;0
b30ffd86aa;86;grassroot;0;1
37de80177e;9;grassroot;0;2
f001378c52;2;grassroot;0;2
404b9f4db9;2;grassroot;0;1
afde946541;6;grassroot;0;5
34b0f93549;6;grassroot;1;0
2d3d5af4c1;6;grassroot;1;0
1651e3f42d;650;grassroot;0;1
cd7b96200d;1351;grassroot;0;2
f9b6c1f38f;1351;grassroot;2;0
a4b106ad20;1351;grassroot;1;0
f6a90cae61;11;grassroot;0;1
887948ae59;6;grassroot;0;1
eadb24a2ee;1352;grassroot;0;2
e370f3d6ea;1352;grassroot;1;0
6b29866695;1352;grassroot;1;0
8277f52336;10;grassroot;0;1
82eaac9786;12;grassroot;0;1
3af8771734;1353;grassroot;0;1
20717d0753;1353;grassroot;1;0
adf340cc2d;7;grassroot;0;1
de33918a71;86;grassroot;0;1
ad19bc2816;58;grassroot;0;1
6fdd0eaabc;182;grassroot;0;1
6c66c8c7eb;12;grassroot;0;2
5e338a1518;12;grassroot;1;0
871e61b5a8;11;grassroot;0;3
cdf41c3815;1354;grassroot;0;1
1bbb70ec08;1354;grassroot;1;0
1f29a6b9ae;2;grassroot;0;1
e5fc167f82;16;grassroot;0;1
c046f5c5bb;1355;grassroot;0;1
c950d22bd3;1355;grassroot;1;0
0d005e1589;1356;grassroot;0;1
c29875b231;1356;grassroot;1;0
e330386134;2;grassroot;0;1
91c0015556;4;grassroot;0;1
431771102e;1357;grassroot;0;1
58dd45969d;1357;grassroot;1;0
33b6f97b8f;4;grassroot;0;1
32e0bebdc4;6;grassroot;0;4
540efd9412;6;grassroot;1;0
6249189780;6;grassroot;1;0
0991acdcb9;6;grassroot;1;0
1c33a3cc74;1358;grassroot;0;1
5156fe3509;1358;grassroot;1;0
928208c2f0;3;grassroot;0;1
1126ddc3b9;2;grassroot;0;1
ea97d6225a;1359;grassroot;0;2
4aa959d2c2;1359;grassroot;1;0
b017f07c6a;1359;grassroot;1;0
6b46f966b8;1360;grassroot;0;1
99b976d52a;1360;grassroot;1;0
1010ee7a16;2;grassroot;0;1
6c67227e65;2;grassroot;0;1
63c83fba5e;16;grassroot;0;1
d1c0d5af82;1;grassroot;0;1
6c67903802;10;grassroot;0;1
38a64a4dba;1361;grassroot;0;1
f3875846c0;1361;grassroot;1;0
9a455f05a7;4;grassroot;0;1
b2b5250790;3;grassroot;0;1
720806d246;24;grassroot;0;1
377e5a9790;49;grassroot;0;1
8fd2491094;299;grassroot;0;1
5820b07a4b;2;grassroot;0;4
29e62012cd;1362;grassroot;0;1
11d4041795;1362;grassroot;1;0
ba709747e8;7;grassroot;0;1
7c55a0f0d4;12;grassroot;0;2
53273e623a;2;grassroot;0;2
286e232018;3;grassroot;0;1
f930035314;43;grassroot;0;1
3fed9ceea0;9;grassroot;0;6
856dfacb34;9;grassroot;2;0
3b896d9c8c;9;grassroot;1;0
7952397987;1363;grassroot;0;1
d2968d3be3;1363;grassroot;1;0
b8a55ab075;1;grassroot;0;1
ec8c33ce47;1364;grassroot;0;13
156d2c1191;1364;grassroot;1;0
81d9b06c2a;1364;grassroot;1;0
f9127135f2;1364;grassroot;1;0
dd3df1c7c0;1364;grassroot;1;0
bb0e25558e;1364;grassroot;1;0
fee936122e;1364;grassroot;1;0
70493ed513;1364;grassroot;1;0
2acf2dfe5b;1364;grassroot;1;0
2be471210f;1364;grassroot;1;0
773aef0582;1364;grassroot;1;0
f8db5945a7;1364;grassroot;1;0
a79983b5a0;1364;grassroot;1;0
7049db913a;1364;grassroot;1;0
7bd72355d0;70;grassroot;0;2
2e8c3cb79a;70;grassroot;1;0
e225738800;9;grassroot;0;1
e0e22df02a;2;grassroot;0;2
c7c0070644;2;grassroot;1;0
c616943258;1365;grassroot;0;1
7cbee4f53b;1365;grassroot;1;0
d43a97db8d;1366;grassroot;0;2
b9d22d409a;1366;grassroot;1;0
8abeb5daa8;1366;elite/political;1;0
c42bee5698;9;grassroot;0;2
ce1236f881;10;grassroot;0;1
6eca2cdd20;182;grassroot;0;1
02ef9ea1d6;1367;grassroot;0;1
683c15f3d4;1367;grassroot;1;0
4a44b19191;43;grassroot;0;1
639622daa6;10;grassroot;0;2
8d775ddaf2;2;grassroot;0;4
19ba84f249;1368;grassroot;0;1
889bf6f6bb;1368;grassroot;1;0
f87dccd82c;70;grassroot;0;2
ceaceac1d2;70;grassroot;1;0
48482c71ca;1369;grassroot;0;1
8500340216;1369;grassroot;1;0
3f5fe0f67a;1370;grassroot;0;1
aa8eb026f1;1370;grassroot;3;0
db584a0909;1371;grassroot;0;1
b773d01212;1371;grassroot;1;0
00b3cf850b;9;grassroot;0;3
dca262b4fc;9;grassroot;1;0
29ac4d2fbc;9;grassroot;1;0
65f70b83c2;143;grassroot;0;3
9e1e3474e5;143;grassroot;1;0
5a01314e84;12;grassroot;0;1
b6c529ad17;1372;grassroot;0;1
6555c361d0;1372;grassroot;1;0
29f931b09e;12;grassroot;0;1
96f56e8e72;11;grassroot;0;3
a69c2f7216;11;grassroot;1;3
762644e391;9;grassroot;0;1
bf786219c4;5;grassroot;0;2
ffaad04457;5;grassroot;1;0
c9a380b7d6;9;grassroot;0;2
db9c3ae7c5;1373;grassroot;0;1
fa69db54a4;1373;grassroot;1;0
49a2189581;7;grassroot;0;1
3ad9a0d76d;2;grassroot;0;4
a1515cd0ff;2;grassroot;0;1
859f8f5ec6;12;grassroot;0;2
0f006ae47c;51;grassroot;0;2
8bcf02c88f;86;grassroot;0;1
6853e35100;7;grassroot;0;1
af23b6915f;1374;grassroot;0;1
04b3fb7ea6;1374;grassroot;1;0
36d6eedf2d;1;grassroot;0;1
795103f6d6;6;grassroot;0;2
c6013ffb33;70;grassroot;0;1
00d1d6a239;613;grassroot;0;1
13c9e2ea6f;7;grassroot;0;2
037e6864b3;35;grassroot;0;1
2fb734e7f5;11;grassroot;0;1
caa565dc8c;35;grassroot;0;1
b0e0f4c128;13;grassroot;0;2
8b7a3d172f;216;grassroot;0;1
59050d7002;58;grassroot;0;1
6e94a24877;1375;grassroot;0;1
908d0d0923;1375;grassroot;1;0
3d42236f5e;9;grassroot;0;1
e7e13c7610;86;grassroot;0;2
af4b7e7c3a;1376;grassroot;0;2
88ea6cf117;1376;grassroot;1;0
ca33411434;1376;grassroot;1;0
9f2c4ed274;9;grassroot;0;2
9fb7f76abc;9;grassroot;1;0
f987e4544a;69;grassroot;0;2
ef3e872f1b;12;grassroot;0;1
ff60b07248;14;grassroot;0;1
027405357d;3;grassroot;0;1
5fdee8ff45;373;grassroot;0;3
2c488ef67d;373;grassroot;1;0
c3d0789b2b;35;grassroot;0;1
99b3667fc3;4;grassroot;0;3
543999df08;4;grassroot;1;0
5935b43ba9;4;grassroot;1;0
b25847e295;2;grassroot;0;4
d253b4da80;85;grassroot;0;1
3e467ad96a;9;grassroot;0;1
4686e0ac88;43;grassroot;0;3
b2de6b6929;43;grassroot;1;0
927ae1cbe3;2;grassroot;0;1
843ce0d8f4;2;grassroot;0;18
d1839ad552;2;grassroot;0;9
1d44153b6a;1;grassroot;0;2
36f495fcbb;1;grassroot;1;0
52673de3ae;43;grassroot;0;1
1cc8497908;11;grassroot;0;1
b8715491e4;1377;grassroot;0;1
966b3acf81;1377;grassroot;1;0
5cde1ef4ae;85;grassroot;0;1
960c53619b;2;grassroot;0;1
593efe3f61;548;grassroot;0;1
8eb1e8dca2;42;grassroot;0;1
f82101e752;86;grassroot;0;2
dc28bb31c9;726;grassroot;0;1
34b026278d;1378;grassroot;0;1
df5c9ef6bf;1378;grassroot;1;0
63af944f13;1379;grassroot;0;5
6bb3ecad76;1379;grassroot;1;0
18282ece2e;1379;grassroot;1;0
ba871f1082;1379;grassroot;1;0
96a84120bc;1379;grassroot;1;0
9b3d236ed3;1379;grassroot;1;0
ada331ea5a;2;grassroot;0;1
c3c3ba5b17;127;grassroot;0;15
b32b942c24;127;grassroot;1;0
c71f6dfcd0;127;grassroot;1;0
1f4bcdf91e;127;grassroot;1;0
9d566a0007;127;grassroot;1;0
90922f31d5;127;grassroot;1;0
d5988c0d35;127;grassroot;1;0
595e0f643c;127;grassroot;3;0
d3ebd5848f;7;grassroot;0;1
feb026be1d;2;grassroot;0;14
ce9929cee1;2;grassroot;1;0
95f7965066;2;grassroot;1;0
0a51767651;2;grassroot;1;0
bd797de631;12;grassroot;0;1
bcd8d2a135;115;grassroot;0;14
4ea341bf2e;115;grassroot;1;0
49081e7ab5;115;grassroot;1;0
c6edabacd4;115;grassroot;1;0
b97b2627dd;115;grassroot;1;0
dd075e39ca;115;grassroot;1;0
4a51fe469e;115;grassroot;1;0
58d7ec407c;115;grassroot;1;0
18b933376f;115;grassroot;1;0
d83b258d0c;115;grassroot;1;0
227718f40c;115;grassroot;1;0
68d8b6de39;115;grassroot;1;0
4a98ac881a;137;grassroot;0;1
3ea5a8625d;1380;grassroot;0;1
7ffdec2f6f;1380;grassroot;1;0
99e2c33f16;1381;grassroot;0;1
9c2efd292c;1381;grassroot;1;0
fbf90235d0;1;grassroot;0;1
fde5e37501;1382;grassroot;0;1
191440480b;1382;grassroot;1;0
deabd0a84e;1383;grassroot;0;1
b4a1217087;1383;grassroot;1;0
73024dfe3b;1088;grassroot;1;2
5dea4bf027;1088;grassroot;1;0
29d93e92d4;1088;grassroot;1;2
dbb2124d4f;2;grassroot;0;1
dd227f7802;10;grassroot;0;1
3162a4d84f;7;grassroot;0;1
6ac646190b;70;grassroot;0;1
1df8f40900;16;grassroot;0;1
f88246f966;14;grassroot;0;2
98673e716c;14;grassroot;1;0
2790627caa;10;grassroot;0;1
e293317744;10;grassroot;0;2
2ff9497fdf;2;grassroot;0;6
a964464dc4;708;grassroot;0;1
7594128666;1384;grassroot;0;1
1d1fc7d929;1384;grassroot;1;0
92c75a7482;9;grassroot;0;1
5be8b8df82;2;grassroot;0;1
d923e2dc74;240;grassroot;0;5
5ad00f7d20;240;grassroot;1;0
ed2c0a5726;240;grassroot;1;0
2816223f43;2;grassroot;0;1
6e790c38cc;5;grassroot;0;1
1f4b3003fa;7;grassroot;0;1
d26e6144ff;86;grassroot;0;1
69c646239e;9;grassroot;0;1
5a999f5091;127;grassroot;0;9
3a29d44748;127;grassroot;1;0
5affb22b7c;1;grassroot;0;2
5e74cea96b;123;grassroot;0;1
16e5142fc3;1385;grassroot;0;1
e77c697545;1385;grassroot;1;0
d38a18ffc1;6;grassroot;0;1
517e3068a2;70;grassroot;0;1
2bd5a29a4f;12;grassroot;1;2
1ed1c5a124;3;grassroot;0;1
a3b6903b6b;123;grassroot;0;1
2ed014fadd;24;grassroot;0;2
58fd50a0ff;1386;grassroot;0;1
1414c039b4;1386;grassroot;1;0
7f5a9334dc;1387;grassroot;0;1
423e550645;1387;grassroot;1;0
2f17d8ce8d;1388;grassroot;0;1
29765f4d09;1388;grassroot;1;0
a2c7c37201;7;grassroot;0;1
4b156d71cb;3;grassroot;0;1
7414197f48;12;grassroot;0;1
7f97d08f10;10;grassroot;0;2
29bfef2106;11;grassroot;0;1
005400a8a8;2;grassroot;0;3
2fb2cfa7ba;2;grassroot;1;0
a48e7aa550;70;grassroot;0;2
70b8b9d560;70;grassroot;1;0
6a1e369d34;49;grassroot;0;7
a1b80af3d7;49;grassroot;1;0
3ddc207552;49;grassroot;1;0
06f0791971;49;grassroot;1;0
0f54b8c4a3;49;grassroot;1;0
4c6f1d06b9;49;grassroot;1;0
61126e78cd;49;grassroot;1;0
1110418a10;1389;grassroot;0;1
16f6cef72f;1389;grassroot;1;0
9be1e55bff;16;grassroot;0;1
ce15375165;4;grassroot;0;1
880fa7eaa4;1390;grassroot;0;1
c1c9e7daf5;1390;grassroot;1;0
d1aa9b98e8;9;grassroot;0;1
9b9fbe4314;86;grassroot;0;3
b260dc91c2;86;grassroot;1;0
0b94ed8946;86;grassroot;1;0
76c8073d7a;123;grassroot;0;1
1475984806;77;grassroot;0;1
068e5f7bf2;14;grassroot;0;2
7b663b723d;14;grassroot;1;0
9bbabd779b;32;grassroot;0;1
65ecb817a6;1391;grassroot;0;1
f6b3eea649;1391;grassroot;1;0
4cd87c96e8;32;grassroot;0;1
0610db1f09;1392;grassroot;0;1
514e5b435e;1392;grassroot;1;0
68ee1fcde6;1393;grassroot;0;1
051d04b28c;1393;grassroot;1;0
539e2884a4;2;grassroot;0;3
5f068de9dc;2;grassroot;1;2
181271141e;10;grassroot;0;1
5c70c94959;1394;grassroot;0;1
1aa7d0604c;1394;grassroot;1;0
7b208b9102;51;grassroot;0;1
b42b9d1537;10;grassroot;0;1
40b10039db;1395;grassroot;0;2
5bc894c1c8;1395;grassroot;1;0
8aa9da4339;1395;grassroot;1;0
62485f183c;4;grassroot;0;2
86ec5ebd4a;4;grassroot;1;0
0a6af1e04a;298;grassroot;0;1
2db02ee444;6;grassroot;0;1
873307f831;7;grassroot;0;1
458da17923;454;grassroot;0;2
f36b55b391;1396;grassroot;0;1
56b381e0dc;1396;grassroot;1;0
d3d038ca71;14;grassroot;0;1
f2c1e4632a;12;grassroot;0;2
e62b82dc2a;7;grassroot;0;1
be3d829e41;1240;grassroot;0;1
0a2044cf26;12;grassroot;0;1
da9060af72;1306;grassroot;0;1
fe9a0b20eb;2;grassroot;0;1
98a42de721;634;grassroot;0;1
253c57416c;7;grassroot;0;1
85a6c5fad0;2;grassroot;0;1
87f7ca11fc;9;grassroot;0;1
872f3e87dd;2;grassroot;0;4
5b41c7b976;2;grassroot;1;0
9ef9394ea2;2;grassroot;1;0
67516f46f7;1;grassroot;0;1
d2f53f2ebe;1397;grassroot;0;1
29273b84c4;1397;grassroot;1;0
59e49b3ec9;2;grassroot;0;1
fe62f7f716;14;grassroot;0;2
7afe192be0;14;grassroot;1;0
49ebad59b2;1398;grassroot;0;1
e464efa867;1398;grassroot;1;0
e1c1df79a3;121;grassroot;0;1
b2cd5a2907;1399;grassroot;0;2
f89f4b6e92;1399;grassroot;1;0
d12ab7478e;1399;grassroot;1;0
7a342a2d68;2;grassroot;0;1
cdb5f6d7ab;1400;grassroot;0;1
d749a1fefa;1400;grassroot;1;0
48f816d99a;1401;grassroot;0;1
9704747378;1401;grassroot;1;0
ba5f3fe24a;1402;grassroot;0;1
b25952d8e9;1402;grassroot;1;0
eaae2b576d;1403;grassroot;0;1
e36ef72b68;1403;grassroot;1;0
3c205dc713;2;grassroot;0;7
2fbfd1057a;2;grassroot;0;2
548bf6ec92;2;grassroot;1;0
5d53bcd850;11;grassroot;0;1
fc40722e33;1404;grassroot;0;1
1d4faef6d6;1404;grassroot;1;0
cce045f9d7;3;grassroot;0;2
3d2e1baf37;3;grassroot;1;0
abf81b0801;7;grassroot;0;1
4e03d310cf;1405;grassroot;0;1
88cccb9abe;1405;grassroot;1;0
fa1f813f78;4;grassroot;0;2
d10275aac6;4;grassroot;1;0
18f102e55d;83;grassroot;0;1
5f36f80869;11;grassroot;0;1
3dbe251c07;11;grassroot;0;1
9c39673681;1406;grassroot;0;1
a76322b10e;1406;grassroot;1;0
5122e250d4;665;grassroot;0;1
3dfeeb1f45;11;grassroot;0;1
02fe04e0c1;1407;grassroot;0;1
564d3f8a5f;1407;grassroot;1;0
a4ff4b41cd;1408;grassroot;0;1
85ce7c70a5;1408;media/news;1;0
6f9f870caf;24;grassroot;0;1
8dad19d33c;9;grassroot;0;1
1bd8519622;13;grassroot;0;1
84f689bbc2;1409;grassroot;0;1
08d6e7e9ba;1409;grassroot;1;0
586d318f75;70;grassroot;0;1
cbb723fbdc;5;grassroot;0;1
3397a41780;984;grassroot;0;1
e6d9f407d3;127;grassroot;0;9
55c285528f;127;grassroot;1;0
f1265fca33;127;media/news;1;0
c73f4f3d76;127;media/news;1;0
2b799aa1b8;127;media/news;1;0
7bc854d7ba;127;grassroot;1;0
7c5115cd31;9;grassroot;0;1
22746d63ef;70;grassroot;0;1
fb1bd84f90;1410;grassroot;1;1
afb7349ae4;1410;grassroot;1;1
e79f47b2c6;121;grassroot;0;2
2d1929747b;152;grassroot;0;1
f7b3e532ba;1411;grassroot;0;1
fc9bdf9f72;1411;grassroot;1;0
3c483d3f58;10;grassroot;0;1
03d27da032;112;grassroot;0;1
706d667499;2;grassroot;0;8
917b3568c9;471;grassroot;0;1
29cc779353;70;grassroot;0;3
bb98cdd60a;480;grassroot;0;2
9b71c8f113;480;grassroot;1;0
36d0d4dc3f;9;grassroot;0;1
6e0048e325;10;grassroot;0;5
847d05c87a;4;grassroot;0;1
5706606d38;2;grassroot;0;4
724cbd63f5;2;grassroot;1;0
03933cae4f;1412;grassroot;0;1
848a22a4fd;1412;grassroot;1;0
ee72ecdfd0;49;grassroot;0;1
36d4b25d07;8;grassroot;0;1
c9593552bb;1413;grassroot;0;1
6bd2c3916d;1413;grassroot;1;0
2a4d623dc3;1414;grassroot;0;1
dc0fed9ba5;1414;grassroot;1;0
c6be6ac7b9;24;grassroot;0;1
aca1e50873;7;grassroot;0;2
09b1176286;7;grassroot;1;0
d92d6a2503;1415;grassroot;0;2
99efb8cdf7;1415;grassroot;1;0
8fc2203c0b;1415;grassroot;1;0
74b4552d3a;7;grassroot;0;2
1b16b1df53;7;grassroot;1;0
4c9d513db7;43;grassroot;0;3
3b96466c8d;49;grassroot;0;1
ee289aaa0a;16;grassroot;0;1
6e2b4ab5dd;12;grassroot;0;1
f9408bb5a7;1;grassroot;0;1
3a59b8effd;1416;grassroot;0;1
ec513e2c8d;1416;grassroot;1;0
d4d23c8b47;1417;grassroot;0;1
f3a4e4d7cf;1417;grassroot;1;0
dbd877390b;127;grassroot;0;1
16f3a64122;1;grassroot;0;1
f872fb2289;89;grassroot;0;2
5986ab9a67;4;grassroot;0;4
71329d547f;11;grassroot;0;1
22953eb775;9;grassroot;0;1
a72e4f65da;10;grassroot;0;5
953ea4a716;1;grassroot;0;1
de0a5e5e7e;2;grassroot;0;2
b0b8138150;1418;grassroot;0;1
3018be5e3e;1418;grassroot;1;0
7996248cc8;4;grassroot;0;1
515aeaa8bf;1419;grassroot;0;1
67f0386e0b;1419;grassroot;1;0
c53eb02bfb;12;grassroot;0;2
d7fa365b6c;12;grassroot;0;1
1b3abf94b0;1420;grassroot;0;2
42a7d05c95;1420;grassroot;1;0
abbaa4c4c0;1420;grassroot;1;0
deb25b848d;86;grassroot;0;1
b0374c6459;1421;grassroot;0;1
bf7b96f2fa;1421;grassroot;1;0
bfea56070a;4;grassroot;0;1
cdbfde091f;58;grassroot;0;1
ed86f4cd84;1422;grassroot;0;1
43a162dbc6;1422;grassroot;1;0
9062a4cc39;2;grassroot;0;4
1c6d6e3d3d;12;grassroot;0;1
fa2e0c9549;217;grassroot;0;2
87ad00a7be;217;grassroot;1;0
035ac535b8;10;grassroot;0;1
a82dcbff2c;184;grassroot;0;2
e535957981;184;grassroot;1;0
f2b1ce922e;1423;grassroot;0;2
d2c4be32e0;1423;grassroot;1;0
7a63799d92;1423;grassroot;1;0
e7a11631e1;86;grassroot;0;1
d62e2c3d7b;39;grassroot;0;1
6d22721a02;1;grassroot;0;1
937b22a13e;5;grassroot;0;2
cc344b4e08;5;grassroot;1;0
f55cd860ee;10;grassroot;0;1
9f3e7eb300;9;grassroot;0;2
4c41dd9dcf;42;grassroot;0;1
a2a31bc2e3;2;grassroot;0;2
f9813c40a7;1424;grassroot;0;1
d4091e53ac;1424;grassroot;1;0
eb75ec4f9b;1425;grassroot;0;1
896ae69751;1425;grassroot;1;0
e6c43e322a;10;grassroot;0;1
f70189c3fc;1426;grassroot;0;1
43d7cbb537;1426;grassroot;1;0
631eaf1135;92;grassroot;0;1
2fd3eafdb9;3;grassroot;0;1
1051f4ec48;58;grassroot;0;1
dc9a079c86;86;grassroot;0;1
e4c348b133;1427;grassroot;0;2
3397332b41;1427;grassroot;1;0
60ad18afb5;1427;grassroot;1;0
a8a3f8040e;1428;grassroot;0;1
1d53f67b01;1428;grassroot;1;0
126354b737;4;grassroot;0;1
513a03cbf4;10;grassroot;0;1
3d960e404d;2;grassroot;0;1
cf40c4f2d9;1429;grassroot;0;1
0f3b13b745;1429;grassroot;1;0
6d9920fa81;7;grassroot;0;1
ccedfe8448;16;grassroot;0;1
30e938d9c5;2;grassroot;0;1
9322d53f7f;837;grassroot;0;1
53490c79dd;7;grassroot;0;1
594a655f22;1;grassroot;0;3
3b0945860e;2;grassroot;0;1
ca2a87cbdb;12;grassroot;0;1
e478fc126c;1;grassroot;0;2
09089e6a99;1;grassroot;1;0
6ea04f47e0;10;grassroot;0;1
3ce6a116b1;9;grassroot;0;1
3f6e5ff684;1430;grassroot;0;1
347177c135;1430;grassroot;1;0
5289442854;1431;grassroot;0;1
03c91b453c;1431;grassroot;1;0
fa99d7d03a;210;grassroot;0;1
79cfb25163;1432;grassroot;0;2
a3a2601f5c;1432;grassroot;1;0
7b50b1b71d;1432;grassroot;1;0
f5abef63d8;1433;grassroot;0;1
13f714e3dc;1433;grassroot;1;0
6b16493aa1;12;grassroot;0;1
333b0d39ca;1434;grassroot;0;1
d8ea8cc472;1434;grassroot;1;0
1af33e2173;70;grassroot;0;2
bcd2a6ec3f;1435;grassroot;0;1
613d218a75;1435;grassroot;1;0
31168f76e3;12;grassroot;0;1
737395a6c8;12;grassroot;0;1
abb57b37ba;1436;grassroot;0;1
e33e6a774e;1436;grassroot;1;0
f4f0d0cb4b;127;grassroot;0;11
feb30b3e30;127;grassroot;1;0
813e882d1e;11;grassroot;0;1
1003a7ccd7;86;grassroot;0;1
ae772d5673;43;grassroot;0;1
b393791806;1437;grassroot;0;1
ccb237fb79;1437;grassroot;1;0
e6960264ab;9;grassroot;0;1
2331b33c6a;11;grassroot;0;1
17b4384c34;9;grassroot;0;3
88433fa440;9;grassroot;1;0
6c360fea01;107;grassroot;0;1
625ecc42f6;24;grassroot;0;1
94a216118e;1189;grassroot;0;1
5e1bed8d3f;11;grassroot;0;5
7ab599c725;11;grassroot;1;0
c1e75bd122;86;grassroot;0;2
3b8ab8a223;86;grassroot;1;0
6520a9fa95;1438;grassroot;0;1
0cb9b93a75;1438;grassroot;1;0
f0023f9eff;2;grassroot;0;1
e17fde6bbd;2;grassroot;0;1
0bd90ae2cd;210;grassroot;0;1
d4d5bbbe49;8;grassroot;0;1
a199a26b3b;54;grassroot;0;1
939298ca8d;1439;grassroot;0;2
3d2614f83f;1439;grassroot;1;0
94b959b783;1439;grassroot;1;0
0dc54495c8;1440;grassroot;0;1
ee28e35ba1;1440;grassroot;1;0
b91e4a96dc;3;grassroot;0;7
f281a3af75;12;grassroot;0;1
b82a6413dd;9;grassroot;0;1
06f1eea827;9;grassroot;0;1
25dad6daaf;8;grassroot;0;1
ccde39a941;686;grassroot;0;1
36aa3fe0b8;3;grassroot;0;2
493d6ab34d;3;grassroot;1;0
ed6f409039;10;grassroot;0;3
6fa8013d7b;10;grassroot;1;0
95d85217ae;9;grassroot;0;1
318fb15d57;1441;grassroot;0;1
ae66baf83b;1441;grassroot;1;0
695ee99a33;1442;grassroot;0;1
e124e47962;1442;grassroot;1;0
8bf3cc01b4;58;grassroot;0;1
de29752baa;70;grassroot;0;10
1b98f442b7;70;grassroot;1;4
ce1261222c;1443;grassroot;0;1
1f0b19d0c8;1443;grassroot;1;0
48c6871f44;2;grassroot;0;1
c7c2c97786;7;grassroot;0;1
2bc505bf02;1444;grassroot;0;2
2ad3c8162d;1444;grassroot;1;0
073b2b7814;1444;grassroot;1;0
435b5a2998;86;grassroot;0;2
4c4aa5ae95;86;grassroot;1;0
eff0d1fbcf;70;grassroot;0;1
e198fa0b54;11;grassroot;0;1
082d755b1a;1445;grassroot;0;1
2ba5db91c3;1445;grassroot;1;0
e4529d6e8c;1446;grassroot;0;1
3a09efd3bf;1446;grassroot;1;0
a24eab95b1;1447;grassroot;0;1
8725a29a95;1447;grassroot;1;0
ce49801c06;2;grassroot;0;1
ae494d939d;1448;grassroot;0;1
26c5325647;1448;grassroot;1;0
c9600a1750;7;grassroot;0;1
2b7deb9383;58;grassroot;0;1
12022eb0d0;9;grassroot;0;1
f3bdea4a2e;1449;grassroot;0;1
dbbea8554f;1449;grassroot;2;0
738b3869f7;49;grassroot;0;2
f64cec83e5;7;grassroot;0;1
e748fe9216;14;grassroot;0;2
9aa92cbf98;2;grassroot;0;1
6001ede4b8;7;grassroot;0;1
f96b20d7b6;49;grassroot;0;1
62bdd687bf;3;grassroot;0;1
d4031a01f5;3;grassroot;0;1
1e94202233;70;grassroot;0;1
bf17552f35;12;grassroot;0;1
39e3428cfa;11;grassroot;0;1
394caaff06;5;grassroot;0;1
6145cb05eb;2;grassroot;0;2
17cf020a73;351;grassroot;0;1
b33379f165;851;grassroot;0;2
92dc5b30b8;851;grassroot;1;0
eee840b13b;6;grassroot;0;1
7df40bc6d1;12;grassroot;0;4
f6e7a562ea;1450;grassroot;0;1
e0c46b0074;1450;grassroot;1;0
7e934d0649;1451;grassroot;0;3
5297dc2ae2;1451;grassroot;1;0
bde3334feb;1451;grassroot;1;0
9edf5d3934;1451;grassroot;1;0
af94c8cc9e;86;grassroot;0;1
018fd42aa4;1452;grassroot;0;1
0a9a9def43;1452;grassroot;1;0
7226bca009;58;grassroot;0;2
5f35b7184d;1453;grassroot;0;30
c4ca7eb5d2;1453;grassroot;1;0
255b94ba9e;1453;grassroot;1;0
b1a16acc64;1453;grassroot;1;0
04f8827e80;1453;grassroot;1;0
0480fd0233;1453;grassroot;1;0
e2cc31a664;1453;grassroot;1;0
2424ec62bd;1453;grassroot;1;0
f3507a3498;1453;grassroot;1;0
6f6412dd6c;1453;grassroot;1;0
035c4b1d60;1453;grassroot;1;0
f2429204b3;1453;grassroot;1;0
06e387dae8;1453;grassroot;1;0
0915fd55d7;1453;grassroot;1;0
f6816a509d;1453;grassroot;1;0
5f997e34ad;1453;grassroot;1;0
c9ff66626c;1453;grassroot;1;0
14cdeb8cef;1453;grassroot;1;0
4514498807;1453;grassroot;1;0
189c012e78;1453;grassroot;1;0
9e3b9bb933;1453;grassroot;1;0
c4fb8e55ac;1453;grassroot;1;0
d21a1becff;1453;grassroot;1;0
55a1c737ef;1453;grassroot;1;0
87a42dce22;1453;grassroot;1;0
deebf841f5;1453;grassroot;1;0
1ba3657057;1453;grassroot;1;0
67c1a31486;1453;grassroot;1;0
2438757028;1;grassroot;0;1
ce2bb466e9;7;grassroot;0;1
7fcd827448;1454;grassroot;0;1
9c8dbe1421;1454;grassroot;1;0
2b71f45cbe;1455;grassroot;0;1
c8bc7d120b;1455;grassroot;1;0
2001f3560a;2;grassroot;0;1
22ee35f7d5;58;grassroot;0;1
bbb0425b04;2;grassroot;0;2
b4d5e60559;2;grassroot;1;0
1e4367722f;10;grassroot;0;3
b0497767b9;4;grassroot;0;1
9f5f7653f3;1456;grassroot;0;1
b3a19b3559;1456;grassroot;1;0
567665ed9a;9;grassroot;0;3
de51a16913;9;grassroot;1;0
ca293549ce;9;grassroot;1;0
f474f9a6fc;12;grassroot;0;1
3caf2d83bc;1457;grassroot;0;1
37dc4ced6f;1457;grassroot;1;0
cf383df253;1;grassroot;0;1
74840e1c62;9;grassroot;0;2
3f85b324fd;9;grassroot;1;0
3a2d4ca8a0;42;grassroot;0;2
e34ee93d4d;1458;grassroot;0;1
225c17f501;1458;grassroot;1;0
d7a8baddee;3;grassroot;0;1
e3d2303788;13;grassroot;0;1
6c265e68dc;7;grassroot;0;2
701ae9edc1;7;grassroot;1;0
57b932ce4f;58;grassroot;0;6
288f4f3938;58;elite/political;1;0
0a3af20886;10;grassroot;0;1
befca42b79;1459;grassroot;0;1
6e3fa18827;1459;grassroot;1;0
fc5f946efc;3;grassroot;0;1
b029f4b254;112;grassroot;0;1
abacb6fea6;58;grassroot;0;1
be8b829993;11;grassroot;0;2
70ef9d99aa;1460;grassroot;0;1
2ad6c2703e;1460;grassroot;1;0
66c6004a9f;74;grassroot;0;1
eee93d406d;70;grassroot;0;2
29e02446ed;86;grassroot;0;2
4230390dcb;10;grassroot;0;1
ff0008f64a;115;grassroot;0;2
907cacf677;115;grassroot;1;0
06e1bf0c4d;1461;grassroot;0;1
4d9f92fae8;1461;media/news;1;0
c95afc0586;14;grassroot;0;2
2a122ae850;2;grassroot;0;1
6ed6ba2e80;7;grassroot;0;1
5f5b31666f;123;grassroot;0;1
eb45ecd427;43;grassroot;0;2
6f02d3eaa8;582;grassroot;0;1
5871d7d368;10;grassroot;0;1
b83cf5824a;1462;grassroot;0;1
7f31ed8268;1462;grassroot;1;0
6170024050;1463;grassroot;0;1
945d43ae9d;1463;grassroot;1;0
9f79bf2fe2;70;grassroot;0;1
67c84bad21;4;grassroot;0;1
3b03fda30b;4;grassroot;0;1
c9b425bd90;12;grassroot;0;1
a943387ef5;7;grassroot;0;27
72a4d206d8;7;grassroot;1;0
eda207777a;7;grassroot;1;0
955452d104;7;grassroot;1;0
958a75b60c;7;grassroot;1;0
5b5a17a5d6;7;grassroot;1;0
3ea94bfd9c;7;grassroot;1;0
e628d40001;895;grassroot;0;1
a44f3a73e6;12;grassroot;0;1
0d68d7d39b;3;grassroot;0;11
ae5a4a7555;3;grassroot;1;0
f0613e4b31;9;grassroot;0;2
14b1554e08;2;grassroot;0;1
5277f7bf17;86;grassroot;0;1
1568f09356;16;grassroot;0;1
6f3bb56695;1464;grassroot;0;1
c82aea84d5;1464;grassroot;1;0
bed34f5070;2;grassroot;0;1
15f72efd50;1465;grassroot;0;1
1786eaf98e;1465;grassroot;1;0
726c0aed45;1466;grassroot;0;1
30c090f97f;1466;grassroot;1;0
53148506a7;1467;grassroot;0;1
88f5f0e776;1467;grassroot;1;0
cb3ba3e054;10;grassroot;0;1
9d7f459a97;7;grassroot;0;1
98481a0c1c;1468;grassroot;0;1
595032746e;1468;grassroot;1;0
c5bbd59953;58;grassroot;0;1
344ccd44e8;1469;grassroot;0;1
d912cf7df3;1469;grassroot;1;0
769cb54875;519;grassroot;0;1
120fbedb81;1;grassroot;0;1
7f0fa63f05;1470;grassroot;0;1
077d76346e;1470;grassroot;1;0
0f9bfa62e9;58;grassroot;0;1
2c841a6324;58;elite/political;2;1
c5becdd2ea;32;grassroot;0;10
653c03ccdf;32;grassroot;1;0
5dd027ec6f;32;grassroot;1;0
92815eeddc;32;grassroot;1;0
d2aafec88f;32;grassroot;1;0
d391726bd6;32;grassroot;1;0
b9e5c9e51f;2;grassroot;0;1
5be902df93;115;grassroot;0;2
6ee594bffa;70;grassroot;0;1
fa8773271a;86;grassroot;0;2
aca2667fe0;4;grassroot;0;1
c8415c89d4;16;grassroot;0;1
a7262a3f42;895;grassroot;0;1
7eebd8fe0f;1471;grassroot;0;2
234330834c;1471;media/news;1;0
fccc904607;1471;grassroot;1;0
bd40df678c;8;grassroot;0;5
6bdf112b5b;8;grassroot;1;0
2c9759c274;8;grassroot;1;0
d350b6c0c4;1472;grassroot;0;1
e1aa03e7bf;1472;grassroot;1;0
da8150cb72;3;grassroot;0;1
e485764908;10;grassroot;0;1
a2d550f8e2;2;grassroot;0;2
0b2f11d539;485;grassroot;0;2
31264d7f29;485;grassroot;1;0
82ceb9a57b;1473;grassroot;0;1
3015322f92;1473;grassroot;1;0
9d6ecd7c5f;1474;grassroot;0;1
8f2f8ba047;1474;grassroot;1;0
e8c03bf72e;70;grassroot;0;2
7edf29f7c7;1475;grassroot;0;1
c99073e30c;1475;grassroot;1;0
f60258bdec;2;grassroot;0;2
c45d028405;70;grassroot;0;1
4cc8693ecd;1476;grassroot;0;3
d9f2cc4fbe;1476;grassroot;1;0
22621892be;1476;grassroot;1;0
0fdc14cdc9;1476;grassroot;1;0
b0a04921e8;4;grassroot;0;1
b2a5b21040;12;grassroot;0;5
6ddfebfafd;86;grassroot;0;1
702b86d234;4;grassroot;0;1
fe3e02f445;12;grassroot;0;4
d45d44ee80;12;grassroot;2;0
4eecf44ad9;69;grassroot;0;1
15a6e6a03b;1;grassroot;0;2
46bea38214;9;grassroot;0;2
88a0541c9b;24;grassroot;0;1
b14f54f1aa;1477;grassroot;0;1
a2deb4d299;1477;grassroot;1;0
e6a4f0806f;70;grassroot;0;1
4f2f1f4d74;42;grassroot;0;1
86f749ff64;32;grassroot;0;1
e880392102;1478;grassroot;0;1
b1c76fe6e4;1478;grassroot;1;0
e26fca79ca;10;grassroot;0;1
181f4ee04b;3;grassroot;0;1
a8c4416f94;3;grassroot;0;39
8167150704;3;media/news;1;0
9e073c831f;3;grassroot;1;0
2cc1ee0b48;1479;grassroot;0;1
bbc1614d33;1479;grassroot;1;0
2b5978b062;1171;grassroot;0;1
aad11c6eb2;127;grassroot;0;10
c328870974;127;grassroot;1;0
32d2d04ae4;14;grassroot;0;1
df33f94428;121;grassroot;0;1
45811f159d;16;grassroot;0;1
9acbf93aed;35;grassroot;0;1
c9d88cd407;1449;grassroot;0;1
9c6aabc601;7;grassroot;0;1
4bb3aed4c3;1;grassroot;0;2
d00315b32c;1;grassroot;1;0
2c90d1d16a;9;grassroot;0;1
30ff0fcdec;943;grassroot;0;2
5239fc2409;943;grassroot;1;0
f45724f3ed;7;grassroot;0;2
fe2ff8513d;7;grassroot;1;0
ace7f887f8;7;grassroot;0;7
792d62e209;2;grassroot;3;0
5ce95eaec5;9;grassroot;0;1
236cbcf6f7;7;grassroot;0;1
40af1c965b;1480;grassroot;0;1
6f5bda1158;1480;grassroot;1;0
11b2418677;11;grassroot;0;3
a99a809fcc;4;grassroot;0;1
ac0dafa905;9;grassroot;0;2
84a0adca1e;2;grassroot;0;5
663da5060f;8;grassroot;0;2
32d039fc0b;577;grassroot;0;1
9920bb6afe;1481;grassroot;0;1
a4791046fe;1481;grassroot;1;0
f51e3c66cf;12;grassroot;0;1
61d8b3d166;10;grassroot;0;1
ca67c6d75d;747;grassroot;0;1
16a41925fd;12;grassroot;0;1
048054bf85;1482;grassroot;0;1
0f6f1ec5b8;1482;grassroot;1;0
cb4cfddc1c;132;grassroot;0;1
d850b208f1;1483;grassroot;0;1
dba27bdfc4;1483;grassroot;1;0
18f34e9fa5;1;grassroot;0;1
b2133bf274;10;grassroot;0;1
6770afafd1;1484;grassroot;0;1
c96bcda22b;1484;grassroot;1;0
f303772690;1485;grassroot;0;1
b65eb4ad48;1485;media/news;1;0
6634233901;9;grassroot;0;1
68e4ae06e8;2;grassroot;0;1
5b8aaa72f9;86;grassroot;0;1
5451d9424d;1486;grassroot;0;1
a464e07415;1486;grassroot;2;0
3705f59343;12;grassroot;0;2
5f115c3671;3;grassroot;0;1
555f49b7e8;12;grassroot;0;1
2f3856c546;2;grassroot;0;2
4eb4a0d979;2;grassroot;3;0
4661ab2e15;2;grassroot;1;0
84af1a5249;127;grassroot;0;11
eb1917177c;127;grassroot;2;0
afbb9d8a88;7;grassroot;0;2
878d8e94cc;7;grassroot;1;0
cea9953735;9;grassroot;0;1
e24d2289d6;58;grassroot;0;3
9a5339235d;58;grassroot;1;0
b49bd53589;1;grassroot;1;1
43dad22059;11;grassroot;0;1
51709c6696;3;grassroot;0;3
76a3703683;3;elite/political;1;0
25cfe7e429;3;grassroot;1;0
287a14a511;9;grassroot;0;1
222e40aeb1;69;grassroot;0;2
5eb59fe890;69;grassroot;1;0
d020065504;3;grassroot;0;1
7af97365d4;10;grassroot;0;1
218508ae1d;69;grassroot;0;2
8ac941f2c3;123;grassroot;0;1
f99751c01c;9;grassroot;0;1
abc7df002a;1487;grassroot;0;1
5570505af7;1487;grassroot;1;0
9d0a37b869;7;grassroot;0;1
6b1e71d5f7;74;grassroot;0;1
5cff11ba14;14;grassroot;0;2
9b597ad838;12;grassroot;0;3
c565c22bf5;89;grassroot;0;1
e6b2174dc2;11;grassroot;0;1
f3c7c1613f;74;grassroot;0;1
3e4aec8bee;24;grassroot;0;1
eb8f7e0ab9;1488;grassroot;0;1
6f5565ba6a;1488;grassroot;1;0
9e4749d6ff;1489;grassroot;0;1
ea3d84d447;1489;grassroot;1;0
6c4f17966e;1;grassroot;0;1
eb6acee8ea;1490;grassroot;0;1
2bb155eab3;1490;grassroot;1;0
77687fdd3c;7;grassroot;0;1
1b7fe49607;98;grassroot;0;3
908db79cce;98;grassroot;1;0
79d97f57ff;98;grassroot;1;0
ab035c8da7;1491;grassroot;0;2
58cc83f5b8;1491;grassroot;1;0
dbd4f799fc;1491;grassroot;1;0
208e6b7c1e;7;grassroot;0;2
77685435cc;89;grassroot;0;1
c147d89c40;12;grassroot;0;2
1a42e0738d;12;grassroot;1;0
df43dc495c;217;grassroot;0;1
05341b31ea;3;grassroot;0;2
3995583768;1492;grassroot;0;1
ff66a5826a;1492;grassroot;1;0
8b89e13e2e;51;grassroot;0;2
34333aff9a;51;grassroot;1;0
82959182fb;10;grassroot;0;1
017343f890;1493;grassroot;0;1
b3fd5e4a99;1493;grassroot;1;0
1b45c3299a;3;grassroot;0;1
5f274bb124;12;grassroot;0;3
ac7b7e24cd;12;grassroot;1;0
77a4e00a4d;1494;grassroot;0;1
a75cd17d18;1494;grassroot;1;0
18910c0087;10;grassroot;0;1
c0d8633b42;1146;grassroot;0;2
5550c75d6f;1146;grassroot;1;0
9d67a63a7a;7;grassroot;0;1
c51ed6f58e;1495;grassroot;0;1
a7b2bf3ca1;1495;grassroot;1;0
6eac412940;2;grassroot;0;1
5ab645bb87;9;grassroot;0;7
309374df18;9;grassroot;1;0
095aa2e09a;9;grassroot;1;0
5311dc1e36;9;grassroot;1;0
c735d47a5b;9;grassroot;1;0
8d26aa0529;7;grassroot;0;1
bcf4d9fdf4;7;grassroot;0;1
476c324ea4;1496;grassroot;0;2
363caceede;1496;grassroot;1;0
aa1418da15;1496;grassroot;1;0
f7136893b2;1497;grassroot;0;1
55dbead571;1497;grassroot;1;0
7a5b191019;3;grassroot;0;1
b7e0445e1b;1498;grassroot;0;2
9e9dec3736;1498;grassroot;1;0
535fc71c1f;1498;grassroot;1;0
960c056288;9;grassroot;0;1
90b309b9fe;86;grassroot;0;1
c65251dfa3;2;grassroot;0;12
cc7cb2bfd0;2;grassroot;1;0
7db866b28a;2;grassroot;1;0
1c6903bc76;2;grassroot;1;0
3b9ea89922;2;grassroot;1;0
eaa4239aa9;9;grassroot;0;1
d44fc0548c;7;grassroot;0;1
b3ceb8aba4;10;grassroot;0;3
1d8025a3d4;1499;grassroot;0;1
a2fa3f95d8;1499;grassroot;1;0
590fbb55f3;1500;grassroot;0;1
19d5c71a50;1500;grassroot;1;0
e0361010f0;6;grassroot;0;1
8f7360b051;1501;grassroot;0;1
5153ae7556;1501;grassroot;1;0
16b86c4f09;1502;grassroot;0;2
88c76cf946;1502;grassroot;1;0
4a478cc3ae;1502;grassroot;1;0
fb818b5d5e;241;grassroot;0;1
6ba96f271b;1503;grassroot;0;1
0910753924;1503;grassroot;1;0
ba0c8a2a73;10;grassroot;0;1
ef7d64e9cf;16;grassroot;0;1
7cc17c6484;1504;grassroot;0;1
a540dd51c1;1504;grassroot;1;0
13dc1b469c;224;grassroot;0;1
8bb72c4b7a;7;grassroot;0;1
59057f4b85;1;grassroot;0;1
7914a26813;1505;grassroot;0;1
c3ac22fbce;1505;grassroot;1;0
b0a8286769;69;grassroot;0;1
62422ebbd4;2;grassroot;0;1
63fc8dd832;5;grassroot;0;2
aa29a7177c;5;grassroot;1;0
2e8cbd31c8;1506;grassroot;0;1
c748cea197;1506;grassroot;1;0
5cd59265a4;7;grassroot;1;1
ebcaca1b31;69;grassroot;0;7
678c537b6c;58;grassroot;0;1
8b381c1a62;12;grassroot;0;2
19914023bf;12;grassroot;0;2
140a0e5964;2;grassroot;0;1
d239fe649a;1370;grassroot;0;1
f7b130dff7;16;grassroot;0;1
5763d47a4a;1507;grassroot;0;1
9a8f5d6f5b;1507;grassroot;1;0
e6badb1e27;4;grassroot;0;1
c6b5f9fcad;1508;grassroot;0;1
2b9298e59e;1508;grassroot;1;0
bfb6841749;2;grassroot;0;1
2abf61b118;49;grassroot;0;1
cd153e9196;49;grassroot;0;4
12cdf4ca61;6;grassroot;0;1
1fe6d40bca;6;grassroot;1;1
c9305a5518;1509;grassroot;0;1
3cb3161d66;1509;grassroot;1;0
a0ad2db1c2;210;grassroot;0;1
b5a67b00a3;13;grassroot;0;1
8f72012444;12;grassroot;0;1
a93a6b820c;1;grassroot;0;1
595a70840c;7;grassroot;0;3
f6bf1eb08f;7;grassroot;1;0
89892927ab;7;grassroot;1;0
e8d552c2e8;12;grassroot;0;1
8e91f3db44;42;grassroot;0;1
d635a162bc;1;grassroot;0;1
571906bfb7;1510;grassroot;0;1
d59fc0a842;1510;grassroot;1;0
8530da6741;3;grassroot;0;1
3465a2d659;3;grassroot;0;1
717571f023;7;grassroot;0;1
e6c10d8a5e;862;grassroot;0;1
1d80596c57;115;grassroot;0;2
11bb55f629;2;grassroot;0;8
2c8e05c387;3;grassroot;0;1
9e2ab2b14a;2;grassroot;0;1
5fdeec7d6d;9;grassroot;0;1
4281e2cb64;207;grassroot;0;1
077a3d9c9f;1511;grassroot;0;1
dcfb4a36c7;1511;grassroot;1;0
576604442b;1512;grassroot;0;1
dd109773b7;1512;grassroot;1;0
79a99bbc08;70;grassroot;0;1
2203a316c3;747;grassroot;0;1
0141d7eb56;7;grassroot;0;1
605df3bbf0;1513;grassroot;0;1
cb54ce75f5;1513;grassroot;1;0
8670d77337;49;grassroot;0;2
727cfa8244;49;grassroot;0;2
93214fe9c7;7;grassroot;0;1
a1536d8f30;661;grassroot;0;2
c7edafa338;661;grassroot;1;0
4520e8c634;86;grassroot;0;4
60df0d7f2f;1514;grassroot;0;1
0a4887c7c1;1514;grassroot;1;0
678d469a1b;1515;grassroot;0;1
489e280e8e;1515;grassroot;1;0
2fefd9ff30;13;grassroot;0;1
561eceaa14;2;grassroot;0;1
ccab2ffb6c;180;grassroot;0;1
6745bdc190;6;grassroot;0;1
a206c52281;137;grassroot;0;3
9aae67f23d;137;grassroot;1;0
e9a3b1faee;137;grassroot;1;0
e7952dacc2;2;grassroot;0;1
f030219bbe;9;grassroot;0;14
32c56d2758;9;grassroot;1;0
201d2fc38e;1516;grassroot;0;2
82df736e39;1516;grassroot;1;0
efcfa06b89;1516;grassroot;1;0
250dcfe5d7;574;grassroot;0;1
7e2975a367;4;grassroot;0;1
aeb8a4b0c9;127;grassroot;0;7
478b3e1cd5;42;grassroot;0;2
33657df027;9;grassroot;0;1
9150b445d4;13;grassroot;0;2
b2a7c1b6c9;892;grassroot;0;1
3e9d37a6bd;1240;grassroot;0;1
b6ce474443;2;grassroot;0;2
9f7cb063c5;2;grassroot;1;0
da02f36e72;35;grassroot;0;14
d159513d5e;1517;grassroot;0;1
27f6574e41;1517;grassroot;1;0
81741dd664;86;grassroot;0;1
d0e7aa8f1a;1518;grassroot;0;1
34914e5e0a;1518;grassroot;1;0
d32bd5ba2d;1519;grassroot;0;4
90abc63ee1;1519;grassroot;1;0
fb0a3e6189;1519;grassroot;1;0
5656d0ceb2;1519;grassroot;1;0
a7d2b4c4c9;1519;grassroot;1;0
b2f42a5dbb;7;grassroot;0;1
993c8b6701;1520;grassroot;0;1
186c6741df;1520;grassroot;1;0
b14c6fc18e;458;grassroot;0;1
af5d88af9d;352;grassroot;0;1
9e3a85390e;709;grassroot;0;2
b1f92d4d23;7;grassroot;0;1
478e1bd677;1521;grassroot;0;1
c08b249f36;1521;grassroot;1;0
3758db0faa;1522;grassroot;0;1
c3c92b0ea0;1522;grassroot;1;0
69b45436c0;51;grassroot;0;3
fa7cabe046;32;grassroot;0;1
dfdecbae1d;11;grassroot;0;1
2e61ea7ba7;323;grassroot;0;1
0a7f446a17;12;grassroot;0;1
f46c8f79de;58;grassroot;0;1
e11688238e;2;grassroot;0;1
b1a1f88e6d;3;grassroot;0;1
6463b86e40;123;grassroot;0;21
103a8826c5;123;grassroot;1;0
a1e6a60c98;123;grassroot;1;0
d90989b374;123;grassroot;1;0
af68769635;291;grassroot;0;3
34742294f9;291;grassroot;1;0
7fa694fe02;291;grassroot;1;0
e2cbe79f61;16;grassroot;0;1
c6f5182a8f;664;grassroot;0;1
9ee1824a30;10;grassroot;0;1
c823d3e9d6;11;grassroot;0;1
02bdee6397;4;grassroot;0;1
1d1a65d4f2;2;grassroot;0;1
074f0d733f;182;grassroot;0;1
a89f0c4365;2;grassroot;0;1
e05121c579;2;grassroot;0;3
0efa2445bb;1523;grassroot;0;2
72e0811983;1523;grassroot;1;0
6ff5efcd9d;1523;grassroot;1;0
3bc144eb7e;86;grassroot;0;13
f84aae7362;86;grassroot;1;0
f1376c21f8;86;grassroot;1;0
c31ca2ac9e;86;grassroot;1;0
24c6f30938;86;grassroot;0;2
8b0dff5a90;86;grassroot;1;0
54acd1b858;7;grassroot;0;2
d1b16bf46d;1524;grassroot;0;1
f6b496ab0a;1524;grassroot;1;0
03c5256b54;7;grassroot;0;2
0e04ddafc8;1525;grassroot;0;1
aa1dfab81a;1525;grassroot;1;0
703a04c409;7;grassroot;0;1
5381902c97;74;grassroot;0;2
4c090b5724;74;grassroot;1;0
0bd420ba5d;78;grassroot;0;1
06c254d163;12;grassroot;0;15
2ade270438;12;grassroot;1;0
5767638534;12;grassroot;1;0
3b019a50e6;12;grassroot;1;0
d377345716;12;grassroot;1;0
cee739edee;12;grassroot;1;0
73826938d3;12;grassroot;1;0
b0267b1cea;1526;grassroot;0;1
c1e8f32471;1526;grassroot;1;0
69fca09c49;9;grassroot;0;1
a0415709bb;1;grassroot;0;1
96998aba0e;123;grassroot;0;1
b4aa4ff9ae;123;grassroot;0;2
18bdeb72a7;123;grassroot;1;0
b88fe64231;1527;grassroot;0;1
9b0aca3380;1527;grassroot;1;0
d3fefc514e;9;grassroot;0;1
37f298cab7;12;grassroot;0;1
32cc6bb29a;7;grassroot;0;1
3b0104a8f6;3;grassroot;0;1
eb962b1880;1281;grassroot;0;1
4c208dea9c;10;grassroot;0;1
a6f3a5255a;1528;grassroot;0;2
ac53eaa244;1528;grassroot;1;0
a794ecffc6;1528;grassroot;1;0
0c70da40e1;1529;grassroot;0;1
61c25b3b72;1529;grassroot;1;0
9ba1cf91d5;991;grassroot;0;2
35a9010232;991;grassroot;1;0
389fa61c47;3;grassroot;0;1
6283bc292a;49;grassroot;0;3
23048d03c7;2;grassroot;0;2
7558f1b9f5;9;grassroot;0;1
3ef4fcbd90;13;grassroot;0;1
ce2d872df2;16;grassroot;0;1
821a96b7a1;16;grassroot;0;1
fc619eb9ce;1530;grassroot;0;2
4fd1b9cf3d;1530;grassroot;1;0
37a0ecb267;1530;grassroot;1;0
ac422da1f2;42;grassroot;0;2
e95b3b25f2;42;grassroot;1;0
84f266cbec;2;grassroot;0;1
ef917e0550;1;grassroot;0;1
0db940699a;24;grassroot;0;1
3e15a9bbff;244;grassroot;0;1
870bb40d39;1531;grassroot;0;2
1da019b88a;1531;grassroot;1;0
b8c5de911c;1531;grassroot;1;0
3181be2d23;7;grassroot;0;1
9d7d7f5724;2;grassroot;0;1
0948763793;5;grassroot;0;2
8fb3d3b967;104;grassroot;0;1
375a5b04b5;49;grassroot;0;1
ea5cd3f49d;14;grassroot;0;1
b5b578ce7f;9;grassroot;0;2
44a5538ee8;9;grassroot;1;0
12b3f7fda5;1532;grassroot;0;1
fa7079a1e5;1532;grassroot;1;0
e5f69db0a8;1533;grassroot;0;1
0823ceb792;1533;grassroot;1;0
c5b5f1bbdf;13;grassroot;0;1
0266e469e6;1534;grassroot;0;1
369b21b312;1534;grassroot;1;0
b3c604e490;32;grassroot;0;2
299d1782f3;32;grassroot;2;0
577e28d46a;1535;grassroot;0;1
7ab8d0aabf;1535;grassroot;1;0
3c89348a08;1536;grassroot;0;1
9b5e30f860;1536;grassroot;1;0
35141b885c;2;grassroot;0;2
b11e6b5f80;3;grassroot;0;2
b80d74de98;3;grassroot;1;0
ed861e8999;7;grassroot;0;1
3f28cbb024;1537;grassroot;0;1
684b67fe31;1537;grassroot;1;0
556dafa80b;7;grassroot;0;2
d91c2b6017;9;grassroot;0;3
a8f334dabd;9;grassroot;1;0
aca90a1dcb;3;grassroot;0;1
4913df7a15;3;grassroot;0;2
247d1b66b8;12;grassroot;0;1
a241cb8d14;1538;grassroot;0;1
cdda0097ff;1538;grassroot;1;0
9ff82c52de;2;grassroot;0;2
5dab2f7f2e;86;grassroot;0;2
8c132fffe5;9;grassroot;0;1
be2e220045;410;grassroot;0;6
5900d711eb;12;grassroot;0;1
d7fc91b8bf;6;grassroot;0;1
09af0d1ecf;2;grassroot;0;3
b1d5c1bd74;10;grassroot;0;1
9a9d30b651;5;grassroot;0;1
ee7b7b3a8b;1;grassroot;0;1
b702365a70;11;grassroot;0;14
9a1a35368f;11;grassroot;1;0
70117c619b;11;grassroot;1;0
c9c221acee;11;grassroot;1;0
f7bc90a78d;11;grassroot;1;0
71182b2a32;89;grassroot;0;1
22c1843d6b;2;grassroot;0;2
c2c4e3dca2;2;grassroot;1;0
95684a56b0;4;grassroot;0;1
ce40ff1cb9;4;media/news;0;1
e08fd3a652;4;media/news;0;1
f307f3d8d1;4;media/news;0;1
885887ce71;417;grassroot;0;1
1a9fc4bdb8;42;grassroot;0;2
8c1a95070c;42;grassroot;1;0
8f3c38a907;123;grassroot;0;1
9f9788b5c8;2;grassroot;0;3
57ce2a8d32;355;grassroot;0;1
8bbe69185c;1;grassroot;0;1
24700dfd3a;2;grassroot;0;1
e328496ee1;1539;grassroot;0;1
6425bdbe3c;1539;grassroot;1;0
c9ec22964b;6;grassroot;0;1
6d5c28030b;2;grassroot;0;2
236c83e618;3;grassroot;0;1
173314a395;1;grassroot;0;3
f124d89504;1;grassroot;1;0
d281ab0bf9;1;grassroot;1;0
dbd7a4c528;10;grassroot;0;2
c12603f905;10;grassroot;0;1
6d10f7f297;1540;grassroot;0;1
0170a5ea07;1540;grassroot;1;0
3aede408cd;1541;grassroot;0;1
d70172b013;1541;grassroot;1;0
68db6db1d1;9;grassroot;0;2
79a9a4b291;1542;grassroot;0;1
6c7431aae9;1542;grassroot;1;0
3edd36d1c2;1543;grassroot;0;1
f4c09dddca;1543;grassroot;1;0
e10d0be617;2;grassroot;0;1
20b6be57b9;10;grassroot;0;1
9716cc3911;86;grassroot;0;1
0ccc645793;1544;grassroot;0;1
2978d2b093;1544;grassroot;1;0
c4f8b4efcf;94;grassroot;0;1
ccc1f91623;355;grassroot;0;1
46bee1fd09;16;grassroot;0;1
282a2fee50;12;grassroot;0;1
f9f0b8cfa1;1545;grassroot;0;1
1924cfde03;1545;grassroot;1;0
aad0b6a10a;24;grassroot;0;1
3b6b4b79a3;10;grassroot;0;2
149204583d;10;grassroot;1;0
f2277cd173;42;grassroot;0;2
c27b26d9e2;1546;grassroot;0;1
2f43f77685;1546;grassroot;1;0
092ed039f9;58;grassroot;0;1
b3478b0fac;3;grassroot;0;2
90a5cfff6f;2;grassroot;0;1
b4cdbb2af3;49;grassroot;0;1
0e85851267;1547;grassroot;0;1
bae114bf8f;1547;grassroot;1;0
c4291ddb43;2;grassroot;0;4
1452d11c50;11;grassroot;0;1
a974fc3724;115;grassroot;0;2
212337ebfb;3;grassroot;0;1
5208d12412;86;grassroot;0;3
45bf83dac0;86;grassroot;1;0
dd82be2b7d;86;grassroot;1;0
87ba15aa6b;1308;grassroot;0;1
e4782b8768;7;grassroot;0;1
795e2ec6af;1;grassroot;0;3
a05908eafc;2;grassroot;0;1
0080f9f1ed;2;grassroot;0;1
cdb3c5bbe8;16;grassroot;0;1
e9f6545297;7;grassroot;0;1
993ab8fe6d;10;grassroot;0;5
5bb36665fd;16;grassroot;0;1
b69ace03ab;1548;grassroot;0;1
bf138fd370;1548;grassroot;1;0
31ebf3f3d3;2;grassroot;0;2
598102faad;2;grassroot;1;0
490c19783a;1;grassroot;0;1
f3c65f4dda;1549;grassroot;0;1
48765eb619;1549;grassroot;1;0
d0bd217e2e;58;grassroot;0;1
1d6d0ad11e;16;grassroot;0;1
05033e9a60;12;grassroot;0;2
d32b58ef19;24;grassroot;0;1
7a76c675bd;614;grassroot;0;1
5fd3dc7a5d;4;grassroot;0;1
e28e690742;1550;grassroot;0;1
da345a0250;1550;grassroot;1;0
c59d3cd12c;3;grassroot;0;1
06f7981ae5;16;grassroot;0;1
f1f682f6bb;1551;grassroot;0;1
02ab10f227;1551;grassroot;1;0
ddeff919b4;2;grassroot;0;1
2f8673f6d0;49;grassroot;0;1
2ad504335e;2;grassroot;0;2
928815ddd7;42;grassroot;0;1
0d28415335;1552;grassroot;0;1
cbc3c7576e;1552;grassroot;1;0
5e5588926f;58;grassroot;0;1
bdbe007277;1553;grassroot;1;1
5abf7d0e77;1553;grassroot;1;1
3aaabd3ef0;1554;grassroot;0;1
3761f3fc59;1554;grassroot;1;0
4c071b8ad7;7;grassroot;0;1
17afe02b03;2;grassroot;0;2
83ff447e73;2;grassroot;2;0
d12f838e78;7;grassroot;0;1
65e0496146;12;grassroot;0;1
d8b7917b59;12;grassroot;0;1
88130d7568;12;grassroot;0;2
30b5cefbb0;12;elite/political;1;0
d93509da5f;2;grassroot;0;6
b93b6da139;70;grassroot;0;2
9abd30b596;86;grassroot;0;4
5881c461af;86;grassroot;1;0
68e8301185;2;grassroot;0;3
1c4bb544a7;51;grassroot;0;1
ad6e4b83a8;5;grassroot;0;3
9d1f9e7a5f;2;grassroot;0;1
2e6b9ddf5d;1555;grassroot;0;2
f7a04a75c8;1555;grassroot;1;0
cdff4f8862;1555;grassroot;1;0
fc4cf22f91;1556;grassroot;0;1
17c14bb049;1556;grassroot;1;0
9988511046;4;grassroot;0;1
2dfc97c129;2;grassroot;0;2
28856fb432;51;grassroot;0;1
9181cb9a25;1220;grassroot;0;2
378e931057;1220;grassroot;1;0
dca53603a9;1557;grassroot;0;1
b1d3c240e5;1557;grassroot;1;0
502902ce47;1558;grassroot;0;1
7f8b4d1dc3;1558;grassroot;1;0
21de7e477d;13;grassroot;0;1
ff98bcaada;2;grassroot;0;1
1f1bd5c0aa;1559;grassroot;0;1
a572dc978d;1559;grassroot;1;0
21277fbf83;4;grassroot;0;2
c3d76c52a3;11;grassroot;0;3
a4b1d3e793;7;grassroot;0;1
1442870740;1560;grassroot;0;3
f41aca9131;1560;grassroot;1;0
ee59119701;1560;grassroot;1;0
7b08382ca5;1560;grassroot;1;0
2bbe53f86f;70;grassroot;0;1
0ec79dd2bb;54;grassroot;0;1
de2f8d57e7;1561;grassroot;0;1
827b1b4831;1561;grassroot;1;0
de674ad358;9;grassroot;0;1
fd36f00629;98;grassroot;0;1
1ee6afa47c;4;grassroot;0;1
5b696876bf;1562;grassroot;0;1
ea8ce7ad62;1562;grassroot;1;0
9af06a9af3;9;grassroot;0;1
7f8889c153;3;grassroot;0;1
c7f7edc916;84;grassroot;0;1
7351c5ef2d;85;grassroot;0;1
7eba02eaed;1563;grassroot;0;1
03d111255b;1563;grassroot;1;0
ce96e9c8ab;1564;grassroot;0;1
519dbbff77;1564;grassroot;1;0
1ca5392d6a;1565;grassroot;0;1
9383901c1e;1565;grassroot;1;0
02f4f492cb;7;grassroot;0;1
89978a9320;12;grassroot;0;3
0518e9e59d;89;grassroot;0;2
ca5d20896b;1566;grassroot;0;1
011a138c4b;1566;grassroot;1;0
bebe6e11ea;12;grassroot;0;5
e29a1ff5d7;12;grassroot;1;0
1952039978;24;grassroot;0;2
4762bc0add;3;grassroot;0;1
8d08ff50d8;131;grassroot;0;1
37a455bebf;2;grassroot;0;1
2a3fb0fdb3;70;grassroot;0;1
d98fcf09f1;8;grassroot;0;1
1d388f0a27;8;grassroot;0;1
287c16aa96;49;grassroot;0;1
2b5665a9b5;1567;grassroot;0;2
2db5f5a64f;1567;grassroot;1;0
d013ef3185;1567;grassroot;1;0
550180530c;857;grassroot;0;1
0100a9b125;1568;grassroot;0;1
4c3eb71a23;1568;grassroot;1;0
089e91e455;12;grassroot;0;1
a1104685b9;7;grassroot;0;1
9f1f326265;3;grassroot;0;1
4f9ad798f3;1569;grassroot;0;1
d6edc19081;1569;grassroot;1;0
04082e3d36;43;grassroot;0;1
db60d0e02c;12;grassroot;0;1
bb544468b0;49;grassroot;0;1
22c609621a;143;grassroot;0;1
b45cb6551f;13;grassroot;0;2
432803e92d;13;grassroot;1;0
38683dba00;7;grassroot;0;2
e551f27618;7;grassroot;0;1
a1f8bfe2ff;123;grassroot;0;2
8b2b205f1d;123;grassroot;1;0
1a87dd2765;2;grassroot;0;1
c048e094b7;3;grassroot;0;1
ff42c44777;1078;grassroot;0;1
87c8d9fe40;49;grassroot;0;3
711eb7dda0;7;grassroot;0;1
83aa53430c;1570;grassroot;0;1
f22e0edc6f;1570;grassroot;1;0
88781bf285;625;grassroot;0;1
f6074d16a7;1571;grassroot;0;2
6242c5aa49;1571;grassroot;1;0
7cf3d4b48d;1571;grassroot;1;0
fa71046cd5;369;grassroot;0;1
dd9b1d39f6;1092;grassroot;0;1
81d64770af;747;grassroot;0;1
ffcfecdd27;1572;grassroot;0;2
3a7ca4131a;1572;grassroot;1;0
7e8cc8430f;1572;grassroot;1;0
655aa3f96f;16;grassroot;0;1
fc3e22fae3;11;grassroot;0;1
baf4c23ca0;10;grassroot;0;1
a1fba94742;2;grassroot;0;65
3e402cad15;2;grassroot;1;0
042f63ca92;2;grassroot;1;0
05e0013c7f;2;grassroot;1;0
95fff5fce4;2;grassroot;1;0
31ef71b02a;2;grassroot;1;0
3a715b3827;2;elite/political;1;0
47ae98cc9a;2;grassroot;1;0
26fc1027ea;2;grassroot;1;0
3b57b9872b;2;grassroot;1;0
fea7dd18b7;1573;grassroot;0;1
28b83a2b27;1573;grassroot;1;0
ce270bc25c;11;grassroot;0;1
5d477d0f54;1574;grassroot;0;1
d0786d0761;1574;grassroot;1;0
388b33bd2c;12;grassroot;0;1
3ea671e71b;1240;grassroot;0;1
238e95adab;7;grassroot;0;1
df2aa2e18f;2;grassroot;0;2
44fd3757d1;1575;grassroot;0;1
6682a4cd4f;1575;grassroot;1;0
9049e26e83;2;grassroot;0;3
db955a3926;1576;grassroot;0;1
8f53517a11;1576;grassroot;1;0
2ffd0c8a5e;32;grassroot;0;1
d1e70499c7;1577;grassroot;0;2
da567e6544;1577;grassroot;1;0
c9eea8b523;1577;grassroot;1;0
486ab5d866;5;grassroot;0;2
a9821f99bf;6;grassroot;0;1
7ff5714384;1578;grassroot;0;1
bbe115f0cf;1578;grassroot;1;0
e644f791d7;58;grassroot;0;2
55ad24975e;2;grassroot;0;4
b10c9fe061;43;grassroot;0;1
a84d377d3c;1579;grassroot;0;2
faaa535e59;1579;grassroot;1;0
031adc805a;1579;grassroot;1;0
d074ab5e5f;1580;grassroot;0;1
232bcb7621;1580;grassroot;1;0
11df79f97c;10;grassroot;0;2
5011cc4198;10;grassroot;1;0
9a91690b0c;127;grassroot;0;11
d4cd655fd2;127;grassroot;1;0
ef1df73126;250;grassroot;0;1
433e858e80;24;grassroot;0;1
b179978a97;10;grassroot;0;1
e5a26c100d;6;grassroot;0;3
7623136270;6;grassroot;1;0
aa5c34e050;6;grassroot;1;0
64e31c61e2;11;grassroot;0;1
ba7763ae41;2;grassroot;0;2
9b773c9bf9;10;grassroot;0;1
80c2087eb0;12;grassroot;0;1
da80262fe7;174;grassroot;0;1
9220fac991;1581;grassroot;0;1
eaf23edc54;1581;grassroot;1;0
5354615aa8;10;grassroot;0;2
9422e64fa8;10;grassroot;1;0
e085d9f3bb;291;grassroot;0;2
f0f77dc0f0;291;grassroot;1;0
a256a3284d;1582;grassroot;0;1
735028cf50;1582;grassroot;1;0
6437c8ee9b;86;grassroot;0;1
b28aac09ff;292;grassroot;0;1
4b755e3671;58;grassroot;0;4
ad31cf3e3f;58;grassroot;2;0
3059a0b911;58;media/news;2;0
177afae6b6;1583;grassroot;0;1
28b7a68d6b;1583;grassroot;1;0
1ca9fc09ea;2;grassroot;0;1
08203cb830;537;grassroot;0;1
a9e1ae52b8;247;grassroot;0;1
1da81f9aed;1584;grassroot;0;1
f7a7c32688;1584;grassroot;1;0
17edf03bc0;2;grassroot;0;19
d433884506;2;grassroot;1;0
c24a611a8e;70;grassroot;0;1
306a1bca02;1;grassroot;0;1
38f3104db7;387;grassroot;0;2
bf3944bf10;387;grassroot;1;0
50ffc06882;86;elite/political;0;5
ea10045acd;210;grassroot;0;1
738585c233;11;grassroot;0;1
32af1bae8e;2;grassroot;0;4
e72857e72a;11;grassroot;0;1
d89bd3a7f4;12;grassroot;0;1
92c594eaf8;1585;grassroot;0;1
c7b8326320;1585;grassroot;1;0
1cd5a76df2;210;grassroot;0;1
6cecae8008;9;grassroot;0;1
6de148fd24;58;grassroot;0;2
92719a0fa3;1586;grassroot;0;1
bafb8f1a77;1586;grassroot;1;0
2e98251f27;241;grassroot;0;2
db6bf19a0d;1587;grassroot;0;1
e2aeecffc3;1587;grassroot;1;0
de137a1e79;3;grassroot;0;1
adb18a188f;49;grassroot;0;1
0ad1923449;107;grassroot;0;1
0acb4feed5;1588;grassroot;0;1
867ab40238;1588;grassroot;1;0
fe2f4f41ef;2;grassroot;0;1
5faee5480f;140;grassroot;0;1
22d59c9831;1;grassroot;0;2
002885e4b7;7;grassroot;0;1
dfd487bed3;2;grassroot;0;1
00d8d3515f;74;grassroot;0;1
3c4d9df51c;1589;grassroot;0;1
02ee3ffb80;1589;grassroot;1;0
63659c5f25;6;grassroot;0;1
88fe34e738;7;grassroot;0;2
9964053850;1590;grassroot;0;1
e5a17e3bd0;1590;grassroot;1;0
85bd3d8630;49;grassroot;0;1
8b724c4959;1591;grassroot;0;1
6968c7444e;1591;grassroot;1;0
9c77e45264;2;grassroot;0;1
f83f4c89e9;2;grassroot;0;1
1881b598cb;123;grassroot;0;1
a4b02da845;9;grassroot;0;1
932475ebd8;11;grassroot;0;1
c7227a18a4;1592;grassroot;0;2
e3c17b4725;1592;grassroot;1;0
fe5a03c114;1592;grassroot;1;0
011c0dfbeb;1593;grassroot;0;1
5c38ef6b78;1593;grassroot;1;0
8323bfa0aa;32;grassroot;0;1
5d68aca15d;10;grassroot;0;1
803137c3bf;1;grassroot;0;2
317e7bcc3a;74;grassroot;0;1
5c61e89952;14;grassroot;0;3
bb32694c2a;11;grassroot;0;2
9d5439f690;35;grassroot;0;1
8792da8217;12;grassroot;0;2
90f2272467;14;grassroot;0;1
3c9f4ae238;2;grassroot;0;2
21c53fe4b9;112;grassroot;0;2
90077c1479;112;grassroot;1;0
317634cc5f;833;grassroot;0;1
2258de8b88;1594;grassroot;0;1
e1b0cd8c9a;1594;grassroot;1;0
6f2031645b;13;grassroot;0;1
f861cebfbf;1;grassroot;0;1
0ac8aa89e1;10;grassroot;0;1
77246ac589;86;grassroot;0;1
4cb31a34bc;10;grassroot;0;1
e1130df780;2;grassroot;0;2
946e2f9f78;2;grassroot;1;0
72b3cb2cc3;69;grassroot;0;1
a4df7acafb;1595;grassroot;0;1
b5513047c3;1595;grassroot;1;0
78cac8c773;8;grassroot;0;1
f49390f848;11;grassroot;0;1
907312b4b1;2;grassroot;0;1
139ef7a5f1;13;grassroot;0;1
dbcd2e66bf;12;grassroot;0;1
d1848e07d5;43;grassroot;0;2
0a1aa85859;89;grassroot;0;1
b91bd4b197;134;grassroot;0;4
67b48e323f;2;grassroot;0;1
2964b9abc9;1596;grassroot;0;1
a06b4b1d7e;1596;grassroot;1;0
035f08cb6b;4;media/news;0;1
264f1572de;10;grassroot;0;1
74efbec221;6;grassroot;0;1
a182e19c37;49;grassroot;0;1
1583f7bb08;2;grassroot;0;2
072b600b81;1597;grassroot;0;1
b1d1b13d76;1597;grassroot;1;0
1f87b084ff;829;grassroot;0;1
9ab4bc42e6;12;grassroot;0;1
86495a91bf;86;grassroot;0;2
a7f8e6dbc4;58;grassroot;0;1
f375050547;56;grassroot;0;1
319a15ada8;6;grassroot;0;2
972bb0f8c1;6;grassroot;1;0
38df9a1e91;2;grassroot;0;1
1ea096cea6;51;grassroot;0;1
0213e50e06;86;grassroot;0;1
1565894f85;9;grassroot;0;1
c25276980f;16;grassroot;0;2
61cbbe15a0;7;grassroot;0;1
26ec72ebe8;86;grassroot;0;1
789717c0e4;6;grassroot;0;1
76e5e59334;89;grassroot;0;1
b484db2628;7;grassroot;0;1
5da93638e2;5;grassroot;0;1
eac358dfa1;1598;grassroot;0;1
21913cd4f5;1598;grassroot;1;0
77970e985f;1599;grassroot;0;2
6c5f27d3d0;1599;grassroot;1;0
277255d311;1599;grassroot;1;0
b6fcd0045c;7;grassroot;0;2
f9d82971ab;7;grassroot;1;0
cdac5540b4;1600;grassroot;0;1
e78a305ef8;1600;grassroot;1;0
ab60288a0f;1270;grassroot;0;1
79d98e5ec5;89;grassroot;0;2
7313278010;6;grassroot;0;1
342b8f6746;6;grassroot;0;1
985644a34b;86;grassroot;0;2
0c314081b3;86;grassroot;1;0
eb061f7ac7;11;grassroot;0;1
60d2a2c6b3;35;grassroot;0;12
91af71d117;1601;grassroot;0;1
14afed3149;1601;grassroot;1;0
83f03a28a6;9;grassroot;0;2
d3430c5adf;24;grassroot;0;1
78f6052893;1602;grassroot;0;1
d8d9e34bae;1602;grassroot;1;0
a53ced601e;14;grassroot;0;1
37830871d4;9;grassroot;0;3
011a4ada98;1047;grassroot;0;1
ea24a42d98;1603;grassroot;0;1
813d5a95c8;1603;grassroot;1;0
9757ff6ceb;7;grassroot;0;2
3ba02444e3;10;grassroot;0;3
f95a46d155;12;grassroot;0;1
604c419d44;3;grassroot;0;1
a8953c4e05;1604;grassroot;0;1
58698594df;1604;grassroot;1;0
0b5462a26c;2;grassroot;0;1
2cf97a60ee;43;grassroot;0;1
443d4295fc;69;grassroot;0;2
8991479b58;69;grassroot;1;0
951946e86d;70;grassroot;0;5
172d6252bf;1605;grassroot;0;2
be8b5388fc;1605;grassroot;1;0
33394b5c62;1605;grassroot;1;0
29b197d94a;6;grassroot;0;1
1f58f06be6;1606;grassroot;0;1
921ca84d2e;1606;grassroot;1;0
893c5db939;1607;grassroot;0;1
987b44c502;1607;grassroot;1;0
4689e1523e;1608;grassroot;0;1
1e0cddf0b4;1608;grassroot;1;0
2ef21609d3;9;grassroot;0;1
e9d9f73097;1609;grassroot;0;1
314b90463e;1609;grassroot;1;0
ec7cab726c;8;grassroot;0;1
8f66a6f918;2;grassroot;0;3
029ce4bba6;1610;grassroot;0;1
166f8e1a41;1610;grassroot;1;0
b0b3e7a863;2;grassroot;0;1
ee47f8a586;3;grassroot;0;1
ba404b8961;2;grassroot;0;1
f340c10df5;12;grassroot;0;1
a20eea7e93;4;grassroot;0;7
dd28d89bf4;4;grassroot;1;0
3757345d3d;15;grassroot;0;2
c5ca721ff3;15;grassroot;1;0
5cef5a0726;11;grassroot;0;1
8656e4a5f3;24;grassroot;0;1
091860ad4b;43;grassroot;0;4
3cf32b7bc8;1611;grassroot;0;1
a9546985dd;1611;grassroot;1;0
16a9a5aca5;3;grassroot;0;1
5726535196;12;grassroot;0;1
6eca03638d;1612;grassroot;0;2
9d5bb453ed;1612;grassroot;1;0
24f42787a2;1612;grassroot;1;0
bf2c6d12b4;7;grassroot;0;2
19c7bf2158;7;grassroot;1;0
8a2bc8d2ab;10;grassroot;0;1
a1b3daf1aa;7;grassroot;0;1
0b20f20645;86;grassroot;0;2
cdac0b2516;2;grassroot;0;1
c4e607775a;2;grassroot;0;1
708eb257ce;1613;grassroot;0;1
2b342eefb5;1613;grassroot;1;0
fd885f306f;2;grassroot;0;5
6d8002595f;3;grassroot;0;1
e081ed73c2;1;grassroot;0;3
78b186a8ac;1;grassroot;1;0
08e250a1c7;10;grassroot;0;1
5aa95ea527;1614;grassroot;0;2
ff191c09e7;1614;grassroot;1;0
46b846910d;1614;grassroot;1;0
e2f802766b;1615;grassroot;0;2
534b7e5627;1615;grassroot;1;0
3999073882;1615;grassroot;1;0
3a13abdae2;1616;grassroot;0;2
58b84aa56e;1616;grassroot;1;0
7c10ac4b4b;1616;grassroot;1;0
c2e99ed065;1617;grassroot;0;1
9c6c461c81;1617;grassroot;1;0
bda020849c;2;grassroot;0;1
0b8431f4f1;85;grassroot;0;1
218f4e651f;12;grassroot;0;1
386920da36;1618;grassroot;0;2
727e06c289;1618;grassroot;1;0
df762b6776;1618;grassroot;1;0
13686e1833;86;grassroot;0;1
e072e8631c;1619;grassroot;0;1
bf68d45928;1619;grassroot;1;0
2c35eab534;1620;grassroot;0;2
338edee884;1620;grassroot;1;0
24a5f86388;1620;grassroot;1;0
64a6172e49;42;grassroot;0;1
72ddc5bde0;1370;grassroot;0;1
b52a001759;32;grassroot;0;2
5260a8e671;32;grassroot;1;0
7effc6867f;3;grassroot;0;1
c2856ce924;2;grassroot;0;3
958546ecaa;1621;grassroot;0;1
2abd7e3601;1621;grassroot;1;0
75f72c04ae;86;grassroot;0;1
5b4a0103d0;24;grassroot;0;1
acc2381590;1;grassroot;0;1
3828ec9b12;1622;grassroot;0;1
e1da61654b;1622;grassroot;1;0
0bd7b3a0bc;43;grassroot;0;2
b35bf22030;9;grassroot;0;2
d485d4e3f3;9;grassroot;1;0
1421a72951;85;grassroot;0;1
6c51f52a89;140;grassroot;0;1
b3ca9cd4a0;1623;grassroot;0;1
2be6a907b8;1623;grassroot;1;0
d2e3092233;1351;grassroot;0;1
f32f04c04f;137;grassroot;0;1
2ad2e8e4e8;2;grassroot;0;2
ce0b7966ba;1;grassroot;0;1
f5e72acd04;1624;grassroot;0;2
032999fd80;1624;grassroot;1;0
aacca5728e;1624;grassroot;1;0
4a34e4c744;7;grassroot;0;3
86923f4ced;7;grassroot;1;0
9daca2086c;14;grassroot;0;3
149c2cd907;14;grassroot;1;0
20f467e7f4;7;grassroot;0;1
a57df8b279;1625;grassroot;0;1
6ded80e3d7;1625;grassroot;1;0
4617e9d3ba;12;grassroot;0;3
68bca10eea;12;grassroot;1;0
1e63d5899a;4;grassroot;0;1
aad2e94f9e;7;grassroot;0;1
306e3a22d9;12;grassroot;0;1
0f6394d8fd;70;grassroot;0;4
95d4672d7d;70;grassroot;1;0
a4caa20a6e;115;grassroot;0;2
08be2e516a;32;grassroot;0;3
f30cfef305;58;grassroot;0;1
6b5e173f0c;70;grassroot;0;1
131c09515f;1626;grassroot;0;1
5dc2562634;1626;grassroot;1;0
e16fca07bb;1627;grassroot;0;1
6a2ff099e4;1627;grassroot;1;0
8f4eeb63ba;2;grassroot;0;1
33a53ec259;1628;grassroot;0;1
eccfd9ad81;1628;grassroot;1;0
74d0faa9bd;1629;grassroot;0;2
ecefc2049f;1629;grassroot;1;0
76ec2937db;1629;grassroot;1;0
183f0ddf5e;7;grassroot;0;1
6b5c59a587;747;grassroot;0;1
5cd71a979e;9;grassroot;0;1
08b5b18373;7;grassroot;0;1
e9942388a5;747;grassroot;0;1
f09e126704;1630;grassroot;0;1
0b23843497;1630;grassroot;1;0
abb588c4d1;12;grassroot;0;1
6e859689e1;89;grassroot;0;1
718ab2d5fd;223;grassroot;0;1
4bec6b7836;32;grassroot;0;1
7862386d5f;43;grassroot;0;1
33737efbf6;2;grassroot;0;5
f3a6a97a2b;2;grassroot;1;0
f588b955e5;2;grassroot;1;0
0376441e27;6;grassroot;0;2
9729f0eac6;49;grassroot;0;2
f34b7b34c9;49;grassroot;1;0
147c0d9f6f;1631;grassroot;0;1
0b991b33d0;1631;grassroot;1;0
471bb4eade;1;grassroot;0;1
7d067e786f;1632;grassroot;0;1
7ef4ce7163;1632;grassroot;1;0
ad58428448;74;grassroot;0;1
f796e24821;7;grassroot;0;1
8741ec2db6;10;grassroot;0;2
47e515137d;10;grassroot;1;0
b984c18761;10;grassroot;0;1
87df8fde45;86;grassroot;0;1
92afbbc552;9;grassroot;0;1
2f6a79306a;10;grassroot;0;1
e81b7a0d28;9;grassroot;0;1
89f3cee823;1633;grassroot;0;3
cb10da6207;1633;grassroot;1;0
c774f1a66d;1633;grassroot;1;0
0900b0954a;1633;grassroot;1;0
7c051ecbde;6;grassroot;0;1
9069245890;3;grassroot;0;1
76681d4364;58;grassroot;0;1
0d19169df8;1;grassroot;0;1
9618853b1e;49;grassroot;0;1
ff41d3ea78;35;grassroot;0;1
e13ad8bb18;1238;grassroot;0;1
f6709a18cc;58;grassroot;0;2
e8a55e12ac;1634;grassroot;0;1
f1d5f4c83a;1634;grassroot;1;0
f1d00a5653;10;grassroot;0;1
3691f45283;1635;grassroot;0;1
2da83a78ee;1635;grassroot;1;0
8f0320ca11;1636;grassroot;0;1
c815ce3c2b;1636;grassroot;1;0
98130fdd95;32;grassroot;0;2
d5be203f85;11;grassroot;0;2
edfcd93af6;11;grassroot;1;0
773353b0fc;35;grassroot;0;1
253acaccfd;12;grassroot;0;1
e19f5ef64c;9;grassroot;0;1
8d4180309a;24;grassroot;0;2
3192c96bcd;224;grassroot;0;1
02dd7e2a3c;216;grassroot;0;1
61adf5047e;2;grassroot;0;2
f3c5e7a771;2;grassroot;1;0
a8789371af;1637;grassroot;0;1
e2224d1058;1637;grassroot;1;0
02ef473826;12;grassroot;0;1
a31b569695;58;grassroot;0;2
9823878c90;58;grassroot;1;0
2bcfe1fe38;4;grassroot;0;2
1da5592b2c;4;grassroot;1;0
450e3f6ef8;9;grassroot;0;1
758e46dcab;9;grassroot;0;4
9d14ab64c0;8;grassroot;0;1
44f55d557c;127;grassroot;0;12
7c5d721e1f;127;grassroot;1;0
ad18c2c2fd;127;grassroot;1;0
04a0026d3b;43;grassroot;0;1
7221b32a7c;86;grassroot;0;3
7116d35491;3;grassroot;0;1
eca03a3229;1638;grassroot;0;1
d1fcc6e1ff;1638;grassroot;1;0
25cf91aa7e;289;grassroot;0;2
2c586f3865;289;grassroot;1;0
2010185822;1639;grassroot;0;1
85abd7c703;1639;grassroot;1;0
bd20d7c39d;1640;grassroot;0;1
0324f1fe4f;1640;grassroot;1;0
4e7322dd09;9;grassroot;0;1
b2f6bb1a07;1641;grassroot;0;1
a39b0c1109;1641;grassroot;1;0
c4cd5fa02d;1642;grassroot;0;1
30d12ebd1d;1642;grassroot;1;0
273d00130d;1643;grassroot;0;1
ec638e0a28;1643;grassroot;1;0
dc2d489d01;2;grassroot;0;1
354e2fd8ef;9;grassroot;0;1
c8e547de9f;2;grassroot;0;1
52ea020735;43;grassroot;0;1
19f8bcd50f;43;grassroot;2;0
459d825152;32;grassroot;0;1
9857fd8e71;1644;grassroot;0;1
bd20e9a3af;1644;grassroot;1;0
099311c520;5;grassroot;0;1
49b27e613a;2;grassroot;0;6
c1ff6fc77d;32;grassroot;0;1
002f148a10;5;grassroot;0;2
7337b1e69d;7;grassroot;0;1
20f5899ac4;1;grassroot;0;1
63f6b276b1;43;grassroot;0;1
5459a88e51;1645;grassroot;0;1
0117a18dad;1645;grassroot;2;0
e20f8b58b0;6;grassroot;0;2
6b8844e94d;1646;grassroot;0;1
7abcf1cf14;1646;grassroot;1;0
fc0a92e348;2;grassroot;0;1
586d3025f4;43;grassroot;0;1
fef4180ca5;1647;grassroot;0;1
17e1da59d3;1647;grassroot;1;0
92c331d4b7;1648;grassroot;0;1
120c70deb1;1648;grassroot;1;0
8838cf0908;1649;grassroot;0;1
4345874ca2;1649;grassroot;1;0
d52c0ba79b;58;grassroot;0;1
e2eaa4295a;1650;grassroot;0;1
5e427b4fc7;1650;grassroot;1;0
e119dd94f1;15;grassroot;0;1
03e51d3364;123;grassroot;0;2
5755f3ee03;58;grassroot;0;1
0fe3df5a59;6;grassroot;0;2
72442723bb;9;grassroot;0;1
f20469872c;3;grassroot;0;1
031a2cf959;2;grassroot;0;1
cf881b6a36;16;grassroot;0;1
d3f92c09d2;3;grassroot;0;2
40d9a10c32;3;grassroot;1;0
84313dfc18;123;grassroot;0;2
834a29917e;7;grassroot;0;1
8d1207b03a;86;grassroot;0;1
9067627775;14;grassroot;0;1
60fe40c0a5;14;grassroot;0;1
05569fae58;4;grassroot;0;2
03decd2f37;112;grassroot;0;1
3f921bbe0f;7;grassroot;0;2
816066cce5;43;grassroot;0;2
ef35e9bd79;86;grassroot;0;1
328d104396;8;grassroot;0;1
1aa5d83650;58;grassroot;0;1
96ee756884;2;grassroot;0;9
c140da9303;3;grassroot;0;2
11e211ad37;1651;grassroot;0;1
e82be3ed60;1651;grassroot;1;0
6694e66d63;11;grassroot;0;2
3336a90187;74;grassroot;0;1
81fcadb572;69;grassroot;0;1
9e131a042a;15;grassroot;0;2
3357243110;4;grassroot;0;1
dbf5d8f642;11;grassroot;0;3
28090a9f6b;11;grassroot;1;0
78b9304b1e;13;grassroot;0;1
948c3388c0;9;grassroot;0;3
b1bcba4403;9;grassroot;1;0
756bc72c3e;4;grassroot;0;2
9ab71aae7d;4;grassroot;1;0
855beb7a0d;1;grassroot;0;1
40d8f9cc39;1652;grassroot;0;2
76ad4b89fd;1652;grassroot;1;0
527ab46b66;1652;grassroot;1;0
214b663444;1653;grassroot;0;1
68ce570836;1653;grassroot;1;0
70768df9d9;1;grassroot;0;1
ec3aa6247d;49;grassroot;0;1
a03cb3d7e1;210;grassroot;0;1
04c22b391c;1486;grassroot;0;2
9dba61f2fd;1486;grassroot;1;0
073e25c54c;16;grassroot;0;1
fc2c9ac748;3;grassroot;0;1
0f299ae939;1645;grassroot;0;1
917354d145;70;grassroot;0;1
b25bbf34d0;7;grassroot;0;1
25020f0d65;1654;grassroot;0;1
892bad3b43;1654;grassroot;1;0
a3a1c16170;614;grassroot;0;1
ebbb320181;10;grassroot;0;2
ce341e7cc6;10;grassroot;1;0
e156d82d8e;1655;grassroot;0;2
bfd415c860;1655;grassroot;1;0
8c1b87c9e3;1655;grassroot;1;0
a8c29e111c;9;grassroot;0;1
ce110c218f;43;grassroot;0;2
54ce3dbbd2;43;grassroot;1;0
f0a62c34b0;2;grassroot;0;1
d31ffb4953;2;grassroot;0;7
01fc2a9013;2;grassroot;1;0
36ab597d41;73;grassroot;0;3
7adfb39853;73;grassroot;1;0
e8c9b9f515;43;grassroot;0;2
b38685b24a;2;grassroot;0;4
e8a18fce3b;9;grassroot;0;1
ee706a3b6a;9;grassroot;0;1
7e4fc6b0c6;12;grassroot;0;1
1894784c27;12;grassroot;0;1
e8d76d6686;1656;grassroot;0;1
5c22e8e52d;1656;grassroot;1;0
b8ddcbca89;2;grassroot;0;1
59e5d028a9;1657;grassroot;0;1
2cab5b1911;1657;grassroot;1;0
cc7061fa0f;1658;grassroot;0;1
01d758dd9d;1658;grassroot;1;0
06e98d9464;74;grassroot;0;1
fb30ba12e2;1659;grassroot;0;1
41d28681d0;1659;grassroot;1;0
5e54782c7f;7;grassroot;0;2
98e313c3d2;35;grassroot;0;4
03710d2328;2;grassroot;0;10
d381b69452;2;grassroot;1;0
045fd3ca55;2;grassroot;1;0
44c129df5d;69;grassroot;0;4
a34a66e0e5;1660;grassroot;0;1
98b5a49826;1660;grassroot;1;0
551f0a61f6;11;grassroot;0;1
7087698d9b;42;grassroot;0;2
bdd5094243;210;grassroot;0;1
f6dd2919eb;8;grassroot;0;6
739ac14b58;11;grassroot;0;1
3713b4afd1;2;grassroot;0;3
955da521ae;2;elite/political;1;0
d44f4801ef;2;grassroot;1;0
e038061c14;970;grassroot;0;1
5ef89c9867;7;grassroot;0;3
1057cf0bc4;7;grassroot;1;0
c6fefc610b;7;grassroot;1;0
0d59731cde;12;grassroot;0;1
e6c0bff073;1661;grassroot;0;1
108a4287b4;1661;grassroot;1;0
f3a55425fe;2;grassroot;0;1
2542c0351b;1662;grassroot;0;2
59754fa432;1662;grassroot;1;0
e582224896;1662;grassroot;1;0
9dc6860246;1663;grassroot;0;1
c677f86a16;1663;grassroot;1;0
5b6f4045f5;1664;grassroot;0;1
f138c9d53c;1664;grassroot;1;0
293fbb13bb;9;grassroot;0;1
10ea3a3217;7;grassroot;0;1
9a9654a55e;86;grassroot;0;1
d5271cf436;1665;grassroot;0;1
10f564d4e4;1665;grassroot;1;0
30a2fa86c7;613;grassroot;0;3
1da2da31ec;24;grassroot;0;2
44d58c6540;24;grassroot;1;0
ced2e76e1a;3;grassroot;0;1
7eef3a3acf;1666;grassroot;0;1
638acde587;1666;grassroot;1;0
8652800445;49;grassroot;0;1
48ada0deba;49;grassroot;0;1
e483ba0140;10;grassroot;0;1
c902925138;160;grassroot;0;1
84a1ccb6cb;160;elite/political;1;0
8edd0eadec;1;grassroot;0;1
5652c3852f;4;grassroot;0;2
3f44de3c6c;58;grassroot;0;1
44bf096abb;70;grassroot;0;1
0e13cfc889;10;grassroot;0;1
655fd1c4f7;3;grassroot;0;3
141b142aa9;99;grassroot;0;2
43ce4875d9;99;grassroot;1;0
ecdc1b7125;99;grassroot;1;0
c85069f39f;3;grassroot;0;1
a1bdf58516;2;grassroot;0;1
f695fbabaf;20;grassroot;0;1
9efbb709f6;20;grassroot;1;0
d9337e0bfc;53;grassroot;0;1
bef7557372;53;grassroot;1;0
faea6b539b;6;grassroot;0;1
3c51e2256e;52;grassroot;0;1
60da8b44fb;52;grassroot;1;0
82ab3326b6;10;grassroot;0;1
94ddf9ccb5;1;grassroot;0;1
5bde8b108b;11;grassroot;0;1
40b663ab15;43;grassroot;0;11
b1312d58f5;43;grassroot;1;0
37cdb3cd31;43;grassroot;1;0
16993207db;11;grassroot;0;2
c1f343ac3f;7;grassroot;0;1
9e5a86dce7;16;grassroot;0;2
416dd0f964;58;grassroot;0;1
74b5b7afee;2;grassroot;0;2
9c7360d4d3;12;grassroot;0;1
f7c8d87a03;6;grassroot;0;2
f6d0884e1a;214;grassroot;0;1
81dd251427;214;grassroot;1;0
0f60d68f25;95;grassroot;0;1
e4febc8aa2;95;grassroot;1;0
